3076,天津市教委,4
3077,重庆市教委,7
3078,江苏省教育厅,25
3079,贵州省教育厅,10
3080,湖南省教育厅,12
3081,河南省教育厅,23
3082,山西省教育厅,2
3083,新疆维吾尔自治区教育厅,16
3084,湖北省教育厅,11
3085,甘肃省教育厅,3
3086,山东省教育厅,26
3087,广东省教育厅,19
3088,浙江省教育厅,22
3089,西藏自治区教育厅,0
3090,四川省教育厅,27
3091,辽宁省教育厅,3
3092,青海省教育厅,4
3093,安徽省教育厅,17
3094,福建省教育厅,5
3095,江西省教育厅,10
3096,陕西省教育厅,7
3097,云南省教育厅,9
3098,上海市教委,13
3099,宁夏回族自治区教育厅,2
3100,吉林省教育厅,5
3101,黑龙江省教育厅,4
3102,广西壮族自治区教育厅,1
3103,海南省教育厅,3
3104,内蒙古自治区教育厅,2
3105,北京市教委,13
3106,河北省教育厅,13
3107,东南大学,90
3108,北京大学医学部,17
3109,中国人民大学,129
3110,清华大学,144
3111,北京交通大学,33
3112,北京工业大学,7
3113,北京航空航天大学,39
3114,北京理工大学,28
3115,北京科技大学,39
3116,北方工业大学,5
3117,北京化工大学,18
3118,北京工商大学,8
3119,北京服装学院,4
3120,北京邮电大学,28
3121,北京印刷学院,0
3122,北京建筑大学,8
3123,北京石油化工学院,3
3124,北京电子科技学院,3
3125,中国农业大学,46
3126,北京农学院,4
3127,北京林业大学,8
3128,北京协和医学院,21
3129,首都医科大学,13
3130,北京中医药大学,3
3131,北京师范大学,49
3132,首都师范大学,2
3133,首都体育学院,7
3134,北京外国语大学,27
3135,北京第二外国语学院,5
3136,北京语言大学,17
3137,中国传媒大学,16
3138,中央财经大学,16
3139,对外经济贸易大学,21
3140,北京物资学院,5
3141,首都经济贸易大学,1
3142,外交学院,1
3143,中国人民公安大学,1
3144,国际关系学院,1
3145,北京体育大学,4
3146,中央音乐学院,16
3147,中国音乐学院,0
3148,中央美术学院,4
3149,中央戏剧学院,0
3150,中国戏曲学院,6
3151,北京电影学院,2
3152,北京舞蹈学院,0
3153,中央民族大学,35
3154,中国政法大学,20
3155,华北电力大学,12
3156,中华女子学院,5
3157,北京信息科技大学,5
3158,中国矿业大学（北京）,11
3159,中国石油大学（北京）,20
3160,中国地质大学（北京）,12
3161,北京联合大学,0
3162,北京城市学院,6
3163,中国青年政治学院,0
3164,首钢工学院,1
3165,中国劳动关系学院,7
3166,北京吉利学院,0
3167,首都师范大学科德学院,2
3168,北京工商大学嘉华学院,10
3169,北京邮电大学世纪学院,0
3170,北京工业大学耿丹学院,3
3171,北京警察学院,0
3172,北京第二外国语学院中瑞酒店管理学院,8
3173,中国科学院大学,17
3174,北京工业职业技术学院,1
3175,北京信息职业技术学院,8
3176,北京电子科技职业学院,2
3177,北京京北职业技术学院,11
3178,北京交通职业技术学院,0
3179,北京青年政治学院,5
3180,北京农业职业学院,8
3181,北京政法职业学院,5
3182,北京财贸职业学院,7
3183,北京北大方正软件职业技术学院,8
3184,北京经贸职业学院,1
3185,北京经济技术职业学院,1
3186,北京戏曲艺术职业学院,0
3187,北京汇佳职业学院,2
3188,北京现代职业技术学院,0
3189,北京科技经营管理学院,0
3190,北京科技职业学院,2
3191,北京培黎职业学院,1
3192,北京经济管理职业学院,0
3193,北京劳动保障职业学院,1
3194,北京社会管理职业学院,4
3195,北京艺术传媒职业学院,2
3196,北京体育职业学院,0
3197,北京交通运输职业学院,2
3198,北京卫生职业学院,0
3199,南开大学,46
3200,天津大学,57
3201,天津科技大学,5
3202,天津工业大学,24
3203,中国民航大学,1
3204,天津理工大学,13
3205,天津农学院,6
3206,天津医科大学,10
3207,天津中医药大学,3
3208,天津师范大学,9
3209,天津职业技术师范大学,7
3210,天津外国语大学,7
3211,天津商业大学,34
3212,天津财经大学,12
3213,天津体育学院,5
3214,天津音乐学院,1
3215,天津美术学院,2
3216,天津城建大学,12
3217,天津天狮学院,7
3218,天津外国语大学滨海外事学院,2
3219,天津体育学院运动与文化艺术学院,1
3220,天津商业大学宝德学院,4
3221,天津医科大学临床医学院,0
3222,南开大学滨海学院,0
3223,天津师范大学津沽学院,0
3224,天津理工大学中环信息学院,0
3225,北京科技大学天津学院,1
3226,天津大学仁爱学院,0
3227,天津财经大学珠江学院,0
3228,天津市职业大学,0
3229,天津中德职业技术学院,0
3230,天津滨海职业学院,6
3231,天津工程职业技术学院,0
3232,天津青年职业学院,0
3233,天津渤海职业技术学院,0
3234,天津电子信息职业技术学院,0
3235,天津机电职业技术学院,2
3236,天津现代职业技术学院,0
3237,天津公安警官职业学院,0
3238,天津轻工职业技术学院,1
3239,天津商务职业学院,4
3240,天津国土资源和房屋职业学院,4
3241,天津医学高等专科学校,0
3242,天津开发区职业技术学院,1
3243,天津艺术职业学院,0
3244,天津交通职业学院,3
3245,天津冶金职业技术学院,1
3246,天津石油职业技术学院,2
3247,天津城市职业学院,0
3248,天津铁道职业技术学院,4
3249,天津工艺美术职业学院,0
3250,天津城市建设管理职业技术学院,2
3251,天津生物工程职业技术学院,0
3252,天津海运职业学院,2
3253,天津广播影视职业学院,0
3254,河北大学,42
3255,河北工程大学,15
3256,河北地质大学,4
3257,河北工业大学,21
3258,华北理工大学,3
3259,河北科技大学,14
3260,河北建筑工程学院,11
3261,河北农业大学,20
3262,河北医科大学,26
3263,河北北方学院,13
3264,承德医学院,1
3265,河北师范大学,32
3266,保定学院,2
3267,河北民族师范学院,1
3268,唐山师范学院,14
3269,廊坊师范学院,3
3270,衡水学院,1
3271,石家庄学院,17
3272,邯郸学院,4
3273,邢台学院,9
3274,沧州师范学院,4
3275,石家庄铁道大学,24
3276,燕山大学,26
3277,河北科技师范学院,11
3278,唐山学院,4
3279,华北科技学院,12
3280,中国人民武装警察部队学院,1
3281,河北体育学院,3
3282,河北金融学院,6
3283,北华航天工业学院,15
3284,防灾科技学院,43
3285,河北经贸大学,60
3286,中央司法警官学院,1
3287,河北传媒学院,0
3288,河北工程技术学院,0
3289,河北美术学院,2
3290,河北科技学院,8
3291,河北外国语学院,1
3292,河北大学工商学院,3
3293,华北理工大学轻工学院,4
3294,河北科技大学理工学院,1
3295,河北师范大学汇华学院,5
3296,河北经贸大学经济管理学院,4
3297,河北医科大学临床学院,0
3298,华北电力大学科技学院,1
3299,河北工程大学科信学院,0
3300,河北工业大学城市学院,1
3301,燕山大学里仁学院,4
3302,石家庄铁道大学四方学院,3
3303,石家庄经济学院华信学院,1
3304,河北农业大学现代科技学院,0
3305,华北理工大学冀唐学院,0
3306,中国地质大学长城学院,2
3307,燕京理工学院,3
3308,北京中医药大学东方学院,1
3309,北京交通大学海滨学院,1
3310,河北中医学院,5
3311,张家口学院,0
3312,河北工程技术高等专科学校,0
3313,河北工业职业技术学院,4
3314,邯郸职业技术学院,4
3315,石家庄职业技术学院,14
3316,张家口职业技术学院,0
3317,承德石油高等专科学校,6
3318,邢台职业技术学院,9
3319,河北软件职业技术学院,1
3320,河北石油职业技术学院,2
3321,河北建材职业技术学院,8
3322,河北政法职业学院,17
3323,沧州职业技术学院,4
3324,河北能源职业技术学院,2
3325,石家庄铁路职业技术学院,3
3326,保定职业技术学院,2
3327,秦皇岛职业技术学院,2
3328,石家庄工程职业学院,1
3329,石家庄城市经济职业学院,1
3330,唐山职业技术学院,1
3331,衡水职业技术学院,1
3332,唐山工业职业技术学院,11
3333,邢台医学高等专科学校,4
3334,河北省艺术职业学院,0
3335,河北旅游职业学院,10
3336,石家庄财经职业学院,2
3337,河北交通职业技术学院,9
3338,河北化工医药职业技术学院,2
3339,石家庄信息工程职业学院,0
3340,河北外国语职业学院,0
3341,保定电力职业技术学院,0
3342,河北机电职业技术学院,9
3343,渤海石油职业学院,1
3344,廊坊职业技术学院,7
3345,唐山科技职业技术学院,4
3346,石家庄邮电职业技术学院,8
3347,河北公安警察职业学院,0
3348,石家庄工商职业学院,2
3349,石家庄理工职业学院,2
3350,石家庄科技信息职业学院,1
3351,河北司法警官职业学院,0
3352,沧州医学高等专科学校,0
3353,河北女子职业技术学院,2
3354,石家庄医学高等专科学校,7
3355,石家庄经济职业学院,0
3356,冀中职业学院,1
3357,石家庄人民医学高等专科学校,0
3358,石家庄科技工程职业学院,1
3359,河北劳动关系职业学院,2
3360,石家庄科技职业学院,0
3361,廊坊东方职业技术学院,0
3362,泊头职业学院,0
3363,宣化科技职业学院,9
3364,廊坊燕京职业技术学院,0
3365,承德护理职业学院,4
3366,石家庄幼儿师范高等专科学校,0
3367,廊坊卫生职业学院,1
3368,河北轨道运输职业技术学院,1
3369,保定幼儿师范高等专科学校,0
3370,河北工艺美术职业学院,1
3371,渤海理工职业学院,4
3372,山西大学,19
3373,太原科技大学,14
3374,中北大学,23
3375,太原理工大学,24
3376,山西农业大学,4
3377,山西医科大学,10
3378,长治医学院,1
3379,山西师范大学,6
3380,太原师范学院,4
3381,山西大同大学,13
3382,晋中学院,4
3383,长治学院,4
3384,运城学院,3
3385,忻州师范学院,9
3386,山西财经大学,10
3387,山西中医学院,3
3388,吕梁学院,2
3389,太原学院,3
3390,山西应用科技学院,1
3391,山西大学商务学院,0
3392,太原理工大学现代科技学院,0
3393,山西农业大学信息学院,2
3394,山西师范大学现代文理学院,0
3395,中北大学信息商务学院,2
3396,太原科技大学华科学院,0
3397,山西医科大学晋祠学院,0
3398,山西财经大学华商学院,4
3399,山西工商学院,2
3400,太原工业学院,4
3401,山西传媒学院,3
3402,山西工程技术学院,8
3403,山西省财政税务专科学校,0
3404,山西警察学院,1
3405,长治职业技术学院,0
3406,山西艺术职业学院,0
3407,晋城职业技术学院,0
3408,山西建筑职业技术学院,0
3409,山西药科职业学院,2
3410,山西工程职业技术学院,0
3411,山西交通职业技术学院,6
3412,大同煤炭职业技术学院,1
3413,山西机电职业技术学院,1
3414,山西戏剧职业学院,0
3415,山西财贸职业技术学院,1
3416,山西林业职业技术学院,0
3417,山西水利职业技术学院,1
3418,阳泉职业技术学院,0
3419,临汾职业技术学院,1
3420,山西职业技术学院,4
3421,山西煤炭职业技术学院,6
3422,山西金融职业学院,1
3423,太原城市职业技术学院,1
3424,山西信息职业技术学院,0
3425,山西体育职业学院,2
3426,山西警官职业学院,4
3427,山西国际商务职业学院,2
3428,潞安职业技术学院,0
3429,太原旅游职业学院,4
3430,山西旅游职业学院,6
3431,山西管理职业学院,1
3432,山西电力职业技术学院,0
3433,忻州职业技术学院,2
3434,山西同文职业技术学院,2
3435,晋中职业技术学院,1
3436,山西华澳商贸职业学院,12
3437,山西运城农业职业技术学院,1
3438,运城幼儿师范高等专科学校,0
3439,山西老区职业技术学院,0
3440,山西经济管理干部学院,1
3441,朔州职业技术学院,0
3442,运城职业技术学院,0
3443,山西轻工职业技术学院,0
3444,晋中师范高等专科学校,3
3445,阳泉师范高等专科学校,1
3446,山西青年职业学院,0
3447,运城护理职业学院,0
3448,运城师范高等专科学校,1
3449,朔州师范高等专科学校,2
3450,吕梁职业技术学院,0
3451,内蒙古大学,13
3452,内蒙古科技大学,9
3453,内蒙古工业大学,11
3454,内蒙古农业大学,8
3455,内蒙古医科大学,2
3456,内蒙古师范大学,19
3457,内蒙古民族大学,0
3458,赤峰学院,2
3459,内蒙古财经大学,5
3460,呼伦贝尔学院,3
3461,集宁师范学院,2
3462,河套学院,1
3463,呼和浩特民族学院,1
3464,内蒙古大学创业学院,3
3465,内蒙古师范大学鸿德学院,2
3466,内蒙古艺术学院,20
3467,鄂尔多斯应用技术学院,0
3468,内蒙古建筑职业技术学院,5
3469,内蒙古丰州职业学院,2
3470,包头职业技术学院,4
3471,兴安职业技术学院,0
3472,呼和浩特职业学院,4
3473,包头轻工职业技术学院,11
3474,内蒙古电子信息职业技术学院,4
3475,内蒙古机电职业技术学院,0
3476,内蒙古化工职业学院,0
3477,内蒙古商贸职业学院,0
3478,锡林郭勒职业学院,0
3479,内蒙古警察职业学院,0
3480,内蒙古体育职业学院,1
3481,乌兰察布职业学院,4
3482,通辽职业学院,5
3483,科尔沁艺术职业学院,1
3484,内蒙古交通职业技术学院,0
3485,包头钢铁职业技术学院,2
3486,乌海职业技术学院,5
3487,内蒙古科技职业学院,7
3488,内蒙古北方职业技术学院,0
3489,赤峰职业技术学院,0
3490,内蒙古经贸外语职业学院,5
3491,包头铁道职业技术学院,0
3492,乌兰察布医学高等专科学校,3
3493,鄂尔多斯职业学院,3
3494,内蒙古工业职业学院,0
3495,呼伦贝尔职业技术学院,0
3496,满洲里俄语职业学院,0
3497,内蒙古能源职业学院,0
3498,赤峰工业职业技术学院,5
3499,阿拉善职业技术学院,1
3500,内蒙古美术职业学院,2
3501,内蒙古民族幼儿师范高等专科学校,0
3502,鄂尔多斯生态环境职业学院,0
3503,扎兰屯职业学院,2
3504,辽宁大学,10
3505,大连理工大学,8
3506,沈阳工业大学,21
3507,沈阳航空航天大学,30
3508,沈阳理工大学,15
3509,东北大学,39
3510,辽宁科技大学,4
3511,辽宁工程技术大学,29
3512,辽宁石油化工大学,21
3513,沈阳化工大学,17
3514,大连交通大学,9
3515,大连海事大学,15
3516,大连工业大学,5
3517,沈阳建筑大学,6
3518,辽宁工业大学,2
3519,沈阳农业大学,11
3520,大连海洋大学,10
3521,中国医科大学,20
3522,锦州医科大学,22
3523,大连医科大学,11
3524,辽宁中医药大学,8
3525,沈阳药科大学,9
3526,沈阳医学院,2
3527,辽宁师范大学,23
3528,沈阳师范大学,17
3529,渤海大学,14
3530,鞍山师范学院,10
3531,大连外国语大学,8
3532,东北财经大学,35
3533,中国刑事警察学院,2
3534,沈阳体育学院,3
3535,沈阳音乐学院,1
3536,鲁迅美术学院,1
3537,辽宁对外经贸学院,6
3538,沈阳大学,9
3539,大连大学,30
3540,辽宁科技学院,6
3541,辽宁警察学院,1
3542,沈阳工程学院,7
3543,辽东学院,4
3544,大连民族大学,10
3545,大连理工大学城市学院,3
3546,沈阳工业大学工程学院,0
3547,沈阳航空航天大学北方科技学院,0
3548,沈阳工学院,12
3549,大连工业大学艺术与信息工程学院,0
3550,大连科技学院,8
3551,沈阳城市建设学院,0
3552,中国医科大学临床医药学院,0
3553,大连医科大学中山学院,5
3554,辽宁医学院医疗学院,3
3555,辽宁师范大学海华学院,2
3556,辽宁理工学院,3
3557,大连财经学院,7
3558,沈阳城市学院,2
3559,辽宁科技大学信息技术学院,0
3560,辽宁石油化工大学顺华能源学院,0
3561,大连艺术学院,4
3562,辽宁中医药大学杏林学院,0
3563,辽宁何氏医学院,9
3564,沈阳化工大学科亚学院,0
3565,大连东软信息学院,10
3566,辽宁财贸学院,0
3567,辽宁传媒学院,0
3568,营口理工学院,3
3569,朝阳师范高等专科学校,2
3570,抚顺师范高等专科学校,2
3571,锦州师范高等专科学校,5
3572,营口职业技术学院,5
3573,铁岭师范高等专科学校,3
3574,大连职业技术学院,17
3575,辽宁农业职业技术学院,6
3576,抚顺职业技术学院,7
3577,辽阳职业技术学院,0
3578,阜新高等专科学校,0
3579,辽宁省交通高等专科学校,5
3580,辽宁税务高等专科学校,1
3581,盘锦职业技术学院,2
3582,沈阳航空职业技术学院,1
3583,辽宁体育运动职业技术学院,0
3584,辽宁职业学院,3
3585,辽宁林业职业技术学院,0
3586,沈阳职业技术学院,1
3587,辽宁理工职业学院,2
3588,大连商务职业学院,1
3589,辽宁金融职业学院,1
3590,辽宁轨道交通职业学院,1
3591,辽宁广告职业学院,1
3592,辽宁机电职业技术学院,3
3593,辽宁经济职业技术学院,7
3594,辽宁石化职业技术学院,7
3595,渤海船舶职业学院,5
3596,大连软件职业学院,7
3597,大连翻译职业学院,0
3598,辽宁商贸职业学院,1
3599,大连枫叶职业技术学院,4
3600,辽宁装备制造职业技术学院,3
3601,辽河石油职业技术学院,0
3602,辽宁地质工程职业学院,3
3603,辽宁铁道职业技术学院,0
3604,辽宁建筑职业学院,5
3605,大连航运职业技术学院,6
3606,大连装备制造职业技术学院,0
3607,大连汽车职业技术学院,0
3608,辽宁现代服务职业技术学院,3
3609,辽宁冶金职业技术学院,1
3610,辽宁工程职业学院,3
3611,辽宁城市建设职业技术学院,8
3612,辽宁医药职业学院,0
3613,铁岭卫生职业学院,0
3614,沈阳北软信息职业技术学院,4
3615,辽宁政法职业学院,1
3616,辽宁民族师范高等专科学校,0
3617,辽宁轻工职业学院,0
3618,辽宁水利职业学院,0
3619,辽宁特殊教育师范高等专科学校,0
3620,吉林大学,25
3621,延边大学,9
3622,长春理工大学,18
3623,东北电力大学,11
3624,长春工业大学,23
3625,吉林建筑大学,21
3626,吉林化工学院,11
3627,吉林农业大学,38
3628,长春中医药大学,4
3629,东北师范大学,46
3630,北华大学,18
3631,通化师范学院,12
3632,吉林师范大学,11
3633,吉林工程技术师范学院,1
3634,长春师范大学,10
3635,白城师范学院,1
3636,吉林财经大学,19
3637,吉林体育学院,4
3638,吉林艺术学院,21
3639,吉林华桥外国语学院,6
3640,吉林工商学院,5
3641,长春工程学院,6
3642,吉林农业科技学院,6
3643,吉林警察学院,2
3644,长春大学,7
3645,长春光华学院,4
3646,长春工业大学人文信息学院,0
3647,长春理工大学光电信息学院,3
3648,长春财经学院,0
3649,吉林建筑大学城建学院,4
3650,长春建筑学院,1
3651,长春科技学院,5
3652,吉林动画学院,3
3653,吉林师范大学博达学院,3
3654,长春大学旅游学院,1
3655,东北师范大学人文学院,23
3656,吉林医药学院,2
3657,辽源职业技术学院,3
3658,四平职业大学,0
3659,长春汽车工业高等专科学校,4
3660,长春金融高等专科学校,8
3661,长春医学高等专科学校,12
3662,吉林交通职业技术学院,0
3663,长春东方职业学院,1
3664,吉林司法警官职业学院,1
3665,吉林电子信息职业技术学院,10
3666,吉林工业职业技术学院,2
3667,吉林工程职业学院,2
3668,长春职业技术学院,2
3669,白城医学高等专科学校,1
3670,长春信息技术职业学院,3
3671,松原职业技术学院,0
3672,吉林铁道职业技术学院,4
3673,白城职业技术学院,0
3674,长白山职业技术学院,1
3675,吉林科技职业技术学院,3
3676,延边职业技术学院,1
3677,吉林城市职业技术学院,1
3678,黑龙江大学,6
3679,哈尔滨工业大学,16
3680,哈尔滨理工大学,12
3681,哈尔滨工程大学,12
3682,黑龙江科技大学,2
3683,东北石油大学,9
3684,佳木斯大学,1
3685,黑龙江八一农垦大学,6
3686,东北农业大学,13
3687,东北林业大学,30
3688,哈尔滨医科大学,19
3689,黑龙江中医药大学,4
3690,牡丹江医学院,0
3691,哈尔滨师范大学,16
3692,齐齐哈尔大学,2
3693,牡丹江师范学院,4
3694,哈尔滨学院,5
3695,大庆师范学院,1
3696,绥化学院,5
3697,哈尔滨商业大学,7
3698,哈尔滨体育学院,1
3699,哈尔滨金融学院,1
3700,齐齐哈尔医学院,1
3701,黑龙江工业学院,2
3702,黑龙江东方学院,2
3703,哈尔滨信息工程学院,0
3704,黑龙江工程学院,3
3705,齐齐哈尔工程学院,0
3706,黑龙江外国语学院,3
3707,黑龙江财经学院,1
3708,哈尔滨石油学院,0
3709,黑龙江工商学院,0
3710,哈尔滨远东理工学院,3
3711,哈尔滨剑桥学院,2
3712,黑龙江工程学院昆仑旅游学院,0
3713,哈尔滨广厦学院,1
3714,哈尔滨华德学院,1
3715,黑河学院,6
3716,齐齐哈尔高等师范专科学校,0
3717,伊春职业学院,2
3718,牡丹江大学,4
3719,黑龙江职业学院,4
3720,黑龙江建筑职业技术学院,16
3721,黑龙江艺术职业学院,3
3722,大庆职业学院,3
3723,黑龙江林业职业技术学院,0
3724,黑龙江农业职业技术学院,6
3725,黑龙江农业工程职业学院,1
3726,黑龙江农垦职业学院,7
3727,黑龙江司法警官职业学院,0
3728,鹤岗师范高等专科学校,5
3729,哈尔滨电力职业技术学院,0
3730,哈尔滨铁道职业技术学院,0
3731,大兴安岭职业学院,1
3732,黑龙江农业经济职业学院,2
3733,哈尔滨职业技术学院,11
3734,哈尔滨传媒职业学院,0
3735,黑龙江生物科技职业学院,2
3736,黑龙江商业职业学院,0
3737,黑龙江公安警官职业学院,1
3738,黑龙江信息技术职业学院,0
3739,哈尔滨江南职业技术学院,0
3740,黑龙江农垦科技职业学院,1
3741,黑龙江旅游职业技术学院,6
3742,黑龙江三江美术职业学院,0
3743,黑龙江生态工程职业学院,1
3744,黑龙江煤炭职业技术学院,0
3745,七台河职业学院,3
3746,黑龙江民族职业学院,2
3747,大庆医学高等专科学校,0
3748,黑龙江交通职业技术学院,0
3749,哈尔滨应用职业技术学院,1
3750,黑龙江幼儿师范高等专科学校,3
3751,哈尔滨科学技术职业学院,4
3752,黑龙江粮食职业学院,5
3753,佳木斯职业学院,0
3754,黑龙江护理高等专科学校,0
3755,哈尔滨工程技术职业学院,0
3756,齐齐哈尔理工职业学院,4
3757,哈尔滨幼儿师范高等专科学校,0
3758,黑龙江冰雪体育职业学院,0
3759,复旦大学,81
3760,同济大学,28
3761,上海交通大学,234
3762,华东理工大学,28
3763,上海理工大学,36
3764,上海海事大学,26
3765,东华大学,10
3766,上海电力学院,12
3767,上海应用技术大学,13
3768,上海健康医学院,2
3769,上海海洋大学,24
3770,上海中医药大学,19
3771,华东师范大学,65
3772,上海师范大学,3
3773,上海外国语大学,18
3774,上海财经大学,20
3775,上海对外经贸大学,3
3776,上海海关学院,14
3777,华东政法大学,24
3778,上海体育学院,3
3779,上海音乐学院,1
3780,上海戏剧学院,13
3781,上海大学,52
3782,上海工程技术大学,8
3783,上海立信会计学院,2
3784,上海电机学院,27
3785,上海金融学院,7
3786,上海杉达学院,11
3787,上海政法学院,10
3788,上海第二工业大学,9
3789,上海商学院,12
3790,上海建桥学院,13
3791,上海兴伟学院,1
3792,上海视觉艺术学院,4
3793,上海外国语大学贤达经济人文学院,7
3794,上海师范大学天华学院,3
3795,上海科技大学,9
3796,上海纽约大学,1
3797,上海师范大学旅游学院,0
3798,上海公安高等专科学校,0
3799,上海东海职业技术学院,16
3800,上海工商职业技术学院,19
3801,上海出版印刷高等专科学校,6
3802,上海行健职业学院,3
3803,上海城市管理职业技术学院,1
3804,上海交通职业技术学院,2
3805,上海海事职业技术学院,4
3806,上海电子信息职业技术学院,6
3807,上海震旦职业学院,2
3808,上海民远职业技术学院,1
3809,上海欧华职业技术学院,0
3810,上海思博职业技术学院,4
3811,上海立达职业技术学院,6
3812,上海工艺美术职业学院,4
3813,上海济光职业技术学院,6
3814,上海工商外国语职业学院,17
3815,上海科学技术职业学院,0
3816,上海农林职业技术学院,3
3817,上海邦德职业技术学院,2
3818,上海中侨职业技术学院,3
3819,上海建峰职业技术学院,0
3820,上海电影艺术职业学院,1
3821,上海中华职业技术学院,0
3822,上海工会管理职业学院,2
3823,上海体育职业学院,0
3824,上海健康职业技术学院,0
3825,上海民航职业技术学院,1
3826,南京大学,77
3827,苏州大学,26
3828,南京航空航天大学,55
3829,南京理工大学,40
3830,江苏科技大学,16
3831,中国矿业大学,44
3832,南京工业大学,37
3833,常州大学,14
3834,南京邮电大学,19
3835,河海大学,34
3836,江南大学,10
3837,南京林业大学,39
3838,江苏大学,28
3839,南京信息工程大学,47
3840,南通大学,40
3841,盐城工学院,6
3842,南京农业大学,18
3843,南京医科大学,26
3844,徐州医科大学,10
3845,南京中医药大学,20
3846,中国药科大学,4
3847,南京师范大学,62
3848,江苏师范大学,11
3849,淮阴师范学院,22
3850,盐城师范学院,12
3851,南京财经大学,30
3852,江苏警官学院,8
3853,南京体育学院,2
3854,南京艺术学院,16
3855,苏州科技大学,30
3856,常熟理工学院,25
3857,淮阴工学院,25
3858,常州工学院,4
3859,扬州大学,44
3860,三江学院,12
3861,南京工程学院,25
3862,南京审计大学,11
3863,南京晓庄学院,19
3864,江苏理工学院,16
3865,淮海工学院,50
3866,徐州工程学院,24
3867,南京特殊教育师范学院,3
3868,南通理工学院,1
3869,南京森林警察学院,2
3870,东南大学成贤学院,12
3871,泰州学院,3
3872,无锡太湖学院,5
3873,金陵科技学院,33
3874,中国矿业大学徐海学院,0
3875,南京大学金陵学院,3
3876,南京理工大学紫金学院,0
3877,南京航空航天大学金城学院,3
3878,中国传媒大学南广学院,3
3879,南京理工大学泰州科技学院,0
3880,南京师范大学泰州学院,4
3881,南京工业大学浦江学院,1
3882,南京师范大学中北学院,0
3883,南京医科大学康达学院,1
3884,南京中医药大学翰林学院,3
3885,南京信息工程大学滨江学院,6
3886,苏州大学文正学院,2
3887,苏州大学应用技术学院,1
3888,苏州科技大学天平学院,0
3889,江苏大学京江学院,2
3890,扬州大学广陵学院,1
3891,江苏师范大学科文学院,0
3892,南京邮电大学通达学院,1
3893,南京财经大学红山学院,0
3894,江苏科技大学苏州理工学院,0
3895,常州大学怀德学院,2
3896,南通大学杏林学院,0
3897,南京审计大学金审学院,0
3898,宿迁学院,5
3899,江苏第二师范学院,2
3900,西交利物浦大学,9
3901,昆山杜克大学,1
3902,民办明达职业技术学院,0
3903,无锡职业技术学院,6
3904,江苏建筑职业技术学院,8
3905,南京工业职业技术学院,15
3906,江苏工程职业技术学院,15
3907,苏州工艺美术职业技术学院,4
3908,连云港职业技术学院,3
3909,镇江市高等专科学校,5
3910,南通职业大学,5
3911,苏州市职业大学,2
3912,沙洲职业工学院,1
3913,扬州职业大学,1
3914,连云港师范高等专科学校,13
3915,江苏经贸职业技术学院,5
3916,九州职业技术学院,4
3917,硅湖职业技术学院,2
3918,泰州职业技术学院,16
3919,常州信息职业技术学院,16
3920,江苏联合职业技术学院,4
3921,江苏海事职业技术学院,9
3922,应天职业技术学院,0
3923,无锡科技职业学院,1
3924,盐城卫生职业技术学院,1
3925,扬州环境资源职业技术学院,0
3926,南通科技职业学院,2
3927,苏州经贸职业技术学院,2
3928,苏州工业职业技术学院,3
3929,苏州托普信息职业技术学院,6
3930,苏州卫生职业技术学院,1
3931,无锡商业职业技术学院,2
3932,南通航运职业技术学院,9
3933,南京交通职业技术学院,4
3934,淮安信息职业技术学院,6
3935,江苏农牧科技职业学院,6
3936,常州纺织服装职业技术学院,12
3937,苏州农业职业技术学院,0
3938,苏州工业园区职业技术学院,0
3939,太湖创意职业技术学院,1
3940,炎黄职业技术学院,2
3941,南京科技职业学院,6
3942,正德职业技术学院,0
3943,钟山职业技术学院,2
3944,无锡南洋职业技术学院,0
3945,江南影视艺术职业学院,0
3946,金肯职业技术学院,11
3947,常州轻工职业技术学院,8
3948,常州工程职业技术学院,15
3949,江苏农林职业技术学院,9
3950,江苏食品药品职业技术学院,5
3951,建东职业技术学院,0
3952,南京铁道职业技术学院,7
3953,徐州工业职业技术学院,8
3954,江苏信息职业技术学院,3
3955,宿迁职业技术学院,0
3956,南京信息职业技术学院,1
3957,江海职业技术学院,4
3958,常州机电职业技术学院,3
3959,江阴职业技术学院,9
3960,无锡城市职业技术学院,3
3961,无锡工艺职业技术学院,0
3962,金山职业技术学院,0
3963,苏州健雄职业技术学院,6
3964,盐城工业职业技术学院,5
3965,江苏财经职业技术学院,1
3966,扬州工业职业技术学院,10
3967,苏州港大思培科技职业学院,0
3968,昆山登云科技职业学院,7
3969,南京视觉艺术职业学院,1
3970,江苏城市职业学院,5
3971,南京城市职业学院,6
3972,南京机电职业技术学院,3
3973,苏州高博软件技术职业学院,6
3974,南京旅游职业学院,7
3975,江苏建康职业学院,0
3976,苏州信息职业技术学院,5
3977,宿迁泽达职业技术学院,0
3978,苏州工业园区服务外包职业学院,2
3979,徐州幼儿师范高等专科学校,18
3980,徐州生物工程职业技术学院,1
3981,江苏商贸职业学院,2
3982,南通师范高等专科学校,1
3983,扬州中瑞酒店职业学院,0
3984,江苏护理职业学院,0
3985,江苏财会职业学院,0
3986,江苏城乡建设职业学院,1
3987,浙江大学,78
3988,杭州电子科技大学,26
3989,浙江工业大学,9
3990,浙江理工大学,10
3991,浙江海洋大学,1
3992,浙江农林大学,9
3993,温州医科大学,17
3994,浙江中医药大学,9
3995,浙江师范大学,15
3996,杭州师范大学,14
3997,湖州师范学院,16
3998,绍兴文理学院,7
3999,台州学院,10
4000,温州大学,10
4001,丽水学院,1
4002,浙江工商大学,28
4003,嘉兴学院,5
4004,中国美术学院,19
4005,中国计量大学,25
4006,公安海警学院,0
4007,浙江万里学院,10
4008,浙江科技学院,5
4009,宁波工程学院,3
4010,浙江水利水电学院,6
4011,浙江财经大学,18
4012,浙江警察学院,7
4013,衢州学院,6
4014,宁波大学,5
4015,浙江传媒学院,8
4016,浙江树人学院,14
4017,浙江越秀外国语学院,1
4018,宁波大红鹰学院,1
4019,浙江大学城市学院,8
4020,浙江大学宁波理工学院,4
4021,浙江工业大学之江学院,0
4022,浙江师范大学行知学院,0
4023,宁波大学科学技术学院,0
4024,杭州电子科技大学信息工程学院,3
4025,浙江理工大学科技与艺术学院,0
4026,浙江海洋学院东海科学技术学院,0
4027,浙江农林大学暨阳学院,8
4028,温州医科大学仁济学院,1
4029,浙江中医药大学滨江学院,0
4030,杭州师范大学钱江学院,1
4031,湖州师范学院求真学院,1
4032,绍兴文理学院元培学院,6
4033,温州大学瓯江学院,4
4034,浙江工商大学杭州商学院,4
4035,嘉兴学院南湖学院,0
4036,中国计量学院现代科技学院,0
4037,浙江财经大学东方学院,9
4038,温州商学院,3
4039,同济大学浙江学院,3
4040,上海财经大学浙江学院,6
4041,浙江外国语学院,14
4042,宁波诺丁汉大学,1
4043,温州肯恩大学,0
4044,宁波职业技术学院,5
4045,温州职业技术学院,5
4046,浙江交通职业技术学院,4
4047,金华职业技术学院,3
4048,宁波城市职业技术学院,3
4049,浙江电力职业技术学院,0
4050,浙江同济科技职业学院,10
4051,浙江工商职业技术学院,4
4052,台州职业技术学院,8
4053,浙江工贸职业技术学院,2
4054,浙江医药高等专科学校,3
4055,浙江机电职业技术学院,11
4056,浙江建设职业技术学院,9
4057,浙江艺术职业学院,10
4058,浙江经贸职业技术学院,3
4059,浙江商业职业技术学院,11
4060,浙江经济职业技术学院,4
4061,浙江旅游职业学院,6
4062,浙江育英职业技术学院,2
4063,浙江警官职业学院,1
4064,浙江金融职业学院,5
4065,浙江工业职业技术学院,3
4066,杭州职业技术学院,2
4067,嘉兴职业技术学院,1
4068,湖州职业技术学院,3
4069,绍兴职业技术学院,1
4070,衢州职业技术学院,3
4071,丽水职业技术学院,3
4072,浙江东方职业技术学院,1
4073,义乌工商职业技术学院,12
4074,杭州医学院,0
4075,浙江纺织服装职业技术学院,5
4076,杭州科技职业技术学院,3
4077,浙江长征职业技术学院,7
4078,嘉兴南洋职业技术学院,2
4079,浙江广厦建设职业技术学院,2
4080,杭州万向职业技术学院,3
4081,浙江邮电职业技术学院,2
4082,宁波卫生职业技术学院,0
4083,台州科技职业学院,1
4084,浙江国际海运职业技术学院,3
4085,浙江体育职业技术学院,2
4086,温州科技职业学院,3
4087,浙江汽车职业技术学院,0
4088,浙江横店影视职业学院,2
4089,浙江农业商贸职业学院,3
4090,浙江特殊教育职业学院,1
4091,浙江舟山群岛新区旅游与健康职业学院,1
4092,安徽大学,92
4093,中国科学技术大学,72
4094,合肥工业大学,99
4095,安徽工业大学,19
4096,安徽理工大学,6
4097,安徽工程大学,3
4098,安徽农业大学,9
4099,安徽医科大学,15
4100,蚌埠医学院,42
4101,皖南医学院,7
4102,安徽中医药大学,8
4103,安徽师范大学,39
4104,阜阳师范学院,7
4105,安庆师范大学,12
4106,淮北师范大学,12
4107,黄山学院,13
4108,皖西学院,3
4109,滁州学院,3
4110,安徽财经大学,10
4111,宿州学院,9
4112,巢湖学院,5
4113,淮南师范学院,7
4114,铜陵学院,3
4115,安徽建筑大学,6
4116,安徽科技学院,8
4117,安徽三联学院,2
4118,合肥学院,1
4119,蚌埠学院,3
4120,池州学院,9
4121,安徽新华学院,1
4122,安徽文达信息工程学院,1
4123,安徽外国语学院,2
4124,安徽财经大学商学院,0
4125,安徽大学江淮学院,5
4126,安徽工程大学机电学院,0
4127,安徽工业大学工商学院,0
4128,安徽建筑大学城市建设学院,0
4129,安徽农业大学经济技术学院,1
4130,安徽师范大学皖江学院,1
4131,安徽医科大学临床医学院,3
4132,阜阳师范学院信息工程学院,4
4133,淮北师范大学信息学院,0
4134,合肥师范学院,4
4135,河海大学文天学院,2
4136,安徽职业技术学院,3
4137,淮北职业技术学院,1
4138,芜湖职业技术学院,1
4139,淮南联合大学,3
4140,安徽商贸职业技术学院,4
4141,安徽水利水电职业技术学院,2
4142,阜阳职业技术学院,7
4143,铜陵职业技术学院,0
4144,民办万博科技职业学院,0
4145,安徽警官职业学院,2
4146,淮南职业技术学院,5
4147,安徽工业经济职业技术学院,9
4148,合肥通用职业技术学院,0
4149,安徽工贸职业技术学院,0
4150,宿州职业技术学院,0
4151,六安职业技术学院,5
4152,安徽电子信息职业技术学院,3
4153,民办合肥经济技术职业学院,0
4154,安徽交通职业技术学院,1
4155,安徽体育运动职业技术学院,2
4156,安徽中医药高等专科学校,2
4157,安徽医学高等专科学校,4
4158,亳州学院,5
4159,合肥职业技术学院,3
4160,滁州职业技术学院,1
4161,池州职业技术学院,8
4162,宣城职业技术学院,5
4163,安徽广播影视职业技术学院,1
4164,民办合肥滨湖职业技术学院,0
4165,安徽电气工程职业技术学院,2
4166,安徽冶金科技职业学院,4
4167,安徽城市管理职业学院,1
4168,安徽机电职业技术学院,1
4169,安徽工商职业学院,1
4170,安徽中澳科技职业学院,0
4171,阜阳科技职业学院,3
4172,亳州职业技术学院,3
4173,安徽国防科技职业学院,1
4174,安庆职业技术学院,0
4175,安徽艺术职业学院,0
4176,马鞍山师范高等专科学校,4
4177,安徽财贸职业学院,2
4178,安徽国际商务职业学院,0
4179,安徽公安职业学院,0
4180,安徽林业职业技术学院,0
4181,安徽审计职业学院,8
4182,安徽新闻出版职业技术学院,1
4183,安徽邮电职业技术学院,4
4184,安徽工业职业技术学院,2
4185,民办合肥财经职业学院,4
4186,安庆医药高等专科学校,3
4187,安徽涉外经济职业学院,0
4188,安徽绿海商务职业学院,7
4189,合肥共达职业技术学院,0
4190,蚌埠经济技术职业学院,0
4191,民办安徽旅游职业学院,0
4192,徽商职业学院,3
4193,马鞍山职业技术学院,2
4194,安徽现代信息工程职业学院,0
4195,安徽矿业职业技术学院,3
4196,合肥信息技术职业学院,0
4197,桐城师范高等专科学校,5
4198,黄山职业技术学院,1
4199,滁州城市职业学院,0
4200,安徽汽车职业技术学院,1
4201,皖西卫生职业学院,0
4202,合肥幼儿师范高等专科学校,4
4203,安徽长江职业学院,0
4204,安徽扬子职业技术学院,3
4205,安徽黄梅戏艺术职业学院,0
4206,安徽粮食工程职业学院,0
4207,安徽人口职业学院,0
4208,合肥科技职业学院,0
4209,皖北卫生职业学院,0
4210,阜阳幼儿师范高等专科学校,1
4211,厦门大学,114
4212,华侨大学,4
4213,福州大学,20
4214,福建工程学院,5
4215,福建农林大学,13
4216,集美大学,15
4217,福建医科大学,1
4218,福建中医药大学,3
4219,福建师范大学,6
4220,闽江学院,7
4221,武夷学院,4
4222,宁德师范学院,4
4223,泉州师范学院,2
4225,厦门理工学院,4
4226,三明学院,13
4227,龙岩学院,5
4228,福建警察学院,1
4229,莆田学院,2
4230,仰恩大学,4
4231,厦门华厦学院,3
4232,闽南理工学院,2
4233,福建师范大学闽南科技学院,3
4234,福建农林大学东方学院,3
4235,厦门工学院,5
4236,阳光学院,0
4237,厦门大学嘉庚学院,3
4238,福州大学至诚学院,4
4239,集美大学诚毅学院,2
4240,福建师范大学协和学院,0
4241,福州外语外贸学院,0
4242,福建江夏学院,0
4243,泉州信息工程学院,2
4244,福州理工学院,1
4245,福建农林大学金山学院,1
4246,福建船政交通职业学院,0
4247,福建商业高等专科学校,1
4248,漳州职业技术学院,1
4249,闽西职业技术学院,2
4250,黎明职业大学,3
4251,福建华南女子职业学院,0
4252,福州职业技术学院,2
4253,福建林业职业技术学院,2
4254,福建信息职业技术学院,1
4255,福建水利电力职业技术学院,2
4256,福建电力职业技术学院,0
4257,厦门海洋职业技术学院,6
4258,福建农业职业技术学院,1
4259,厦门医学高等专科学校,0
4260,福建卫生职业技术学院,0
4261,泉州医学高等专科学校,0
4262,福州英华职业学院,0
4263,泉州纺织服装职业学院,0
4264,泉州华光职业学院,0
4265,泉州理工职业学院,27
4266,福建警官职业学院,0
4267,闽北职业技术学院,0
4268,福州黎明职业技术学院,0
4269,厦门演艺职业学院,1
4270,厦门华天涉外职业技术学院,9
4271,福州科技职业技术学院,0
4272,泉州经贸职业技术学院,3
4273,福建对外经济贸易职业技术学院,2
4274,湄洲湾职业技术学院,1
4275,福建生物工程职业技术学院,0
4276,福建艺术职业学院,0
4277,福建幼儿师范高等专科学校,3
4278,厦门城市职业学院,3
4279,泉州工艺美术职业学院,0
4280,三明职业技术学院,4
4281,宁德职业技术学院,3
4282,福州软件职业技术学院,1
4283,厦门兴才职业技术学院,5
4284,厦门软件职业技术学院,1
4285,福建体育职业技术学院,0
4286,漳州城市职业学院,0
4287,厦门南洋职业学院,3
4288,厦门东海职业技术学院,0
4289,漳州科技职业学院,5
4290,漳州理工职业学院,0
4291,武夷山职业学院,0
4292,漳州卫生职业学院,2
4293,泉州海洋职业学院,0
4294,泉州轻工职业学院,1
4295,厦门安防科技职业学院,0
4296,泉州幼儿师范高等专科学校,0
4297,闽江师范高等专科学校,0
4298,泉州工程职业技术学院,1
4299,南昌大学,89
4300,华东交通大学,17
4301,东华理工大学,9
4302,南昌航空大学,6
4303,江西理工大学,11
4304,景德镇陶瓷大学,27
4305,江西农业大学,16
4306,江西中医药大学,4
4307,赣南医学院,5
4308,江西师范大学,23
4309,上饶师范学院,8
4310,宜春学院,9
4311,赣南师范大学,18
4312,井冈山大学,15
4313,江西财经大学,27
4314,江西科技学院,6
4315,景德镇学院,4
4316,萍乡学院,2
4317,江西科技师范大学,12
4318,南昌工程学院,14
4319,江西警察学院,2
4320,新余学院,9
4321,九江学院,25
4322,江西工程学院,2
4323,南昌理工学院,8
4324,江西应用科技学院,2
4325,江西服装学院,6
4326,南昌工学院,3
4327,南昌大学科学技术学院,4
4328,南昌大学共青学院,2
4329,华东交通大学理工学院,2
4330,东华理工大学长江学院,1
4331,南昌航空大学科技学院,1
4332,江西理工大学应用科学学院,0
4333,景德镇陶瓷大学科技艺术学院,0
4334,江西农业大学南昌商学院,7
4335,江西中医药大学科技学院,4
4336,江西师范大学科学技术学院,3
4337,赣南师范大学科技学院,1
4338,江西科技师范大学理工学院,0
4339,江西财经大学现代经济管理学院,1
4340,南昌师范学院,13
4341,江西工业职业技术学院,2
4342,江西医学高等专科学校,1
4343,九江职业大学,3
4344,九江职业技术学院,0
4345,江西司法警官职业学院,0
4346,江西陶瓷工艺美术职业技术学院,2
4347,江西旅游商贸职业学院,4
4348,江西电力职业技术学院,0
4349,江西环境工程职业学院,2
4350,江西艺术职业学院,0
4351,鹰潭职业技术学院,0
4352,江西信息应用职业技术学院,12
4353,江西交通职业技术学院,9
4354,江西财经职业学院,9
4355,江西应用技术职业学院,3
4356,江西现代职业技术学院,4
4357,江西工业工程职业技术学院,9
4358,江西机电职业技术学院,2
4359,江西科技职业学院,2
4360,南昌职业学院,4
4361,江西外语外贸职业学院,7
4362,江西工业贸易职业技术学院,1
4363,宜春职业技术学院,12
4364,江西应用工程职业学院,29
4365,江西生物科技职业学院,0
4366,江西建设职业技术学院,5
4367,抚州职业技术学院,0
4368,南昌师范高等专科学校,5
4369,江西中医药高等专科学校,3
4370,江西先锋软件职业技术学院,1
4371,江西经济管理职业学院,1
4372,江西制造职业技术学院,0
4373,江西工程职业学院,0
4374,江西青年职业学院,2
4375,上饶职业技术学院,0
4376,江西航空职业技术学院,1
4377,江西农业工程职业学院,2
4378,赣西科技职业学院,1
4379,江西卫生职业学院,1
4380,江西新能源科技职业学院,2
4381,江西枫林涉外经贸职业学院,1
4382,江西泰豪动漫职业学院,10
4383,江西冶金职业技术学院,2
4384,江西管理职业学院,0
4385,江西传媒职业学院,0
4386,江西工商职业技术学院,1
4387,景德镇陶瓷职业技术学院,2
4388,共青科技职业学院,3
4389,赣州师范高等专科学校,1
4390,江西水利职业学院,1
4391,宜春幼儿师范高等专科学校,1
4392,吉安职业技术学院,4
4393,江西洪州职业学院,0
4394,江西师范高等专科学校,0
4395,南昌影视传播职业学院,0
4396,山东大学,166
4397,中国海洋大学,27
4398,中国石油大学（华东）,28
4399,山东科技大学,18
4400,青岛科技大学,10
4401,济南大学,19
4402,烟台大学文经学院,3
4403,聊城大学东昌学院,6
4404,青岛理工大学琴岛学院,7
4405,山东师范大学历山学院,0
4406,山东财经大学燕山学院,0
4407,中国石油大学胜利学院,0
4408,山东科技大学泰山科技学院,0
4409,青岛农业大学海都学院,0
4410,山东财经大学东方学院,0
4411,济南大学泉城学院,1
4412,北京电影学院现代创意媒体学院,1
4413,青岛理工大学,17
4414,山东建筑大学,14
4415,齐鲁工业大学,9
4416,山东理工大学,27
4417,山东农业大学,5
4418,青岛农业大学,4
4419,潍坊医学院,3
4420,泰山医学院,5
4421,滨州医学院,11
4422,山东中医药大学,9
4423,济宁医学院,8
4424,山东师范大学,42
4425,曲阜师范大学,17
4426,聊城大学,21
4427,德州学院,10
4428,滨州学院,1
4429,鲁东大学,21
4430,临沂大学,15
4431,泰山学院,8
4432,济宁学院,8
4433,菏泽学院,6
4434,山东财经大学,14
4435,山东体育学院,1
4436,山东艺术学院,3
4437,齐鲁医药学院,2
4438,青岛滨海学院,1
4439,枣庄学院,11
4440,山东工艺美术学院,1
4441,青岛大学,5
4442,烟台大学,28
4443,潍坊学院,11
4444,山东警察学院,0
4445,山东交通学院,7
4446,山东工商学院,9
4447,山东女子学院,7
4448,烟台南山学院,4
4449,潍坊科技学院,5
4450,山东英才学院,4
4451,青岛恒星科技学院,14
4452,青岛黄海学院,2
4453,山东现代学院,2
4454,山东协和学院,4
4455,山东华宇工学院,1
4456,青岛工学院,4
4457,齐鲁理工学院,0
4458,山东政法学院,1
4459,齐鲁师范学院,3
4460,山东青年政治学院,3
4461,山东管理学院,3
4462,山东农业工程学院,4
4463,山东医学高等专科学校,7
4464,菏泽医学专科学校,3
4465,山东商业职业技术学院,16
4466,山东电力高等专科学校,0
4467,日照职业技术学院,22
4468,曲阜远东职业技术学院,1
4469,青岛职业技术学院,0
4470,威海职业学院,0
4471,山东职业学院,19
4472,山东劳动职业技术学院,0
4473,莱芜职业技术学院,10
4474,济宁职业技术学院,2
4475,潍坊职业学院,2
4476,烟台职业学院,4
4477,东营职业学院,8
4478,聊城职业技术学院,13
4479,滨州职业学院,1
4480,山东科技职业学院,0
4481,山东服装职业学院,0
4482,德州科技职业学院,1
4483,山东力明科技职业学院,4
4484,山东圣翰财贸职业学院,2
4485,山东水利职业学院,3
4486,山东畜牧兽医职业学院,0
4487,青岛飞洋职业技术学院,0
4488,东营科技职业学院,1
4489,山东交通职业学院,12
4490,淄博职业学院,7
4491,山东外贸职业学院,9
4492,青岛酒店管理职业技术学院,1
4493,山东信息职业技术学院,0
4494,青岛港湾职业技术学院,13
4495,山东胜利职业学院,0
4496,山东经贸职业学院,0
4497,山东工业职业学院,1
4498,山东化工职业学院,0
4499,青岛求实职业技术学院,1
4500,济南职业学院,18
4501,烟台工程职业技术学院,4
4502,山东凯文科技职业学院,4
4503,山东外国语职业学院,1
4504,潍坊工商职业学院,2
4505,德州职业技术学院,1
4506,枣庄科技职业学院,0
4507,淄博师范高等专科学校,1
4508,山东中医药高等专科学校,3
4509,济南工程职业技术学院,1
4510,山东电子职业技术学院,0
4511,山东旅游职业学院,1
4512,山东铝业职业学院,1
4513,山东杏林科技职业学院,0
4514,泰山职业技术学院,0
4515,山东外事翻译职业学院,0
4516,山东药品食品职业学院,0
4517,山东商务职业学院,4
4518,山东轻工职业学院,2
4519,山东城市建设职业学院,4
4520,烟台汽车工程职业学院,6
4521,山东司法警官职业学院,0
4522,菏泽家政职业学院,1
4523,山东传媒职业学院,2
4524,临沂职业学院,1
4525,枣庄职业学院,1
4526,山东理工职业学院,1
4527,山东文化产业职业学院,0
4528,青岛远洋船员职业学院,3
4529,济南幼儿师范高等专科学校,2
4530,济南护理职业学院,6
4531,泰山护理职业学院,0
4532,山东海事职业学院,0
4533,潍坊护理职业学院,9
4534,潍坊工程职业学院,5
4535,菏泽职业学院,0
4536,山东艺术设计职业学院,0
4537,威海海洋职业学院,4
4538,山东特殊教育职业学院,0
4539,华北水利水电大学,3
4540,郑州大学,58
4541,河南理工大学,26
4542,郑州轻工业学院,20
4543,河南工业大学,28
4544,河南科技大学,12
4545,中原工学院,29
4546,河南农业大学,4
4547,河南科技学院,1
4548,河南牧业经济学院,2
4549,河南中医药大学,15
4550,新乡医学院,10
4551,河南大学,29
4552,河南师范大学,10
4553,信阳师范学院,26
4554,周口师范学院,4
4555,安阳师范学院,1
4556,许昌学院,5
4557,南阳师范学院,1
4558,洛阳师范学院,13
4559,商丘师范学院,8
4560,河南财经政法大学,11
4561,郑州航空工业管理学院,8
4562,黄淮学院,11
4563,平顶山学院,33
4564,洛阳理工学院,5
4565,新乡学院,4
4566,信阳农林学院,7
4567,安阳工学院,9
4568,河南工程学院,20
4569,南阳理工学院,4
4570,河南城建学院,9
4571,河南警察学院,7
4572,黄河科技学院,6
4573,铁道警察学院,3
4574,郑州科技学院,9
4575,郑州工业应用技术学院,5
4576,郑州师范学院,5
4577,郑州财经学院,2
4578,黄河交通学院,4
4579,商丘工学院,3
4580,河南大学民生学院,0
4581,河南师范大学新联学院,0
4582,信阳学院,4
4583,安阳学院,1
4584,新乡医学院三全学院,2
4585,河南科技学院新科学院,0
4586,河南理工大学万方科技学院,1
4587,中原工学院信息商务学院,3
4588,商丘学院,3
4589,郑州成功财经学院,4
4590,郑州升达经贸管理学院,10
4591,河南职业技术学院,5
4592,漯河职业技术学院,10
4593,三门峡职业技术学院,6
4594,郑州铁路职业技术学院,2
4595,中州大学,2
4596,开封大学,3
4597,河南机电高等专科学校,0
4598,焦作大学,4
4599,河南财政税务高等专科学校,2
4600,濮阳职业技术学院,2
4601,郑州电力高等专科学校,0
4602,黄河水利职业技术学院,14
4603,许昌职业技术学院,7
4604,河南工业和信息化职业学院,2
4605,河南水利与环境职业学院,7
4606,商丘职业技术学院,4
4607,平顶山工业职业技术学院,4
4608,周口职业技术学院,0
4609,济源职业技术学院,0
4610,河南司法警官职业学院,0
4611,鹤壁职业技术学院,4
4612,河南工业职业技术学院,3
4613,郑州澍青医学高等专科学校,0
4614,焦作师范高等专科学校,7
4615,河南检察职业学院,9
4616,河南质量工程职业学院,1
4617,郑州信息科技职业学院,1
4618,漯河医学高等专科学校,12
4619,南阳医学高等专科学校,6
4620,商丘医学高等专科学校,0
4621,郑州电子信息职业技术学院,2
4622,信阳职业技术学院,3
4623,嵩山少林武术职业学院,2
4624,郑州工业安全职业学院,1
4625,永城职业学院,7
4626,河南经贸职业学院,1
4627,河南交通职业技术学院,12
4628,河南农业职业学院,9
4629,郑州旅游职业学院,4
4630,郑州职业技术学院,1
4631,河南信息统计职业学院,0
4632,河南林业职业学院,3
4633,河南工业贸易职业学院,5
4634,郑州电力职业技术学院,1
4635,周口科技职业学院,0
4636,河南建筑职业技术学院,4
4637,漯河食品职业学院,6
4638,郑州城市职业学院,3
4639,安阳职业技术学院,9
4640,新乡职业技术学院,1
4641,驻马店职业技术学院,0
4642,焦作工贸职业学院,1
4643,许昌陶瓷职业学院,0
4644,郑州理工职业学院,8
4645,郑州信息工程职业学院,0
4646,长垣烹饪职业技术学院,0
4647,开封文化艺术职业学院,4
4648,河南化工职业学院,0
4649,河南艺术职业学院,0
4650,河南机电职业学院,5
4651,河南护理职业学院,1
4652,许昌电气职业学院,0
4653,信阳涉外职业技术学院,0
4654,鹤壁汽车工程职业学院,0
4655,南阳职业学院,1
4656,郑州商贸旅游职业学院,0
4657,河南推拿职业学院,1
4658,洛阳职业技术学院,3
4659,郑州幼儿师范高等专科学校,1
4660,安阳幼儿师范高等专科学校,4
4661,郑州黄河护理职业学院,1
4662,河南医学高等专科学校,3
4663,郑州财税金融职业学院,1
4664,南阳农业职业学院,2
4665,洛阳科技职业学院,4
4666,鹤壁能源化工职业学院,0
4667,平顶山文化艺术职业学院,0
4668,武汉大学,133
4669,华中科技大学,43
4670,武汉科技大学,55
4671,长江大学,11
4672,武汉工程大学,20
4673,中国地质大学（武汉）,54
4674,武汉纺织大学,9
4675,武汉轻工大学,6
4676,武汉理工大学,49
4677,湖北工业大学,14
4678,华中农业大学,17
4679,湖北中医药大学,5
4680,华中师范大学,53
4681,湖北大学,5
4682,湖北师范大学,22
4683,黄冈师范学院,6
4684,湖北民族学院,15
4685,湖北文理学院,13
4686,中南财经政法大学,34
4687,武汉体育学院,5
4688,湖北美术学院,3
4689,中南民族大学,9
4690,湖北汽车工业学院,9
4691,湖北工程学院,3
4692,湖北理工学院,27
4693,湖北科技学院,7
4694,湖北医药学院,2
4695,江汉大学,9
4696,三峡大学,26
4697,湖北警官学院,0
4698,荆楚理工学院,3
4699,武汉音乐学院,4
4700,湖北经济学院,5
4701,武汉商学院,0
4702,武汉东湖学院,9
4703,汉口学院,10
4704,武昌首义学院,6
4705,武昌理工学院,5
4706,武汉生物工程学院,2
4707,武汉晴川学院,0
4708,湖北大学知行学院,0
4709,武汉科技大学城市学院,0
4710,三峡大学科技学院,0
4711,江汉大学文理学院,1
4712,湖北工业大学工程技术学院,4
4713,武汉工程大学邮电与信息工程学院,6
4714,武汉纺织大学外经贸学院,1
4715,武昌工学院,2
4716,武汉工商学院,7
4717,长江大学工程技术学院,0
4718,长江大学文理学院,1
4719,湖北商贸学院,1
4720,湖北汽车工业学院科技学院,1
4721,湖北医药学院药护学院,1
4722,湖北民族学院科技学院,0
4723,湖北经济学院法商学院,1
4724,武汉体育学院体育科技学院,0
4725,湖北师范学院文理学院,2
4726,湖北文理学院理工学院,1
4727,湖北工程学院新技术学院,1
4728,文华学院,10
4729,武汉学院,22
4730,武汉工程科技学院,1
4731,武汉华夏理工学院,1
4732,华中师范大学武汉传媒学院,0
4733,武汉设计工程学院,1
4734,湖北第二师范学院,6
4735,汉江师范学院,4
4736,武汉职业技术学院,11
4737,黄冈职业技术学院,4
4738,长江职业学院,32
4739,荆州理工职业学院,3
4740,湖北工业职业技术学院,6
4741,鄂州职业大学,1
4742,武汉城市职业学院,5
4743,湖北职业技术学院,5
4744,武汉船舶职业技术学院,3
4745,恩施职业技术学院,2
4746,襄阳职业技术学院,23
4747,武汉工贸职业学院,2
4748,荆州职业技术学院,5
4749,武汉工程职业技术学院,2
4750,仙桃职业学院,1
4751,湖北轻工职业技术学院,1
4752,湖北交通职业技术学院,3
4753,湖北中医药高等专科学校,8
4754,武汉航海职业技术学院,0
4755,武汉铁路职业技术学院,0
4756,武汉软件工程职业学院,2
4757,湖北三峡职业技术学院,11
4758,随州职业技术学院,4
4759,武汉电力职业技术学院,0
4760,湖北水利水电职业技术学院,7
4761,湖北城市建设职业技术学院,3
4762,武汉警官职业学院,1
4763,湖北生物科技职业学院,2
4764,湖北开放职业学院,1
4765,武汉科技职业学院,0
4766,武汉外语外事职业学院,0
4767,武汉信息传播职业技术学院,2
4768,武昌职业学院,3
4769,武汉商贸职业学院,5
4770,湖北艺术职业学院,0
4771,武汉交通职业学院,2
4772,咸宁职业技术学院,4
4773,长江工程职业技术学院,0
4774,江汉艺术职业学院,0
4775,武汉工业职业技术学院,0
4776,武汉民政职业学院,0
4777,鄂东职业技术学院,0
4778,湖北财税职业学院,5
4779,黄冈科技职业学院,0
4780,湖北国土资源职业学院,3
4781,湖北生态工程职业技术学院,2
4782,三峡电力职业学院,1
4783,湖北科技职业学院,8
4784,湖北青年职业学院,0
4785,湖北工程职业学院,6
4786,三峡旅游职业技术学院,3
4787,天门职业学院,1
4788,湖北体育职业学院,2
4789,襄阳汽车职业技术学院,0
4790,湖北幼儿师范高等专科学校,1
4791,湘潭大学,22
4792,吉首大学,17
4793,湖南大学,26
4794,中南大学,52
4795,湖南科技大学,26
4796,长沙理工大学,15
4797,湖南农业大学,15
4798,中南林业科技大学,12
4799,湖南中医药大学,4
4800,湖南师范大学,53
4801,湖南理工学院,7
4802,湘南学院,3
4803,衡阳师范学院,15
4804,邵阳学院,4
4805,怀化学院,16
4806,湖南文理学院,15
4807,湖南科技学院,7
4808,湖南人文科技学院,5
4809,湖南商学院,13
4810,南华大学,6
4811,长沙医学院,6
4812,长沙学院,1
4813,湖南工程学院,4
4814,湖南城市学院,5
4815,湖南工学院,6
4816,湖南财政经济学院,7
4817,湖南警察学院,6
4818,湖南工业大学,11
4819,湖南女子学院,5
4820,湖南第一师范学院,13
4821,湖南医药学院,5
4822,湖南涉外经济学院,5
4823,湘潭大学兴湘学院,0
4824,湖南工业大学科技学院,0
4825,湖南科技大学潇湘学院,1
4826,南华大学船山学院,0
4827,湖南商学院北津学院,1
4828,湖南师范大学树达学院,1
4829,湖南农业大学东方科技学院,1
4830,中南林业科技大学涉外学院,4
4831,湖南文理学院芙蓉学院,0
4832,湖南理工学院南湖学院,0
4833,衡阳师范学院南岳学院,3
4834,湖南工程学院应用技术学院,0
4835,湖南中医药大学湘杏学院,0
4836,吉首大学张家界学院,1
4837,长沙理工大学城南学院,0
4838,长沙师范学院,6
4839,湖南应用技术学院,0
4840,湖南信息学院,4
4841,湖南交通工程学院,4
4842,长沙民政职业技术学院,3
4843,湖南工业职业技术学院,7
4844,株洲师范高等专科学校,0
4845,湖南信息职业技术学院,0
4846,湖南税务高等专科学校,0
4847,湖南冶金职业技术学院,0
4848,长沙航空职业技术学院,16
4849,湖南大众传媒职业技术学院,5
4850,永州职业技术学院,0
4851,湖南铁道职业技术学院,0
4852,湖南科技职业学院,3
4853,湖南生物机电职业技术学院,1
4854,湖南交通职业技术学院,6
4855,湖南商务职业技术学院,3
4856,湖南体育职业学院,0
4857,湖南工程职业技术学院,0
4858,保险职业学院,13
4859,湖南外贸职业学院,5
4860,湖南网络工程职业学院,2
4861,邵阳职业技术学院,0
4862,湖南司法警官职业学院,3
4863,长沙商贸旅游职业技术学院,2
4864,湖南环境生物职业技术学院,10
4865,湖南邮电职业技术学院,2
4866,湘潭职业技术学院,3
4867,郴州职业技术学院,7
4868,娄底职业技术学院,6
4869,张家界航空工业职业技术学院,2
4870,长沙环境保护职业技术学院,4
4871,湖南艺术职业学院,4
4872,湖南机电职业技术学院,7
4873,长沙职业技术学院,0
4874,怀化职业技术学院,4
4875,岳阳职业技术学院,8
4876,常德职业技术学院,3
4877,长沙南方职业学院,4
4878,潇湘职业学院,6
4879,湖南化工职业技术学院,1
4880,湖南城建职业技术学院,4
4881,湖南石油化工职业技术学院,0
4882,湖南中医药高等专科学校,1
4883,邵阳医学高等专科学校,0
4884,湖南民族职业学院,3
4885,湘西民族职业技术学院,2
4886,湖南财经工业职业技术学院,9
4887,益阳职业技术学院,4
4888,湖南工艺美术职业学院,5
4889,湖南九嶷职业技术学院,0
4890,湖南理工职业技术学院,1
4891,湖南软件职业学院,1
4892,湖南汽车工程职业学院,2
4893,长沙电力职业技术学院,0
4894,湖南水利水电职业技术学院,4
4895,湖南现代物流职业技术学院,2
4896,湖南高速铁路职业技术学院,2
4897,湖南铁路科技职业技术学院,0
4898,湖南安全技术职业学院,2
4899,湖南电气职业技术学院,1
4900,湖南外国语职业学院,2
4901,益阳医学高等专科学校,4
4902,湖南都市职业学院,2
4903,湖南电子科技职业学院,3
4904,湖南科技工业职业技术学院,4
4905,湖南高尔夫旅游职业学院,0
4906,湖南工商职业学院,2
4907,湖南三一工业职业技术学院,5
4908,长沙卫生职业学院,4
4909,湖南食品药品职业学院,3
4910,湖南有色金属职业技术学院,0
4911,湖南吉利汽车职业技术学院,4
4912,湖南幼儿师范高等专科学校,1
4913,湘南幼儿师范高等专科学校,1
4914,湖南劳动人事职业学院,1
4915,中山大学,33
4916,暨南大学,27
4917,汕头大学,12
4918,华南理工大学,43
4919,华南农业大学,54
4920,广东海洋大学,18
4921,广州医科大学,14
4922,广东医科大学,5
4923,广州中医药大学,9
4924,广东药科大学,4
4925,华南师范大学,21
4926,韶关学院,4
4927,惠州学院,10
4928,韩山师范学院,4
4929,岭南师范学院,7
4930,肇庆学院,5
4931,嘉应学院,5
4932,广州体育学院,8
4933,广州美术学院,1
4934,星海音乐学院,4
4935,广东技术师范学院,0
4936,深圳大学,21
4937,广东财经大学,16
4938,广东白云学院,4
4939,广州大学,18
4940,广州航海学院,1
4941,广东警官学院,1
4942,仲恺农业工程学院,18
4943,五邑大学,11
4944,广东金融学院,11
4945,电子科技大学中山学院,16
4946,广东石油化工学院,6
4947,东莞理工学院,36
4948,广东工业大学,14
4949,广东外语外贸大学,18
4950,佛山科学技术学院,8
4951,广东培正学院,1
4952,南方医科大学,10
4953,广东东软学院,1
4954,华南理工大学广州学院,4
4955,广州大学华软软件学院,0
4956,中山大学南方学院,25
4957,广东外语外贸大学南国商学院,1
4958,广东财经大学华商学院,1
4959,广东海洋大学寸金学院,0
4960,华南农业大学珠江学院,0
4961,广东技术师范学院天河学院,2
4962,北京师范大学珠海分校,6
4963,广东工业大学华立学院,9
4964,广州大学松田学院,4
4965,广州商学院,4
4966,北京理工大学珠海学院,2
4967,吉林大学珠海学院,11
4968,广州工商学院,8
4969,广东科技学院,2
4970,广东理工学院,2
4971,东莞理工学院城市学院,2
4972,中山大学新华学院,1
4973,广东第二师范学院,4
4974,南方科技大学,30
4975,北京师范大学-香港浸会大学联合国际学院,0
4976,香港中文大学（深圳）,11
4977,顺德职业技术学院,6
4978,广东轻工职业技术学院,26
4979,广东交通职业技术学院,10
4980,广东水利电力职业技术学院,8
4981,潮汕职业技术学院,1
4982,深圳职业技术学院,8
4983,民办南华工商学院,2
4984,私立华联学院,0
4985,广州民航职业技术学院,4
4986,广州番禺职业技术学院,7
4987,广东松山职业技术学院,3
4988,广东农工商职业技术学院,7
4989,广东新安职业技术学院,1
4990,佛山职业技术学院,4
4991,广东科学技术职业学院,7
4992,广东食品药品职业学院,8
4993,广州康大职业技术学院,4
4994,珠海艺术职业学院,0
4995,广东行政职业学院,0
4996,广东体育职业技术学院,1
4997,广东职业技术学院,6
4998,广东建设职业技术学院,0
4999,广东女子职业技术学院,7
5000,广东机电职业技术学院,4
5001,广东岭南职业技术学院,6
5002,汕尾职业技术学院,1
5003,罗定职业技术学院,1
5004,阳江职业技术学院,9
5005,河源职业技术学院,9
5006,广东邮电职业技术学院,1
5007,汕头职业技术学院,1
5008,揭阳职业技术学院,5
5009,深圳信息职业技术学院,3
5010,清远职业技术学院,8
5011,广东工贸职业技术学院,1
5012,广东司法警官职业学院,0
5013,广东亚视演艺职业学院,0
5014,广东外语艺术职业学院,0
5015,广东文艺职业学院,4
5016,广州体育职业技术学院,4
5017,广州工程技术职业学院,10
5018,中山火炬职业技术学院,4
5019,江门职业技术学院,2
5020,茂名职业技术学院,4
5021,珠海城市职业技术学院,2
5022,广州涉外经济职业技术学院,3
5023,广州南洋理工职业学院,1
5024,广州科技职业技术学院,3
5025,惠州经济职业技术学院,0
5026,广东工商职业学院,3
5027,肇庆医学高等专科学校,0
5028,广州现代信息工程职业技术学院,4
5029,广东理工职业学院,4
5030,广州华南商贸职业学院,3
5031,广州华立科技职业学院,18
5032,广州城市职业学院,7
5033,广东工程职业技术学院,7
5034,广州铁路职业技术学院,14
5035,广东科贸职业学院,1
5036,广州科技贸易职业学院,2
5037,中山职业技术学院,4
5038,广州珠江职业技术学院,1
5039,广州松田职业学院,3
5040,广东文理职业学院,0
5041,广州城建职业学院,5
5042,东莞职业技术学院,2
5043,广东南方职业学院,6
5044,广州华商职业学院,7
5045,广州华夏职业学院,3
5046,广东环境保护工程职业学院,11
5047,广东青年职业学院,7
5048,广州东华职业学院,2
5049,广东创新科技职业学院,2
5050,广东舞蹈戏剧职业学院,0
5051,惠州卫生职业技术学院,1
5052,广东信息工程职业学院,11
5053,广东生态工程职业学院,0
5054,惠州城市职业学院,2
5055,广东碧桂园职业学院,5
5056,公安边防部队高等专科学校,0
5057,广西大学,38
5058,广西科技大学,4
5059,桂林电子科技大学,32
5060,桂林理工大学,11
5061,广西医科大学,5
5062,右江民族医学院,1
5063,广西中医药大学,1
5064,桂林医学院,6
5065,广西师范大学,22
5066,广西师范学院,3
5067,广西民族师范学院,2
5068,河池学院,0
5069,玉林师范学院,3
5070,广西艺术学院,2
5071,广西民族大学,4
5072,百色学院,5
5073,梧州学院,5
5074,广西科技师范学院,0
5075,广西财经学院,4
5076,南宁学院,2
5077,钦州学院,4
5078,桂林航天工业学院,6
5079,桂林旅游学院,3
5080,贺州学院,1
5081,广西警察学院,0
5082,北海艺术设计学院,1
5083,广西大学行健文理学院,1
5084,广西科技大学鹿山学院,2
5085,广西民族大学相思湖学院,1
5086,广西师范大学漓江学院,0
5087,广西师范学院师园学院,0
5088,广西中医药大学赛恩斯新医药学院,1
5089,桂林电子科技大学信息科技学院,0
5090,桂林理工大学博文管理学院,2
5091,广西外国语学院,0
5092,北京航空航天大学北海学院,2
5093,广西机电职业技术学院,2
5094,广西体育高等专科学校,2
5095,南宁职业技术学院,0
5096,广西水利电力职业技术学院,4
5097,桂林师范高等专科学校,0
5098,广西职业技术学院,2
5099,柳州职业技术学院,7
5100,广西生态工程职业技术学院,3
5101,广西交通职业技术学院,0
5102,广西工业职业技术学院,2
5103,广西国际商务职业技术学院,4
5104,广西农业职业技术学院,0
5105,柳州铁道职业技术学院,2
5106,广西建设职业技术学院,2
5107,广西现代职业技术学院,0
5108,北海职业学院,4
5109,桂林山水职业学院,0
5110,广西经贸职业技术学院,1
5111,广西工商职业技术学院,4
5112,广西演艺职业学院,1
5113,广西电力职业技术学院,4
5114,广西城市职业学院,1
5115,广西英华国际职业学院,0
5116,柳州城市职业学院,1
5117,百色职业学院,0
5118,广西工程职业学院,2
5119,广西理工职业技术学院,5
5120,梧州职业学院,0
5121,广西经济职业学院,2
5122,广西幼儿师范高等专科学校,0
5123,广西科技职业学院,0
5124,广西卫生职业技术学院,3
5125,广西培贤国际职业学院,0
5126,广西金融职业技术学院,0
5127,广西中远职业学院,0
5128,海南大学,34
5129,海南热带海洋学院,24
5130,海南师范大学,32
5131,海南医学院,10
5132,海口经济学院,21
5133,三亚学院,25
5134,海南职业技术学院,12
5135,三亚城市职业学院,0
5136,海南软件职业技术学院,19
5137,海南政法职业学院,12
5138,海南外国语职业学院,0
5139,琼台师范学院,6
5140,海南经贸职业技术学院,17
5141,海南工商职业学院,5
5142,三亚航空旅游职业学院,0
5143,海南科技职业学院,3
5144,三亚理工职业学院,1
5145,重庆大学,49
5146,重庆邮电大学,14
5147,重庆交通大学,24
5148,重庆医科大学,7
5149,西南大学,24
5150,重庆师范大学,19
5151,重庆文理学院,3
5152,重庆三峡学院,7
5153,长江师范学院,13
5154,四川外国语大学,2
5155,西南政法大学,16
5156,四川美术学院,6
5157,重庆科技学院,13
5158,重庆理工大学,8
5159,重庆工商大学,10
5160,重庆工程学院,6
5161,重庆大学城市科技学院,3
5162,重庆警察学院,1
5163,重庆人文科技学院,5
5164,四川外国语大学重庆南方翻译学院,2
5165,重庆师范大学涉外商贸学院,4
5166,重庆工商大学融智学院,6
5167,重庆工商大学派斯学院,4
5168,重庆邮电大学移通学院,1
5169,重庆第二师范学院,5
5170,重庆航天职业技术学院,3
5171,重庆电力高等专科学校,0
5172,重庆工业职业技术学院,3
5173,重庆三峡职业学院,0
5174,重庆工贸职业技术学院,2
5175,重庆机电职业技术学院,1
5176,重庆电子工程职业学院,7
5177,重庆海联职业技术学院,0
5178,重庆信息技术职业学院,2
5179,重庆传媒职业学院,0
5180,重庆城市管理职业学院,10
5181,重庆工程职业技术学院,11
5182,重庆房地产职业学院,5
5183,重庆城市职业学院,2
5184,重庆水利电力职业技术学院,0
5185,重庆工商职业学院,1
5186,重庆应用技术职业学院,0
5187,重庆三峡医药高等专科学校,4
5188,重庆医药高等专科学校,4
5189,重庆青年职业技术学院,4
5190,重庆财经职业学院,1
5191,重庆科创职业学院,6
5192,重庆建筑工程职业学院,4
5193,重庆电讯职业学院,1
5194,重庆能源职业学院,6
5195,重庆商务职业学院,1
5196,重庆交通职业学院,1
5197,重庆化工职业学院,2
5198,重庆旅游职业学院,7
5199,重庆安全技术职业学院,0
5200,重庆公共运输职业学院,2
5201,重庆艺术工程职业学院,2
5202,重庆轻工职业学院,0
5203,重庆电信职业学院,0
5204,重庆经贸职业学院,7
5205,重庆幼儿师范高等专科学校,5
5206,重庆文化艺术职业学院,2
5207,重庆服装工程职业学院,0
5208,四川大学,122
5209,西南交通大学,40
5210,电子科技大学,98
5211,西南石油大学,30
5212,成都理工大学,35
5213,西南科技大学,54
5214,成都信息工程大学,23
5215,四川理工学院,25
5216,西华大学,12
5217,中国民用航空飞行学院,4
5218,四川农业大学,16
5219,西昌学院,8
5220,西南医科大学,13
5221,成都中医药大学,44
5222,川北医学院,7
5223,四川师范大学,18
5224,西华师范大学,25
5225,绵阳师范学院,3
5226,内江师范学院,9
5227,宜宾学院,8
5228,四川文理学院,11
5229,阿坝师范学院,7
5230,乐山师范学院,8
5231,西南财经大学,38
5232,成都体育学院,4
5233,四川音乐学院,6
5234,西南民族大学,32
5235,成都学院,19
5236,成都工业学院,7
5237,攀枝花学院,3
5238,四川旅游学院,4
5239,四川民族学院,13
5240,四川警察学院,1
5241,成都东软学院,3
5242,电子科技大学成都学院,10
5243,成都理工大学工程技术学院,0
5244,四川传媒学院,5
5245,成都信息工程大学银杏酒店管理学院,1
5246,成都文理学院,5
5247,四川工商学院,3
5248,四川外国语大学成都学院,7
5249,成都医学院,14
5250,四川工业科技学院,1
5251,四川大学锦城学院,6
5252,西南财经大学天府学院,5
5253,四川大学锦江学院,6
5254,四川文化艺术学院,16
5255,西南科技大学城市学院,4
5256,西南交通大学希望学院,2
5257,成都师范学院,8
5258,四川电影电视学院,1
5259,成都纺织高等专科学校,1
5260,民办四川天一学院,5
5261,成都航空职业技术学院,9
5262,四川电力职业技术学院,0
5263,成都职业技术学院,10
5264,四川化工职业技术学院,10
5265,四川水利职业技术学院,2
5266,南充职业技术学院,8
5267,内江职业技术学院,4
5268,四川航天职业技术学院,3
5269,四川邮电职业技术学院,5
5270,四川机电职业技术学院,8
5271,绵阳职业技术学院,17
5272,四川交通职业技术学院,16
5273,四川工商职业技术学院,12
5274,四川工程职业技术学院,1
5275,四川建筑职业技术学院,9
5276,达州职业技术学院,2
5277,四川托普信息技术职业学院,4
5278,四川国际标榜职业学院,4
5279,成都农业科技职业学院,2
5280,宜宾职业技术学院,7
5281,泸州职业技术学院,24
5282,眉山职业技术学院,1
5283,成都艺术职业学院,5
5284,四川职业技术学院,2
5285,乐山职业技术学院,14
5286,雅安职业技术学院,3
5287,四川商务职业学院,4
5288,四川司法警官职业学院,3
5289,广安职业技术学院,6
5290,四川信息职业技术学院,14
5291,四川文化传媒职业学院,0
5292,四川华新现代职业学院,7
5293,四川管理职业学院,4
5294,四川艺术职业学院,0
5295,四川中医药高等专科学校,2
5296,四川科技职业学院,6
5297,四川文化产业职业学院,3
5298,四川财经职业学院,1
5299,四川城市职业学院,2
5300,四川现代职业学院,1
5301,四川幼儿师范高等专科学校,18
5302,四川长江职业学院,5
5303,四川三河职业学院,0
5304,川北幼儿师范高等专科学校,2
5305,四川卫生康复职业学院,4
5306,四川汽车职业技术学院,2
5307,巴中职业技术学院,0
5308,四川希望汽车职业学院,1
5309,四川电子机械职业技术学院,0
5310,四川文轩职业学院,1
5311,川南幼儿师范高等专科学校,1
5312,四川护理职业学院,0
5313,成都工业职业技术学院,7
5314,四川西南航空职业学院,7
5315,成都工贸职业技术学院,3
5316,四川应用技术职业学院,0
5317,贵州大学,17
5318,贵州医科大学,7
5319,遵义医学院,4
5320,贵阳中医学院,5
5321,贵州师范大学,13
5322,遵义师范学院,7
5323,铜仁学院,2
5324,兴义民族师范学院,36
5325,安顺学院,2
5326,贵州工程应用技术学院,7
5327,凯里学院,3
5328,黔南民族师范学院,12
5329,贵州财经大学,15
5330,贵州民族大学,7
5331,贵阳学院,11
5332,六盘水师范学院,2
5333,贵州商学院,1
5334,贵阳中医学院时珍学院,0
5335,贵州财经大学商务学院,0
5336,贵州大学科技学院,0
5337,贵州大学明德学院,1
5338,贵州民族大学人文科技学院,1
5339,贵州师范大学求是学院,0
5340,遵义医学院医学与科技学院,0
5341,贵州医科大学神奇民族医药学院,0
5342,贵州师范学院,9
5343,贵州理工学院,10
5344,黔南民族医学高等专科学校,3
5345,贵州警官职业学院,0
5346,贵州交通职业技术学院,0
5347,贵州航天职业技术学院,9
5348,贵州电子信息职业技术学院,3
5349,安顺职业技术学院,0
5350,黔东南民族职业技术学院,3
5351,黔南民族职业技术学院,1
5352,遵义职业技术学院,5
5353,贵州城市职业学院,1
5354,贵州工业职业技术学院,3
5355,贵州电力职业技术学院,0
5356,六盘水职业技术学院,3
5357,铜仁职业技术学院,4
5358,黔西南民族职业技术学院,2
5359,贵州轻工职业技术学院,4
5360,遵义医药高等专科学校,0
5361,贵阳护理职业学院,5
5362,贵阳职业技术学院,1
5363,毕节职业技术学院,0
5364,贵州职业技术学院,4
5365,贵州盛华职业学院,1
5366,贵州工商职业学院,0
5367,贵阳幼儿师范高等专科学校,4
5368,铜仁幼儿师范高等专科学校,1
5369,黔南民族幼儿师范高等专科学校,0
5370,毕节医学高等专科学校,5
5371,贵州建设职业技术学院,0
5372,毕节幼儿师范高等专科学校,4
5373,贵州农业职业学院,0
5374,云南大学,35
5375,昆明理工大学,30
5376,云南农业大学,26
5377,西南林业大学,31
5378,昆明医科大学,11
5379,大理大学,5
5380,云南中医学院,2
5381,云南师范大学,39
5382,昭通学院,6
5383,曲靖师范学院,12
5384,普洱学院,0
5385,保山学院,6
5386,红河学院,1
5387,云南财经大学,18
5388,云南艺术学院,1
5389,云南民族大学,26
5390,玉溪师范学院,4
5391,楚雄师范学院,6
5392,云南警官学院,0
5393,昆明学院,19
5394,文山学院,0
5395,云南经济管理学院,9
5396,云南大学滇池学院,4
5397,云南大学旅游文化学院,1
5398,昆明理工大学津桥学院,6
5399,云南师范大学商学院,3
5400,云南师范大学文理学院,5
5401,昆明医科大学海源学院,1
5402,云南艺术学院文华学院,0
5403,云南工商学院,5
5404,滇西科技师范学院,1
5405,昆明冶金高等专科学校,7
5406,云南国土资源职业学院,4
5407,云南交通职业技术学院,7
5408,昆明工业职业技术学院,3
5409,云南农业职业技术学院,5
5410,云南司法警官职业学院,1
5411,云南文化艺术职业学院,0
5412,云南体育运动职业技术学院,6
5413,云南科技信息职业学院,0
5414,西双版纳职业技术学院,4
5415,昆明艺术职业学院,0
5416,玉溪农业职业技术学院,2
5417,云南能源职业技术学院,0
5418,云南热带作物职业学院,3
5419,云南国防工业职业技术学院,0
5420,云南机电职业技术学院,0
5421,云南林业职业技术学院,3
5422,云南城市建设职业学院,1
5423,云南工程职业学院,0
5424,曲靖医学高等专科学校,0
5425,楚雄医药高等专科学校,4
5426,保山中医药高等专科学校,1
5427,丽江师范高等专科学校,0
5428,德宏师范高等专科学校,0
5429,云南新兴职业学院,0
5430,云南锡业职业技术学院,0
5431,云南经贸外事职业学院,0
5432,云南三鑫职业技术学院,4
5433,德宏职业学院,1
5434,云南商务职业学院,1
5435,昆明卫生职业学院,1
5436,云南现代职业技术学院,0
5437,云南旅游职业学院,1
5438,红河卫生职业学院,1
5439,云南外事外语职业学院,1
5440,大理农林职业技术学院,0
5441,公安消防部队高等专科学校,1
5442,云南财经职业学院,1
5443,西藏大学,18
5444,西藏民族大学,0
5445,西藏藏医学院,0
5446,西藏警官高等专科学校,0
5447,拉萨师范高等专科学校,1
5448,西藏职业技术学院,3
5449,西北大学,73
5450,西安交通大学,93
5451,西北工业大学,26
5452,西安理工大学,28
5453,西安电子科技大学,43
5454,西安工业大学,5
5455,西安建筑科技大学,37
5456,西安科技大学,13
5457,西安石油大学,11
5458,陕西科技大学,3
5459,西安工程大学,8
5460,长安大学,23
5461,西北农林科技大学,23
5462,陕西中医药大学,11
5463,陕西师范大学,46
5464,延安大学,6
5465,陕西理工大学,6
5466,宝鸡文理学院,14
5467,咸阳师范学院,4
5468,渭南师范学院,1
5469,西安外国语大学,15
5470,西北政法大学,24
5471,西安体育学院,5
5472,西安音乐学院,5
5473,西安美术学院,6
5474,西安文理学院,5
5475,榆林学院,8
5476,商洛学院,3
5477,安康学院,11
5478,西安培华学院,1
5479,西安财经学院,6
5480,西安邮电大学,19
5481,西安航空学院,2
5482,西安医学院,9
5483,西安欧亚学院,5
5484,西安外事学院,7
5485,西安翻译学院,5
5486,西京学院,10
5487,西安思源学院,3
5488,陕西国际商贸学院,12
5489,陕西服装工程学院,3
5490,西安交通工程学院,2
5491,西安交通大学城市学院,1
5492,西北大学现代学院,4
5493,西安建筑科技大学华清学院,1
5494,西安财经学院行知学院,0
5495,陕西科技大学镐京学院,0
5496,西安工业大学北方信息工程学院,0
5497,延安大学西安创新学院,5
5498,西安电子科技大学长安学院,0
5499,西北工业大学明德学院,4
5500,长安大学兴华学院,0
5501,西安理工大学高科学院,4
5502,西安科技大学高新学院,2
5503,陕西学前师范学院,1
5504,陕西工业职业技术学院,4
5505,杨凌职业技术学院,4
5506,西安电力高等专科学校,0
5507,陕西能源职业技术学院,8
5508,陕西国防工业职业技术学院,1
5509,西安航空职业技术学院,2
5510,陕西财经职业技术学院,0
5511,陕西交通职业技术学院,4
5512,陕西职业技术学院,0
5513,西安高新科技职业学院,2
5514,西安城市建设职业学院,3
5515,陕西铁路工程职业技术学院,17
5516,宝鸡职业技术学院,6
5517,陕西航空职业技术学院,0
5518,陕西电子信息职业技术学院,2
5519,陕西邮电职业技术学院,8
5520,西安海棠职业学院,1
5521,西安汽车科技职业学院,0
5522,西安东方亚太职业技术学院,0
5523,陕西警官职业学院,9
5524,陕西经济管理职业技术学院,0
5525,西安铁路职业技术学院,1
5526,咸阳职业技术学院,1
5527,西安职业技术学院,3
5528,商洛职业技术学院,3
5529,汉中职业技术学院,0
5530,延安职业技术学院,1
5531,渭南职业技术学院,2
5532,安康职业技术学院,0
5533,铜川职业技术学院,5
5534,陕西青年职业学院,0
5535,陕西工商职业学院,1
5536,陕西电子科技职业学院,0
5537,陕西旅游烹饪职业学院,0
5538,西安医学高等专科学校,7
5539,榆林职业技术学院,5
5540,陕西艺术职业学院,2
5541,兰州大学,35
5542,兰州理工大学,10
5543,兰州交通大学,17
5544,甘肃农业大学,6
5545,甘肃中医药大学,36
5546,西北师范大学,51
5547,兰州城市学院,8
5548,陇东学院,11
5549,天水师范学院,4
5550,河西学院,31
5551,兰州财经大学,6
5552,西北民族大学,11
5553,甘肃政法学院,7
5554,甘肃民族师范学院,3
5555,兰州文理学院,9
5556,甘肃医学院,4
5557,兰州工业学院,6
5558,西北师范大学知行学院,2
5559,兰州财经大学陇桥学院,2
5560,兰州财经大学长青学院,0
5561,兰州交通大学博文学院,2
5562,兰州理工大学技术工程学院,2
5563,兰州石化职业技术学院,24
5564,陇南师范高等专科学校,0
5565,定西师范高等专科学校,0
5566,甘肃建筑职业技术学院,2
5567,酒泉职业技术学院,1
5568,兰州外语职业学院,4
5569,兰州职业技术学院,6
5570,甘肃警察职业学院,0
5571,甘肃林业职业技术学院,3
5572,甘肃工业职业技术学院,9
5573,武威职业学院,0
5574,甘肃交通职业技术学院,2
5575,兰州资源环境职业技术学院,3
5576,甘肃农业职业技术学院,6
5577,甘肃畜牧工程职业技术学院,1
5578,甘肃钢铁职业技术学院,0
5579,甘肃机电职业技术学院,0
5580,甘肃有色冶金职业技术学院,2
5581,白银矿冶职业技术学院,0
5582,甘肃卫生职业学院,0
5583,兰州科技职业学院,4
5584,庆阳职业技术学院,0
5585,临夏现代职业学院,0
5586,青海大学,11
5587,青海师范大学,41
5588,青海民族大学,8
5589,青海大学昆仑学院,0
5590,青海卫生职业技术学院,0
5591,青海警官职业学院,0
5592,青海畜牧兽医职业技术学院,0
5593,青海交通职业技术学院,3
5594,青海建筑职业技术学院,0
5595,西宁城市职业技术学院,0
5596,青海高等职业技术学院,0
5597,青海柴达木职业技术学院,0
5598,宁夏大学,19
5599,宁夏医科大学,8
5600,宁夏师范学院,2
5601,北方民族大学,1
5602,宁夏理工学院,1
5603,宁夏大学新华学院,0
5604,银川能源学院,3
5605,中国矿业大学银川学院,1
5606,宁夏民族职业技术学院,0
5607,宁夏工业职业学院,1
5608,宁夏职业技术学院,5
5609,宁夏工商职业技术学院,7
5610,宁夏财经职业技术学院,0
5611,宁夏司法警官职业学院,0
5612,宁夏建设职业技术学院,1
5613,宁夏防沙治沙职业技术学院,0
5614,宁夏幼儿师范高等专科学校,0
5615,宁夏艺术职业学院,4
5616,北京市海淀区职工大学,0
5617,北京市东城区职工业余大学,0
5618,北京市崇文区职工大学,0
5619,北京宣武红旗业余大学,0
5620,北京市石景山区业余大学,5
5621,北京市朝阳区职工大学,0
5622,北京医药集团职工大学,0
5623,北京市建设职工大学,0
5624,北京市总工会职工大学,0
5625,中央党校继续教育学院,0
5626,中国记协职工新闻学院,0
5627,中南海业余大学,0
5628,北京教育学院,0
5629,北京开放大学,8
5630,国家开放大学（中央广播电视大学）,4
5631,民航管理干部学院,0
5632,北京市丰台区职工大学,0
5633,北京市西城经济科学大学,1
5634,北京市农工商联合总公司职工大学,0
5635,公安部管理干部学院,0
5636,国家法官学院,3
5637,华北电业联合职工大学,0
5638,首都联合职工大学,0
5639,国家检察官学院,2
5640,天津市和平区新华职工大学,0
5641,天津市河西区职工大学,0
5642,天津市河东区职工大学,2
5643,天津市红桥区职工大学,0
5644,天津市南开区职工大学,1
5645,天津市建筑工程职工大学,0
5646,天津市职工经济技术大学,0
5647,天津市渤海化工职工学院,0
5648,天津市管理干部学院,0
5649,天津市广播电视大学,1
5650,天津物资管理干部学院,0
5651,天津市政法管理干部学院,0
5652,天津市工会管理干部学院,0
5653,天津市房地产局职工大学,0
5654,河北地质职工大学,2
5655,河北省广播电视大学,8
5656,石家庄职工大学,0
5657,中国环境管理干部学院,1
5658,河北管理干部学院,0
5659,河北青年管理干部学院,7
5660,太原化学工业集团有限公司职工大学,0
5661,山西机电职工学院,0
5662,太原钢铁(集团)有限公司职工钢铁学院,0
5663,山西职工医学院,0
5664,山西煤炭职工联合大学,0
5665,山西兵器工业职工大学,0
5666,山西省职工工艺美术学院,0
5667,山西省吕梁市教育学院,1
5668,山西省广播电视大学,3
5669,山西煤炭管理干部学院,1
5670,山西省政法管理干部学院,0
5671,长治市教育学院,0
5672,包头市职工大学,2
5673,内蒙古自治区广播电视大学,9
5674,辽宁兵器工业职工大学,0
5675,辽宁省直属机关职工大学,0
5676,大连工人大学,0
5677,空军第四职工大学,0
5678,海军职工大学,0
5679,大连职工大学,0
5680,抚顺矿务局职工工学院,0
5681,抚顺石油化工公司职工大学,0
5682,阜新矿务局职工大学,0
5683,朝阳职工工学院,0
5684,大连市教育学院,0
5685,辽宁广播电视大学,6
5686,阜新煤炭职工医学专科学校,0
5687,辽宁文化艺术职工大学,0
5688,辽宁冶金职工大学,0
5689,辽宁公安司法管理干部学院,0
5690,沈阳机械工业职工大学,0
5691,鞍山钢铁集团公司职工大学,0
5692,沈阳市广播电视大学,0
5693,大连市广播电视大学,0
5694,长春职工大学,0
5695,长春市建筑职工业余大学,2
5696,长春职工医科大学,0
5697,吉林市职工大学,0
5698,吉林化学工业公司职工大学,0
5699,通化市职工大学,0
5700,通化钢铁公司职工大学,0
5701,四平农村成人高等专科学校,0
5702,吉林省教育学院,2
5703,长春教育学院,0
5704,吉林广播电视大学,4
5705,吉林省经济管理干部学院,0
5706,吉林职工医科大学,0
5707,长春广播电视大学,0
5708,黑龙江兵器工业职工大学,0
5709,哈尔滨航空职工大学,0
5710,哈尔滨轻型车厂职工大学,0
5711,哈尔滨市职工大学,0
5712,黑龙江省电力职工大学,0
5713,齐齐哈尔市建设职工大学,1
5714,齐齐哈尔市职工大学,0
5715,鹤岗矿务局职工大学,0
5716,大庆石油化工总厂职工大学,0
5717,黑龙江省经济管理干部学院,0
5718,黑龙江农垦管理干部学院,0
5719,黑龙江省政法管理干部学院,3
5720,黑龙江省教育学院,0
5721,绥化市教育学院,0
5722,牡丹江市教育学院,0
5723,佳木斯市教育学院,0
5724,黑龙江省广播电视大学,0
5725,黑龙江省商业职工大学,0
5726,黑龙江省社会科学院职工大学,0
5727,哈尔滨市职工医学院,0
5728,哈尔滨广播电视大学,5
5729,上海科技管理干部学院,7
5730,上海市黄浦区业余大学,2
5731,上海市徐汇区业余大学,0
5732,上海市长宁区业余大学,0
5733,上海市静安区业余大学,3
5734,上海市普陀区业余大学,0
5735,上海市虹口区业余大学,0
5736,上海市杨浦区业余大学,2
5737,上海纺织工业职工大学,1
5738,上海医药职工大学,0
5739,上海开放大学,12
5740,海关管理干部学院,0
5741,上海市经济管理干部学院,0
5742,上海青年管理干部学院,0
5743,上海市宝山区业余大学,3
5744,南京市职工大学,0
5745,空军第一职工大学,0
5746,南通市工人业余大学,0
5747,扬州教育学院,0
5748,江苏开放大学,10
5749,江苏省省级机关管理干部学院,0
5750,南京市广播电视大学,1
5751,江苏省青年管理干部学院,1
5752,浙江省省级机关职工业余大学,0
5753,杭州市工人业余大学,0
5754,温州市工人业余大学,0
5755,宁波教育学院,5
5756,金华教育学院,0
5757,浙江省广播电视大学,0
5758,浙江经济管理职工大学,0
5759,浙江嘉兴教育学院,0
5760,宁波市广播电视大学,0
5761,淮南市职工大学,0
5762,合肥职工科技大学,1
5763,合肥市职工大学,0
5764,安徽经济管理干部学院,3
5765,宿州教育学院,0
5766,安徽广播电视大学,12
5767,福建教育学院,0
5768,福建省广播电视大学,1
5769,厦门市广播电视大学,0
5770,江西行政管理干部学院,0
5771,昌河职工工学院,0
5772,南昌钢铁有限责任公司职工大学,0
5773,南昌市业余大学,0
5774,南昌市职工科技大学,1
5775,江西广播电视大学,2
5776,南昌教育学院,0
5777,江西经济管理干部学院,0
5778,山东省水利职工大学,0
5779,山东兵器工业职工大学,0
5780,新汶矿务局职工大学,0
5781,济南市职工大学,0
5782,山东行政学院,0
5783,山东省聊城教育学院,0
5784,山东省济宁教育学院,0
5785,山东省广播电视大学,0
5786,兖州矿区职工大学,0
5787,山东财政职工大学,0
5788,青岛市广播电视大学,2
5789,长城铝业公司职工工学院,0
5790,郑州市职工大学,0
5791,第一拖拉机制造厂拖拉机学院,0
5792,洛阳轴承职工大学,0
5793,洛阳有色金属职工大学,0
5794,开封空分设备厂职工大学,0
5795,河南教育学院,1
5796,平顶山教育学院,3
5797,河南省广播电视大学,1
5798,焦作职工医学院,0
5799,磨料磨具工业职工大学,0
5800,驻马店教育学院,0
5801,武汉市广播电视大学,2
5802,湖北兵器工业职工大学,0
5803,湖北省纺织职工大学,0
5804,鄂城钢铁厂职工大学,0
5805,丹江口工程管理局职工大学,0
5806,湖北省直属机关业余大学,0
5807,湖北省经济管理干部学院,0
5808,十堰教育学院,0
5809,荆州教育学院,0
5810,大冶钢厂职工大学,0
5811,湖北广播电视大学,8
5812,武汉冶金管理干部学院,0
5813,湖北武汉公安管理干部学院,0
5814,华中电业联合职工大学,0
5815,涟源钢铁总厂职工大学,0
5816,长沙工业职工大学,0
5817,株洲市职工大学,2
5818,湖南航空工业职工工学院,0
5819,中钢集团衡阳重机职工大学,0
5820,衡阳工业职工大学,0
5821,长沙教育学院,0
5822,湘潭教育学院,0
5823,湖南省广播电视大学,1
5824,益阳教育学院,0
5825,湖南金融技术职工大学,0
5826,湖南纺织职工大学,2
5827,广州金桥管理干部学院,0
5828,南海成人学院,1
5829,湛江市业余大学,0
5830,广东省国防工业职工大学,0
5831,汕头市业余大学,1
5832,韶关市职工大学,0
5833,湛江教育学院,0
5834,广州市公安管理干部学院,0
5835,广东省公安司法管理干部学院,0
5836,广东开放大学,11
5837,广东新华教育学院,1
5838,广东省职工体育运动技术学院,0
5839,广东社会科学大学,0
5840,广州市广播电视大学,3
5841,深圳广播电视大学,4
5842,桂林市职工大学,0
5843,广西壮族自治区经济管理干部学院,0
5844,广西教育学院,6
5845,广西壮族自治区广播电视大学,0
5846,广西政法管理干部学院,7
5847,南宁地区教育学院,2
5848,海南广播电视大学,3
5849,重庆电力职工大学,2
5850,重庆冶金成人学院,0
5851,重庆职工会计专科学校,0
5852,重庆市广播电视大学,2
5853,四川科技职工大学,2
5854,四川省东方动力职工大学,0
5855,中国工程物理研究院职工工学院,0
5856,四川核工业职工大学,4
5857,成都飞机工业公司职工工学院,0
5858,国营涪江机器厂职工大学,0
5859,成都冶金职工大学,0
5860,第五冶金建设公司职工大学,0
5861,成都工业职工大学,0
5862,四川省化工职工大学,0
5863,中国科学院成都分院职工大学,1
5864,广元职工医学院,0
5865,南充市职工大学,0
5866,四川广播电视大学,10
5867,四川省职工运动技术学院,0
5868,成都市职工大学,0
5869,成都广播电视大学,3
5870,贵州铝厂职工大学,0
5871,贵州航空工业职工大学,0
5872,贵州机械工业职工大学,0
5873,贵州广播电视大学,4
5874,云南开放大学,14
5875,南方电力职工大学,0
5876,陕西航天职工大学,0
5877,陕西电子工业职工大学,1
5878,西安航空职工大学,0
5879,西安飞机工业公司职工工学院,0
5880,陕西兵器工业职工大学,4
5881,西北电业职工大学,0
5882,西安铁路工程职工大学,0
5883,西安电力机械制造公司机电学院,0
5884,陕西省建筑工程总公司职工大学,0
5885,西安市职工大学,2
5886,宝鸡市职工大学,0
5887,西安外贸职工大学,1
5888,陕西省宝鸡教育学院,4
5889,陕西省广播电视大学,2
5890,陕西工运学院,0
5891,西安市广播电视大学,9
5892,兰州航空工业职工大学,2
5893,兰州铁路工程职工大学,0
5894,甘肃核工业职工大学,0
5895,银光化学材料厂职工大学,0
5896,甘肃广播电视大学,7
5897,兰州服装职工大学,0
5898,青海省联合职工大学,0
5899,青海省广播电视大学,8
5900,宁夏回族自治区广播电视大学,1
5901,CERNET华东(北)地区网络中心,0
5903,北京大学,118
5904,哈尔滨工业大学（威海）,10
5905,海军大连舰艇学院,0
5906,新疆大学,23
5907,塔里木大学,5
5908,新疆农业大学,11
5909,石河子大学,28
5910,新疆医科大学,9
5911,新疆师范大学,10
5912,喀什大学,0
5913,伊犁师范学院,9
5914,新疆财经大学,20
5915,新疆艺术学院,4
5916,新疆工程学院,2
5917,昌吉学院,7
5918,新疆警察学院,0
5919,新疆大学科学技术学院,0
5920,新疆农业大学科学技术学院,6
5921,新疆医科大学厚博学院,1
5922,新疆财经大学商务学院,1
5923,石河子大学科技学院,2
5924,和田师范专科学校,0
5925,新疆农业职业技术学院,4
5926,乌鲁木齐职业大学,5
5927,新疆维吾尔医学专科学校,0
5928,克拉玛依职业技术学院,1
5929,新疆机电职业技术学院,0
5930,新疆轻工职业技术学院,2
5931,新疆能源职业技术学院,1
5932,昌吉职业技术学院,6
5933,伊犁职业技术学院,2
5934,阿克苏职业技术学院,1
5935,巴音郭楞职业技术学院,0
5936,新疆建设职业技术学院,5
5937,新疆兵团警官高等专科学校,0
5938,新疆现代职业技术学院,1
5939,新疆天山职业技术学院,1
5940,新疆交通职业技术学院,0
5941,新疆石河子职业技术学院,5
5942,新疆职业大学,2
5943,新疆体育职业技术学院,0
5944,新疆应用职业技术学院,1
5945,新疆师范高等专科学校,2
5946,新疆铁道职业技术学院,0
5947,新疆生产建设兵团兴新职业技术学院,3
5948,哈密职业技术学院,0
5949,新疆科技职业技术学院,0
5950,新疆维吾尔自治区钢铁公司职工大学,0
5951,新疆生产建设兵团广播电视大学,2
5952,新疆维吾尔自治区广播电视大学,3
5953,喀什教育学院,0
5954,新疆生产建设兵团教育学院,0
5955,和田地区教育学院,0
5956,阿克苏教育学院,0
5957,第二军医大学,16
5958,西安航空技术高等专科学校,0
5959,河北师范大学附属民族学院,0
5960,河北大学医学部,0
5961,衡阳财经工业学院,0
5962,广州大学市政技术学院,0
5963,湖北大学职业技术学院,0
5964,广西广播电视大学,2
5965,广东医学院东莞校区,0
5966,太原电力高等专科学校,0
5967,四川音乐学院绵阳艺术学院,0
5968,郑州轻工业学院轻工职业学院,0
5969,河北农业大学海洋学院,1
5970,河北艺术职业学院,1
5971,武汉大学医学院职业技术学院,0
5972,山西同文外语职业学院,0
5973,福建中医学院五洲科技学院,0
5974,天津职业大学,5
5975,西南大学荣昌校区,0
5976,曲阜师范大学杏坛学院,0
5977,黑龙江畜牧兽医职业学院,0
5978,山东科技大学济南校区,1
5979,华侨大学厦门校区,0
5980,江汉大学实验师范学院,0
5982,内蒙古大学鄂尔多斯学院,0
5983,上海托普信息技术职业学院,0
5984,山东丝绸纺织职业学院,0
5985,黑龙江农垦林业职业技术学院,0
5986,新疆教育学院,0
5987,江苏工业学院怀德学院,1
5988,哈尔滨现代公共关系职业学院,0
5989,汕头大学医学院,2
5990,遵义医学院珠海校区,2
5991,河北大学人民武装学院,0
5992,湖南信息科学职业学院,0
5993,长沙社会安全职业技术学院,0
5994,河北联合大学冀唐学院,1
5995,河北理工大学,0
5996,山西生物应用职业技术学院,0
5997,广州大学纺织服装学院,0
5998,郑州大学西亚斯国际学院,6
5999,福州外语外贸职业技术学院,0
6000,锦州商务职业学院,0
6001,沈阳工业大学辽阳校区,0
6002,北京建筑工程学院,1
6003,江西中医学院科技学院,0
6004,石家庄外经贸职业学院,0
6005,广东财经职业学院,0
6006,内蒙古农业大学职业技术学院,3
6007,赣南教育学院,0
6008,北京工业大学通州分校,0
6009,山东轻工业学院财政与金融学院,0
6010,河海大学常州校区,9
6011,贵州亚泰职业学院,0
6012,济南铁道职业技术学院,2
6013,广西经济管理干部学院,1
6014,沈阳职业技术学院计算机学院,0
6015,南京邮电大学吴江学院,0
6016,青海大学化工学院,0
6017,北京科技大学延庆分校,0
6018,上海交通大学医学院,11
6019,河南省建筑职工大学,0
6020,安徽文达信息技术职业学院,0
6021,河池职业学院,1
6022,山东财政学院东方学院,0
6023,哈尔滨医科大学大庆校区,7
6024,浙江广播电视大学,13
6025,辽宁警官高等专科学校,1
6026,福州教育学院,0
6027,云南医学高等专科学校,0
6028,内蒙古师范大学人民武装学院,0
6029,华侨大学泉州校区,0
6030,芜湖信息技术职业学院,0
6031,内蒙古大学交通学院,0
6032,石家庄外国语职业学院,0
6033,北京新圆明职业学院,9
6034,河北大学工艺美术学院,0
6035,广东食品药品职业技术学院,0
6036,石河子职业技术学院,0
6037,陕西国际商贸职业学院,1
6038,新余钢铁有限责任公司职工大学,0
6039,云南北美职业学院,0
6040,山西兴华职业学院,2
6041,四川工业管理职业学院,0
6042,上海医疗器械高等专科学校,0
6043,遵义医专,0
6044,复旦大学太平洋金融学院,0
6045,青海大学财经学院,1
6046,内蒙古大学满洲里学院,0
6047,平凉医学高等专科学校,0
6048,海南万和信息职业技术学院,0
6049,新汶矿业职工大学,0
6050,黑龙江工商职业技术学院,0
6051,上海医药高等专科学校,1
6052,唐山学院东校区,0
6053,包头医学院,5
6054,紫琅职业技术学院,0
6055,中南大学铁道校区,0
6056,西藏农牧学院,1
6057,江苏食品职业技术学院,5
6058,哈尔滨华夏计算机职业技术学院,0
6059,暨南大学深圳旅游学院,0
6060,沈阳医学院何氏视觉科学学院,0
6061,首都经济贸易大学密云分校,0
6062,华侨大学福建音乐学院,0
6063,辽宁大学广播影视学院（南院）,0
6064,天津外国语学院滨海外事学院,0
6065,吉林经济职业技术学院,0
6066,山东省贸易职工大学,1
6067,中原工学院广播影视职业学院,2
6068,郑州大学体育学院,2
6069,宁波广播电视大学,3
6070,内蒙古师范大学青年政治学院,0
6071,华北煤炭医学院,0
6072,保山师范高等专科学校,0
6073,青海大学医学院,0
6074,贵港职业学院,0
6075,新疆工业高等专科学校,0
6076,河南工业大学化学工业职业学院,2
6077,河北联合大学轻工学院,0
6078,中国地质大学江城学院,1
6079,河北农业大学中兽医学院,0
6080,中国海洋大学青岛学院,0
6081,郑州华信职业技术学院,0
6082,长沙通信职业技术学院,0
6083,山东科技大学泰安校区,0
6084,福建师范大学福清分校,2
6085,华南师范大学南海校区,0
6086,四川农业大学都江堰校区,0
6087,东北大学秦皇岛分校,9
6088,北岳职业技术学院,0
6089,大连工业大学职业技术学院,0
6090,青海大学农牧学院,0
6091,江苏科技大学南徐学院,0
6092,中国石油大学（华东）东营校区,0
6093,四川经济管理学院,0
6094,广西警官高等专科学校,0
6095,山东经济学院燕山学院,1
6096,云南广播电视大学,1
6097,淮北煤炭师范学院信息学院,0
6098,华南师范大学增城学院,0
6099,滨州医学院烟台校区,1
6100,柳州运输职业技术学院,0
6101,同济大学同科学院,0
6102,辽宁信息职业技术学院,0
6103,文山师范高等专科学校,0
6104,湖北财经高等专科学校,0
6105,三峡大学职业技术学院,0
6106,郑州轻工业学院民族职业学院,0
6107,南京人口管理干部学院,0
6108,辽宁美术职业学院,0
6109,南京化工职业技术学院,1
6110,郑州经贸职业学院,0
6111,广东茂名幼儿师范专科学校,2
6112,桂林工学院南宁分院,0
6113,贵州科技工程职业学院,0
6114,沈阳航空工业学院北方科技学院,0
6115,山东广播电视大学,4
6116,山东大王职业学院,0
6117,吉林财经大学信息经济学院,0
6118,辽宁省体育运动技术学院,0
6119,内蒙古大学艺术学院,6
6120,东北石油大学秦皇岛分校,0
6121,嘉应学院医学院,2
6122,黑龙江广播电视大学,5
6123,广州医学院护理学院,0
6124,唐山师范学院玉田分校,1
6125,鲁迅美术学院大连校区,0
6126,潍坊教育学院,0
6127,天津广播电视大学,8
6128,江西科技师范学院理工学院,0
6129,陕西纺织服装职业技术学院,0
6130,郑州轻工业学院易斯顿（国际）美术学院,2
6131,南京农业大学工学院,1
6132,暨南大学珠海学院,1
6133,中南大学湘雅医学院,0
6134,江西理工大学南昌校区,1
6135,广西卫生管理干部学院,0
6136,开封教育学院,0
6137,聊城教育学院,1
6138,湖北中医学院生物医药工程学院,1
6139,安徽工程科技学院机电学院,0
6140,天津对外经济贸易职业学院,0
6141,青海师范大学泸州校区,0
6142,绍兴文理学院上虞分院,0
6143,包头师范学院,5
6144,重庆民生职业技术学院,0
6145,唐山师范学院滦州分校,0
6146,兰州商学院长青学院,0
6147,广州医学院从化学院,0
6148,安徽信息工程学院,16
6149,宁波（中国）供应链创新学院,0
6150,武汉外国语学校,1
6151,宁夏交通学校,1
6152,CERNET,3
6153,教育部,31
6154,哈尔滨音乐学院,2
6155,大连广播电视大学,3
6156,安徽行政学院,7
6158,协同单位,0
6159,上海公安学院,0
6160,上海旅游高等专科学校,7
6161,上海城建职业学院,1
6162,上海立信会计金融学院,10
6163,上海市教育委员会,3
6164,上海市崇明艺铭进修学院,0
6165,上海中成协培训中心,0
6166,上海城建工程进修学院,0
6167,上海中金国泰艺术与管理进修学院,0
6168,上海亚洲艺术品金融商业管理进修学院,2
6169,上海协同创新进修学院,0
6170,上海闵行区大拇指教育进修学校,0
6171,上海市易学进修学院,0
6172,上海闵行区未来业余培训学校,0
6173,上海嘉定博明翰进修学院,0
6174,上海市育辛进修学院,0
6175,上海市黄浦工商进修学院,0
6176,上海市宇振国际文化进修学院,1
6177,上海市工业经济管理进修学院,0
6178,上海市沪江进修学院,0
6179,上海当代人才进修学院,0
6180,上海市南声进修学院,0
6181,上海时代远程继续教育进修学院,0
6182,上海新世界进修学院,0
6183,上海西电专修学院,0
6184,上海世新进修学院,0
6185,上海市时尚之都文化艺术进修学院,0
6186,上海市民立进修学院,0
6187,上海教卫进修学院,0
6188,上海市亿事达商务进修学院,0
6189,上海市创明进修学院,0
6190,上海市国际语言进修学院,0
6191,上海正大商务专修学院,0
6192,上海社会科学进修学院,0
6193,上海亚太进修学院,0
6194,上海市华夏进修学院,0
6195,上海市企业管理进修学院,0
6196,上海市新时代进修学院,0
6197,上海市沪光进修学院,0
6198,上海市江南进修学院,0
6199,上海黄浦行知进修学院,0
6200,上海市对外人力资源进修学院,0
6201,上海市震旦进修学院,0
6202,上海特爱外语进修学院,0
6203,上海金领进修学院,0
6204,上海民办卢湾前进进修学院,0
6205,上海建设审计进修学院,0
6206,上海远驰专修学院,1
6207,上海众华会计进修学院,0
6208,上海浦江商务专修学院,0
6209,上海民办前进进修学院,0
6210,上海市西南进修学院,0
6211,上海东华国际人才研修学院,1
6212,上海申洋国际交流进修学院,1
6213,上海华东电脑进修学院,0
6214,上海博华进修学院,0
6215,上海市民进自强进修学院,0
6216,上海仁济专修学院,1
6217,上海市新知进修学院,0
6218,上海市计算机信息进修学院,0
6219,上海裕德进修学院,0
6220,上海国际文化进修学院,0
6221,上海房地产专修学院,0
6222,上海市徐家汇工商管理进修学院,0
6223,上海市永强进修学院,0
6224,上海交慧人才专修学院,0
6225,上海市长宁科技进修学院,0
6226,上海市新江进修学院,0
6227,上海英豪教育进修学院,0
6228,上海多芬纳金融管理进修学院,0
6229,上海市现代领导进修学院,0
6230,上海市中西创新进修学院,0
6231,上海市行知进修学院,0
6232,上海长宁韦博进修学院,0
6233,上海市华贸进修学院,0
6234,上海市新青年进修学院,0
6235,上海市春申旅游进修学院,0
6236,上海欧文经济进修学院,0
6237,上海市对外文化交流进修学院,0
6238,上海市对外经贸进修学院,0
6239,上海佳华教育进修学院,0
6240,上海东方文化艺术进修学院,0
6241,上海同复人商贸进修学院,0
6242,上海人大人继续教育进修学院,0
6243,上海金成进修学院,0
6244,上海市惠丰经济管理进修学院,0
6245,上海农工商连锁经营进修学院,0
6246,上海东方现代教育进修学院,0
6247,上海市城市规划进修学院,0
6248,上海中博专修学院,0
6249,上海现代经济管理进修学院,0
6250,上海上大文化进修学院,0
6251,上海中国书画专修学院,0
6252,上海江阳专修学院,0
6253,上海市文汇新民进修学院,0
6254,上海市复光进修学院,0
6255,上海市继续教育进修学院,0
6256,上海市久隆电力进修学院,0
6257,上海远志专修学院,0
6258,上海南开允能进修学院,0
6259,上海人才教育进修学院,0
6260,上海富民进修学院,0
6261,上海现代文化技术培训学院,0
6262,上海沪东中华进修学院,0
6263,上海市财务管理进修学院,0
6264,上海南方科技专修学院,0
6265,上海现代服务外包专修学院,0
6266,上海长虹科技进修学院,0
6267,上海市求索进修学院,0
6268,上海东方剑桥专修学院,0
6269,上海市成才教育进修学院,0
6270,上海市先知进修学院,0
6271,上海市沪东科技进修学院,1
6272,上海市复旦求是进修学院,0
6273,上海市创新文化科技进修学院,0
6274,上海市创业专修学院,0
6275,上海震东商务进修学院,0
6276,上海天翔进修学院,0
6277,上海百联商贸进修学院,0
6278,上海市兰生外经贸进修学院,0
6279,上海市东亚进修学院,0
6280,上海市英才进修学院,1
6281,上海同华进修学院,0
6282,上海市同大浦江进修学院,0
6283,上海市复旦科华教源进修学院,0
6284,上海光明进修学院,0
6285,上海市同联人文艺术专修学院,0
6286,上海国防教育进修学院,0
6287,上海市经济管理进修学院,0
6288,上海燎原进修学院,0
6289,上海嘉华进修学院,0
6290,上海大众工业专修学院,0
6291,上海伯奎口才交际进修学院,0
6292,上海国际汽车城人才培训学院,0
6293,上海市浦东科技进修学院,0
6294,上海市中科大进修学院,0
6295,上海市展望发展进修学院,0
6296,上海市三达进修学院,0
6297,上海市广博进修学院,1
6298,上海市浦东侨友进修学院,0
6299,上海市申信信息技术专修学院,0
6300,上海市财达进修学院,0
6301,上海市市中教育专修学院,0
6302,上海大成思苑进修学院,0
6303,上海市张江专修学院,0
6304,上海育英进修学院,0
6305,上海市金桥专修学院,0
6306,上海凯洛泽管理进修学院,0
6307,上海市晨光进修学院,0
6308,上海德明进修学院,0
6309,上海佳育管理进修学院,0
6310,上海非凡进修学院,1
6311,上海智优经理人进修学院,0
6312,上海圆桌进修学院,0
6313,上海新华进修学院,0
6314,上海升辉管理进修学院,0
6315,上海市闻乐进修学院,0
6316,上海华东人才专修学院,0
6317,上海同德教育专修学院,0
6318,上海城市经济进修学院,0
6319,上海未来路进修学院,0
6320,上海理财专修学院,0
6321,上海锦江国际管理专修学院,0
6322,上海复旦科技园进修学院,0
6323,上海申电进修学院,0
6324,上海奥根航空乘务专修学院,0
6325,上海欧伦进修学院,0
6326,上海恒泰金融管理专修学院,0
6327,上海蒙特梭利教育进修学院,0
6328,上海英德进修学院,0
6329,上海东方文化进修学院,0
6330,上海中意专修学院,0
6331,上海财智进修学院,0
6332,上海市学尔森专修学院,0
6333,上海商业金融专修学院,0
6334,上海金城文物艺术专修学院,0
6335,上海嘉定现代科技专修学院,0
6336,上海协进高级管理进修学院,0
6337,上海华东电商科技专修学院,0
6338,上海博世凯进修学院,1
6339,上海张江信息技术专修学院,0
6340,上海言子教育进修学院,6
6341,上海南洋科技进修学院,0
6342,上海同道进修学院,0
6343,上海英士专修学院,0
6344,上海市上体英才进修学院,0
6345,上海市乐宁进修学院,0
6346,上海天华进修学院,0
6347,上海交网进修学院,0
6348,上海光华进修学院,0
6349,上海经营者进修学院,0
6350,上海纽尔玛营养健康管理进修学院,0
6351,上海市中华职业第二进修学院,0
6352,上海达尔进修学院,1
6353,上海文化人才进修学院,0
6354,上海同创职业进修学院,1
6355,上海华文进修学院,1
6356,上海市崇明民乐进修学院,0
6357,上海交大南洋现代教育中心,0
6358,上海市东之星专修学院,0
6359,上海长三角航空服务培训中心,0
6360,上海华是进修学院,0
6361,上海辅盛管理进修学院,0
6362,上海华夏艺术专修学院,0
6363,上海施福德进修学院,0
6364,上海市蒙太奇文化艺术进修学院,1
6365,上海航培培训学院,0
6366,上海市精华外语专修学院,0
6367,上海国际交流进修学院,0
6368,上海申安公共管理进修学院,0
6369,上海易进文化进修学院,0
6370,上海道生文化专修学院,0
6371,上海金诚专修学院,0
6372,上海凯声商事专业调解资格培训中心,0
6373,上海复通经济金融专修学院,0
6374,上海陆家嘴期货进修学院,0
6375,上海财大科技园培训中心,0
6376,上海复新进修学院,1
6377,上海汇文进修学院,0
6378,上海艾蒙时尚设计专修学院,0
6379,上海数控工程技术专修学院,0
6380,上海新康进修学院,0
6381,昭通卫生职业学院,0
6382,大理护理职业学院,0
6383,云南水利水电职业学院,1
6384,国家开放大学,11
6385,中国防卫科技学院,0
6386,北京网络职业学院,0
6387,北京市教育委员会,1
6388,北京兴华大学,0
6389,北京应用技术大学,0
6390,北京管理软件进修学院,0
6391,北京建设大学,0
6392,北京人文大学,1
6393,北京世华管理专修学院,0
6394,北京黄埔大学,0
6395,北京金融学院,0
6396,北京财经专修学院,0
6397,北京民族大学,0
6398,北京工商管理专修学院,0
6399,中国农民大学,0
6400,北京东方大学,0
6401,北京明园大学,0
6402,现代管理大学,17
6403,北京国际青年研修学院,0
6404,北京涉外经济专修学院,0
6405,北京航空旅游专修学院,2
6406,北京京海研修学院,0
6407,北京高等秘书研修学院,0
6408,北京国际标准舞研修学院,1
6409,北京新亚研修学院,0
6410,北京影视研修学院,0
6411,东方文化艺术学院,0
6412,北京八维研修学院,0
6413,北京现代音乐研修学院,0
6414,北京北大资源研修学院,2
6415,北京华大研修学院,2
6416,北京军地专修学院,0
6417,北京中国驻颜美容学院,0
6418,北京计算机专修学院,0
6419,北京华嘉专修学院,0
6420,北京文理研修学院,1
6421,北京国际经贸研修学院,1
6422,北京机械工程师进修学院,0
6423,北京演艺专修学院,0
6424,北京企业管理研修学院,0
6425,北京东方研修学院,2
6426,北京世贤研修学院,0
6427,北京心理学函授学院,0
6428,北京摄影函授学院,0
6429,中国逻辑与语言函授大学,0
6430,蒙代尔国际企业家大学,0
6431,北京国际汉语学院,3
6432,北京礼仪专修学院,0
6433,北京珠宝首饰研修学院,0
6434,北京经济技术研修学院,0
6435,中国教育国际交流研修学院,1
6436,北京东方妇女老年大学,0
6437,北京汉语国际推广中心,0
6438,北京彼得·德鲁克管理研修学院,0
6439,中关村创新研修学院,0
6440,北京韩红艺术研修学院,0
6441,中国现代教育研修中心,0
6442,北京美国英语语言学院,0
6443,北京华夏管理学院,0
6444,北京国际商务学院,3
6445,北京瀚林职业研修学院,0
6446,北京经济研修学院,0
6447,北京盛唐研修学院,0
6448,北京长城研修学院,0
6449,北京翻译研修学院,0
6450,北京当代艺术研修学院,1
6451,北京民生财富研修学院,0
6452,北京高等珠宝研修学院,0
6453,吉林职业技术学院,1
6454,吉林省外国语言文化专修学院,0
6455,吉林国际语言文化学院,0
6456,吉林俄语专修学院,0
6457,吉林省计算机专修学院,0
6458,吉林工商管理专修学院,0
6459,吉林公共关系专修学院,0
6460,吉林传播专修学院,0
6461,吉林现代技术专修学院,0
6462,白山职业专修学院,0
6463,吉林省博泰专修学院,0
6464,私立松花江大学,0
6465,吉林书画专修学院,0
6466,长春树仁专修学院,0
6467,吉林涉外经济专修学院,0
6468,四川大学华西青羊校区,1
6469,四川成都软件技术专修学院,0
6470,四川中科信息技术专修学院,0
6471,成都博才专修学院,0
6472,成都市新时代舞蹈专修学院,0
6473,四川时代专修学院,1
6474,西南交通大学现代管理研修学院,0
6475,成都成电纵横科技培训学院,0
6476,四川蜀兴文化产业专修学院,0
6477,四川广电专修学院,0
6478,四川弘道经理学院,0
6479,四川中山学院,0
6480,民盟成都社会大学,0
6481,四川五月花专修学院,1
6482,成都东星航空旅游专修学院,0
6483,四川大唐专修学院,0
6484,四川华夏专修学院,0
6485,四川光华学院,0
6486,四川联合经济专修学院,0
6487,四川爱华学院,1
6488,成都蜀商专修学院,0
6489,成都嘉华建筑专修学院,0
6490,华夏语言专修学院,0
6491,巴蜀画派专修学院,0
6492,四川旅游专修学院,0
6493,四川法商专修学院,0
6494,四川新华科技学院,0
6495,四川广汉速记秘书学院,0
6496,四川省建筑技术进修学院,0
6497,四川联合高等职业学院,1
6498,四川育达专修学院,0
6499,四川禾嘉学院,0
6500,四川自贡兴华高等职业专修学院,0
6501,四川外语专修学院,0
6502,四川金海数码网络技术专修学院,0
6503,四川科发计算机专修学院,0
6504,四川西南航空专修学院,0
6505,四川贡院电影电视教育发展研究中心,0
6506,德阳信息工程专修学院,0
6507,天津市大学软件学院,1
6508,天津中德应用技术大学,1
6509,天津市教育委员会,0
6510,宁夏葡萄酒与防沙治沙职业技术学院,0
6511,安庆大学,0
6512,安徽中华职业专修学院,1
6513,中国计算机函授学院,0
6514,安徽高新专修学院,0
6515,安徽新华电脑专修学院,0
6516,安徽世杰电脑专修学院,0
6517,安徽国华教育专修学院,0
6518,安徽安广科技专修学院,0
6519,山东冶金管理干部学院,0
6520,山东省经济管理干部学院,0
6521,烟台黄金职业学院,0
6522,青岛市招生考试中心,0
6523,中国书画装裱工艺学院,0
6524,山东人民专修学院,0
6525,山东中印服务外包专修学院,0
6526,山东博大职业专修学院,0
6527,山东济南物业管理专修学院,0
6528,民办山东建设学院,0
6529,山东黄河职业专修学院,0
6530,山东济南华洋职业专修学院,1
6531,山东通信技术专修学院,0
6532,山东师创软件实训学院,0
6533,山东科技进修学院,2
6534,山东科技防卫专修学院,0
6535,山东社会科学进修学院,0
6536,山东海天软件工程专修学院,1
6537,山东志诚动漫游戏专修学院,0
6538,山东省立医院科卫专修学院,0
6539,山东泰山管理研修学院,0
6540,山东华夏艺术专修学院,2
6541,青岛海川商务专修学院,0
6542,青岛华侨老年文化艺术专修学院,0
6543,青岛军政人文大学,0
6544,青岛蕴德卫生干部进修学院,0
6545,青岛科技干部进修学院,0
6546,青岛智达人才专修学院,0
6547,青岛成高文理专修学院,0
6548,青岛华夏管理专修学院,1
6549,青岛海湾理工专修学院,0
6550,青岛飞洋创业人才培训学院,0
6551,青岛航空科技专修学院,0
6552,青岛中国书法进修学院,0
6553,青岛拓谱信息工程专修学院,0
6554,青岛华夏职业技术专修学院,0
6555,青岛远程经法专修学院,0
6556,青岛中艺设计交流专修学院,0
6557,青岛楷博国际教育交流专修学院,0
6558,青岛博达科技培训学院,0
6559,青岛华商工商管理培训学院,0
6560,青岛明知职业技术专修学院,0
6561,青岛华海理工专修学院,0
6562,青岛华文科技专修学院,0
6563,青岛老协书画专修学院,0
6564,青岛民航专修学院,0
6565,青岛橡胶轮胎工程专修学院,0
6566,烟台文化艺术专修学院,0
6567,烟台信息工程专修学院,0
6568,烟台黄金职业技术专修学院,0
6569,烟台商务专修学院,0
6570,烟台中医药专修学院,0
6571,烟台亚太外国语专修学院,0
6572,烟台海德职业专修学院,0
6573,青岛黄浦职业专修学院,0
6574,潍坊科技专修学院,0
6575,青岛东海现代制造技术培训学院,0
6576,山东海大航海技术专修学院院,0
6577,山东威海外国语进修学院,0
6578,青岛明天职业技术专修学院,0
6579,青岛华威国际教育交流专修学院,1
6580,青岛海大工程专修学院,0
6581,青岛博川经济专修学院,2
6582,德州汽车摩托车专修学院,1
6583,山东综合科技专修学院,0
6584,山东鲁商学院,0
6585,青岛北港科技专修学院,0
6586,青岛海滨职业技术专修学院,0
6587,山东万达旅游专修学院,0
6588,山东日照海事专修学院,0
6589,菏泽新闻专修学院,0
6590,菏泽文化艺术专修学院,0
6591,菏泽万通计算机专修学院,0
6592,山东枣庄华夏专修学院,0
6593,山西能源学院,1
6594,山西经贸职业学院,1
6595,山西通才培训学院,0
6596,山西兴华科技专修学院,0
6597,山西中日友好科技专修学院,0
6598,山西硅谷科技专修学院,0
6599,山西学府律师专修学院,0
6600,山西通用科技专修学院,0
6601,山西华美专修学院,1
6602,山西天合职业专修学院,0
6603,山西培深科技专修学院,0
6604,晋美工商管理专修学院,0
6605,山西老区医学专修学院,0
6606,山西现代经贸专修学院,0
6607,山西康育医学专修学院,0
6608,山西经济专修学院,0
6609,山西德诚经贸专修学院,0
6610,太原财会专修学院,0
6611,山西建筑工程专修学院,0
6612,山西东方涉外经济专修学院,0
6613,山西职业专修学院,0
6614,山西心理教育专修学院,0
6615,山西外语专修学院,0
6616,山西商贸专修学院,0
6617,山西兴业工商专修学院,0
6618,山西金融专修学院,0
6619,山西汽车科技专修学院,0
6620,山西高新科技专修学院,0
6621,山西华盛留学预科专修学院,0
6622,山西铭典网络科技专修学院,0
6623,山西青年职业技术专修学院,0
6624,山西广泰财贸专修学院,0
6625,山西教授协会培训中心,0
6626,山西荣鑫职业专修学院,0
6627,晋城科技专修学院,0
6628,山西萨克森HEC—外语培训学院,0
6629,山西大任外国语培训学院,0
6630,山西河东旅游专修学院,0
6631,山西正枫英语培训中心,0
6632,山西平阳医学专修学院,0
6633,山西可幻外事专修学院,0
6634,大同云冈职业专修学院,0
6635,山西美源口腔科技专修学院,0
6636,山西晋城现代理工专修学院,0
6637,太原启智科技专修学院,0
6638,山西金盛职业教育培训中心,0
6639,山西财经管理专修学院,0
6640,太原北斗消防教育培训学院,0
6641,山西先知人才培训中心,0
6642,山西广电传媒艺术培训学院,0
6644,广州卫生职业技术学院,1
6645,广东以色列理工学院,0
6646,广东省外语艺术职业学院,0
6647,深圳北理莫斯科大学,0
6648,广东酒店管理职业技术学院,0
6649,湛江幼儿师范专科学校,2
6651,广东茂名健康职业学院,0
6652,广东科技进修学院,0
6653,广东诚美计算机专修学院,0
6654,广东现代管理专修学院,0
6655,广州岭南美术专修学院,0
6656,广东法商专修学院,0
6657,广东北达经贸专修学院,0
6658,广州珠江管理专修学院,0
6659,广州侨光财经专修学院,0
6660,广州应用科技专修学院,0
6661,广州羊城科技专修学院,3
6662,广州穗华科技专修学院,0
6663,广州经济技术专修学院,0
6664,广州书画专修学院,0
6665,广州中成软件技术培训学院,0
6666,广州远东外语外贸专修学院,0
6667,汕头粤东科技专修学院,0
6668,东莞科技进修学院,0
6669,东莞市联合管理专修学院,0
6670,东莞育才科技专修学院,0
6671,东莞南方科技专修学院,0
6672,湛江智洋外语专修学院,0
6673,湛江湛港职业专修学院,0
6674,高州时代专修学院,0
6675,高州科技专修学院,0
6676,潮州韩江专修学院,0
6677,广州市华大外语外贸专修学院,0
6678,广东博雅专修学院,0
6679,汕头三江专修学院,0
6680,汕头星河专修学院,0
6681,广东侨鑫培训学院,0
6682,广西蓝天航空职业学院,0
6683,玉柴职业技术学院,0
6684,吐鲁番职业技术学院,0
6685,新疆工业职业技术学院,0
6686,南京晓庄学院行知学院,0
6687,淮阴工学院江淮学院,0
6688,常州工学院延陵学院,0
6689,徐州医科大学华方学院,0
6690,江苏技术师范学院东方学院,1
6691,江苏教育学院(中),0
6692,苏州百年职业学院,3
6693,淮海工学院东港学院,0
6694,苏州职业大学,0
6695,南京艺术学院尚美学院,0
6696,南京林业大学南方学院,0
6697,江苏安全技术职业学院,0
6698,盐城师范学院黄海学院,0
6699,盐城工学院博雅学院,0
6700,南京工程学院康尼学院,0
6701,常熟理工学院虞山学院,0
6702,扬州市职业大学,6
6703,淮阴师范学院文通学院,0
6704,金陵科技学院龙蟠学院,0
6705,江苏航空职业技术学院,3
6706,赣南卫生健康职业学院,0
6707,华忆科技专修学院,0
6708,江西美术专修学院,0
6709,江西电信专修学院,0
6710,江西洪城专修学院,0
6711,江西江南理工专修学院,0
6712,江西东华科技专修学院,0
6713,江西女子专修学院,0
6714,江西工商专修学院,1
6715,江西东道专修学院,0
6716,江西外贸专修学院,0
6717,江西华夏对外交流专修学院,0
6718,江西经济管理专修学院,0
6719,江西清林专修学院,0
6720,江西天工科技专修学院,0
6721,江西长城专修学院,0
6722,江西长江理工专修学院,0
6723,江西翻译专修学院,0
6724,江西泛美艺术专修学院,0
6725,江西科技管理专修学院,0
6726,江西艺术设计专修学院,0
6727,江西传媒专修学院,0
6728,江西财经专修学院,3
6729,江西汽车专修学院,0
6730,河北水利电力学院,6
6731,河北环境工程学院,1
6732,河北东方学院,4
6733,河北对外经贸职业学院,2
6734,唐山幼儿师范高等专科学校,2
6735,河北地质大学华信学院,0
6736,东方信息安全技术专修学院,0
6737,河北沧州渤海专修学院,0
6738,民办保定育德学院,1
6739,唐山长宁专修学院,0
6740,石家庄柯棣华职业专修学院,1
6741,河北中外文化交流专修学院,0
6742,河北翻译培训学院,0
6743,河北工贸专修学院,0
6744,石家庄企业经营管理专修学院,0
6745,石家庄华美自修学院,0
6746,河北当代文学专修函授学院,0
6747,石家庄建工科技专修学院,0
6748,石家庄圆正外国语专修学院,0
6749,河北邯郸中山专修学院,0
6750,邢台郭守敬职业专修学院,0
6751,邢台光华职业技术专修学院,1
6752,河北家政专修学院,0
6753,保定中山进修学院,0
6754,保定职工教育专修学院,0
6755,保定新华政法专修学院,0
6756,廊坊京安专修学院,0
6757,唐山天成专修学院,1
6758,承德燕北职业技术专修学院,0
6759,石家庄市育英武术专修学院,0
6760,石家庄连邦外国语专修学院,0
6761,河北渤海专修学院,0
6762,河北同仁科技专修学院,0
6763,廊坊东方艺术专修学院,0
6764,河北燕达医学护理培训学院,0
6765,石家庄科技经贸专修学院,0
6766,石家庄高科职业技术专修学院,0
6767,河北万国培训学校,0
6768,河北文理专修学院,0
6769,河北网络培训专修学院,0
6770,石家庄城市科技专修学院,0
6771,河北工商管理专修学院,0
6772,CERNET河南省节点-郑州大学,3
6773,河南省对外经济贸易职工大学,0
6774,河南工学院,4
6775,河南应用技术职业学院,6
6776,河南省轻工业职工大学,0
6777,郑州工商学院,3
6778,河南电力职工大学,0
6779,郑州工程技术学院,7
6780,河南财政金融学院,3
6781,河南卫生干部学院,1
6782,河南通用航空专修学院,0
6783,河南秘协秘书进修学院,0
6784,郑州国际工商专修学院,0
6785,林州科教专修学院,0
6786,南阳书画函授进修学院,0
6787,郑州中原理工专修学院,2
6788,河南高等社会科学进修学院,0
6789,郑州东方专修学院,0
6790,郑州文理专修学院,1
6791,郑州美术进修学院,0
6792,河南省卫生人员高等教育自学考试助学辅导中心,0
6793,郑州财贸专修学院,0
6794,河南金城国际教育培训中心,0
6795,郑州医药专修学院,0
6796,河南利华高等教育中心,0
6797,安阳周易专修学院,0
6798,郑州白求恩医学专修学院,0
6799,郑州法商专修学院,0
6800,河南金辉高等人才培训中心,0
6801,郑州中华职业专修学院,0
6802,河南新闻进修学院,0
6803,中原摄影专修学院,0
6804,郑州高等职业专修学院,0
6805,洛阳新艺影艺专修学院,0
6806,郑州少林武术专修学院,0
6807,南阳新闻高等教育辅导学校,0
6808,洛阳经济专修学院,0
6809,洛阳商贸专修学院,0
6810,洛阳经贸专修学院,0
6811,南阳市高教自考辅导学院,0
6812,焦作自修学院,0
6813,郑州仲景国医专修学院,0
6814,郑州商都专修学院,2
6815,安阳高等专修学院,0
6816,郑州经济专修学院,0
6817,河南教育国际交流专修学院,0
6818,河南未来考试培训中心,0
6819,河南科技专修学院,0
6820,河南华夏专修学院,0
6821,河南津孚国际专修学院,0
6822,河南信息工程专修学院,0
6823,郑州理工专修学院,0
6824,洛阳市西工电大高教辅导中心,0
6825,中国计量大学现代科技学院,0
6826,浙江海洋大学东海科学技术学院,1
6827,昆明铁道职业技术学院,0
6828,浙江音乐学院,2
6829,杭州钱江业余学校,0
6830,浙江安防职业技术学院,3
6831,浙江科贸职业技术学院（筹）,0
6832,浙江青年专修学院,0
6833,浙江女子专修学院,1
6834,浙江求智专修学院,0
6835,浙江现代艺术专修学院,0
6836,浙江新世纪经贸专修学院,0
6837,杭州青年专修学院,4
6838,杭州之江专修学院,0
6839,嘉兴市秀水经济信息专修学院,0
6840,宁波明州职业专修学院,0
6841,浙江江南理工专修学院,1
6842,杭州江南专修学院,0
6843,浙江远大专修学院,0
6844,浙江建人专修学院,0
6845,浙江人才专修学院,2
6846,浙江华川专修学院,0
6847,浙江三联专修学院,0
6848,浙江东南专修学院,0
6849,浙江育人专修学院,0
6850,浙江宇翔外国语专修学院,0
6851,宁波市职业专修学院,0
6852,海南体育职业技术学院,0
6853,湖北师范大学文理学院,1
6854,武当职业学院,1
6855,武汉传媒学院,1
6856,武汉光谷职业学院,0
6857,武汉铁路桥梁职业学院,0
6858,湖北铁道运输职业学院,0
6859,荆门职业学院,0
6860,武汉海事职业学院,0
6861,湖北科技培训学院,0
6862,湖北会计进修学院,0
6863,武汉良济专修学院,0
6864,湖北澳新教育专修学院,0
6865,长江科技专修学院,0
6866,武汉江城国际经贸辅导学院,0
6867,湖北财经专修学院,0
6868,武汉楚天外语辅导学院,0
6869,湖北经济技术专修学院,0
6870,武汉弘博专修学院,0
6871,武汉长江教育专修学院,0
6872,华中法商专修学院,0
6873,武汉现代家政进修学院,0
6874,湖北信息工程专修学院,0
6875,武汉世纪人文科技辅导学院,0
6876,湖北设计专修学院,0
6877,武汉震旦法商专修学院,0
6878,湖北电子信息专修学院,0
6879,国防科学技术大学,1
6880,湖南兵器工业职工大学江麓分校,0
6881,湘潭医卫职业技术学院,14
6882,湖南国防工业职业技术学院,2
6883,湖南高新专修学院,0
6884,湖南工程科技专修学院,0
6885,湖南汉硕国际管理培训学校,0
6886,湖南经济科技专修学院,0
6887,湖南南洋专修学院,0
6888,湖南欧柏泰克互联网专修学院,0
6889,湖南商务进修学院,0
6890,湖南社会科学专修学院,1
6891,湖南湘麓进修学院,0
6892,湖南营销专修学院,0
6893,湖南政法专修学院,0
6894,湖南中山财经专修学院,0
6895,长沙楚材自修大学,0
6896,长沙富岳外国语专修学院,0
6897,长沙麓山专修学院,0
6898,长沙南方科技产业专修学院,0
6899,长沙竞男女子专修学院,0
6900,长沙实验外国语专修学院,0
6901,湖南经济管理专修学院,0
6902,长沙明照日本语专修学院,1
6903,长沙远航翻译专修学院,0
6904,长沙国开外贸外语专修学院,0
6905,湖南公共关系进修学院,0
6906,湖南交通专修学院,0
6907,长沙黄埔外语专修学院,0
6908,长沙财税专修学院,0
6909,长沙春秋进修大学,0
6910,湖南商贸经济管理专修学院,1
6911,湖南应用科技专修学院,0
6912,甘肃能源化工职业学院,0
6913,甘肃财贸职业学院,2
6914,平凉职业技术学院,0
6915,兰州现代职业学院,0
6916,西北师范大学育才专修学院,0
6917,甘肃华约传媒专修学院,0
6918,甘肃省经济技术进修学院,0
6919,甘肃金钟培训学院,0
6920,甘肃建文专修学院,0
6921,甘肃星火职业专修学院,0
6922,甘肃医学培训学院,0
6923,甘肃会计专修学院,0
6924,甘肃省工商培训学院,0
6925,甘肃汉桥语言专修学院,0
6926,甘肃成人继续教育培训学院,0
6927,天水新科技专修学院,0
6928,甘肃新科技专修学院,0
6929,甘肃现代应用技术专修学院,0
6930,兰震培训学院,0
6931,兰州经济信息管理专修学院,0
6932,兰州国际经济专修学院,0
6933,甘肃黄河文理进修学院,0
6934,甘肃尚书堂专修学院,0
6935,甘肃龙华专修学院,0
6936,甘肃力源继续教育培训中心,0
6937,兰州现代管理专修学院,0
6938,兰州新博雅外语专修学院,0
6939,兰州安德外国语专修学院,0
6940,甘肃兰博教育科技培训学院,0
6941,甘肃泽远教育专修学院,0
6942,甘肃敦煌艺术研修中心,0
6943,甘肃省书画研修学院,0
6944,甘肃经纬文化艺术专修学院,0
6945,甘肃星尚文化艺术专修学院,0
6946,甘肃远大继续教育专修学院,0
6947,甘肃冠中艺术专修学院,0
6948,甘肃黄河教育培训专修学院,0
6949,甘肃帕特里克英语教育学校,0
6950,甘肃沁园教育培训中心,0
6951,福建商学院,4
6952,厦门医学院,0
6953,西藏大学财经学院,0
6954,贵州应用技术职业学院,0
6955,贵州电子科技职业学院,1
6956,贵州航空职业技术学院,0
6957,贵州电子商务职业技术学院,2
6958,贵州工程职业学院,0
6959,贵州水利水电职业技术学院,1
6960,贵州工贸职业学院,0
6961,沈阳科技学院,0
6962,锦州医科大学医疗学院,1
6963,抚顺晟文培训中心,0
6964,辽宁石油化工大学高教自考培训中心,0
6965,沈阳科技自考专修学校,0
6966,沈阳大学成人教育学院自学考试培训中心,0
6967,沈阳职工大学高教自考培训学院,0
6968,沈阳振兴高教自考辅导站,0
6969,辽宁省高等教育学会继续教育中心,0
6970,沈阳市统计局教育中心,0
6971,沈阳铁西高教自考培训中心,0
6972,沈阳华联高教自学辅导班,0
6973,沈阳育人高教自考培训学校,0
6974,沈阳亚新高教自考辅导中心,0
6975,沈阳永兴高教自学辅导站,0
6976,沈阳市全成高教自考培训中心,0
6977,大连军盾英才培训学校,0
6978,大连经贸外语培训学院,0
6979,大连富海计算机专修学校,0
6980,大连职业技术学院继续教育培训中心,0
6981,大连广播电视大学培训中心,0
6982,大连工人大学培训中心,0
6983,大连综合中等专业学校培训中心,0
6984,大连外语软件培训学院,0
6985,大工创智信息技术专修学校,0
6986,大连商业文化培训学校,0
6987,大连通才计算机专修学校,0
6988,大连中山新学馆语言培训学校,0
6989,大连关心下一代中山培训学校,0
6990,大连中山文博科技文化培训学校,0
6991,大连市金州现代科技培训学校,0
6992,大连东方外语培训学院,0
6993,大连佳奇外语培训学校,0
6994,大连日韩语翻译专修学校,0
6995,抚顺市浑河高教自考学校,0
6996,抚顺市名教高教自考辅导学校,0
6997,本溪市自学考试辅导中心,0
6998,辽宁理工学院教育中心,0
6999,辽宁工业大学教育培训中心,0
7000,锦州德恒培训学校,0
7001,渤海大学文体艺术教育中心,0
7002,锦州市高教自考学校,0
7003,锦州医科大学培训学院,0
7004,辽宁石化职业技术学院培训中心,0
7005,阜新市彰武县高教自考辅导站,0
7006,阜新市党政干部自修大学,0
7007,阜新市教师进修学院教育培训中心,0
7008,阜新市新艺成人教育培训中心,0
7009,盘锦市高等教育自学考试辅导站,0
7010,盘锦市现代高等教育自学辅导中心,0
7011,铁岭市嘉育自考学校,0
7012,铁岭练江高等教育自学考试学校,0
7013,沈阳天衡高教自考辅导中心,0
7014,抚顺市育人高教自考辅导学校,0
7015,抚顺高山人才自考培训中心,0
7016,渤海大学培训学院,0
7017,沈阳高教自考经济法辅导站,0
7018,辽宁亚太高级管理人才培训中心,0
7019,沈阳市新锐高教自考培训中心,0
7020,沈阳市博星教育培训学校,0
7021,沈阳市新峰伟业教育培训学校,0
7022,沈阳成达高教自考培训学校,0
7023,辽宁铁道职业技术学院培训中心,0
7024,锦州市师范高等专科学校培训中心,0
7025,沈阳源程创新教育培训学校,0
7026,沈阳市尚文教育培训学校,1
7027,沈阳师范大学高教自考辅导中心,0
7028,沈阳工业大学综合教育学院,0
7029,沈阳市理大教育培训学校,0
7030,沈阳海之蓝教育培训中心,0
7031,重庆资源与环境保护职业学院,0
7032,重庆护理职业学院,3
7033,重庆市教育委员会,0
7034,重庆经贸管理专修学院,0
7035,重庆民族专修学院,0
7036,三峡联合职业大学,4
7037,重庆新世纪专修学院,0
7038,重庆应用外国语专修学院,0
7039,重庆科技工程专修学院,0
7040,武警工程学院,1
7041,陕西机电职业技术学院,1
7042,第四军医大学,15
7043,哈尔滨市广播电视大学,0
7044,黑龙江职业技术学院,0
7045,哈尔滨外国语学院,0
7046,黑龙江国际旅游商务学院,0
7047,哈尔滨数字影视专修学院,0
7048,哈尔滨商务专修学院,0
7049,黑龙江新世纪职业培训学院,0
7050,黑龙江滨才学院,1
7051,哈尔滨报达商务学院,0
7052,黑龙江新闻专修学院,0
7053,黑龙江旅游专修学院,0
7054,哈尔滨新北方外国语学院,0
7055,哈尔滨曼哈顿外国语学院,0
7056,牡丹江外国语专修学院,0
7057,鸡西天立外国语专修学院,0
7058,牡丹江高等财经学校,0
7059,牡丹江阳光外国语学院,0
7060,佳木斯千里计算机学院,0
7061,鸡西北方外国语学院,0
7062,双鸭山高等教育自学考试辅导学校,0
7063,哈尔滨阳光计算机专修学院,0
7064,牡丹江迈克尔学院,0
7065,鹤岗才华专修学院,0
7066,黑龙江大鹏传媒学院,0
7067,哈尔滨速读学院,0
7068,牡丹江职业技术专修学院,0
7069,黑龙江国际经贸学院,0
7070,黑龙江对外经济学院,0
7071,黑龙江东方经贸学院,0
7072,牡丹江博大律师专修学院,0
7073,黑龙江民航乘务运输学院,0
7074,哈工大国家大学科技园应用技术学院,0
7075,鸡西诚实学院,0
7076,黑龙江航空旅游专修学院,0
7077,哈尔滨友谊俄语学院,0
7078,哈尔滨弘博学院,0
7079,哈尔滨国际贸易专修学院,0
7080,北京大学深圳研究生院,3
7081,哈尔滨工业大学（深圳）,7
7082,广东省科技职业技术学校,0
7083,中华人民共和国教育部,16
7084,阳江市教育局,0
7085,广东省海洋工程职业技术学校,0
7086,星海音乐学院附属中等音乐学校,1
7087,广东省对外贸易职业技术学校,1
7088,广东南华工商职业学院,4
7089,河源市教育局,0
7090,广东省环境保护职业技术学校,4
7091,广东省理工职业技术学校,1
7092,广东省贸易职业技术学校,2
7093,广州美术学院附属中等美术学校,0
7094,广州市教育局,9
7095,珠海市教育局,0
7096,国土资源部岩溶动力学开放研究实验室,0
7097,沈阳广播电视大学,0
7098,辽宁大学广播影视学院,0
7099,重庆市教育考试院,0
7100,广东省教育考试院,0
7101,抚顺市农业特产学校,0
7102,黑龙江省教育信息中心,0
7103,山东医学高等专科学校济南校区,0
7104,深圳市教育局,4
7105,潮州市教育局,0
7106,广东省经济贸易职业技术学校,5
7107,广东开放大学（广东理工职业学院）,0
7108,中国人民解放军第三军医大学,11
7109,广东省旅游职业技术学校,1
7110,滇西应用技术大学,2
7111,中山市教育和体育局,0
7112,济南交通技师学院,0
7113,山东大学威海校区,23
7114,汕头市教育局,0
7115,广东省财经职业技术学校,0
7116,广东省华侨职业技术学校,0
7117,长亭测试机构,0
7119,广东省电子职业技术学校,1
7120,广东省食品药品职业技术学校,0
7121,测试,0
7122,长春师范高等专科学校,1
7123,吉林华侨外国语学院,4
7124,天津滨海汽车工程职业学院,0
7125,广东实验中学,0
7126,广东省财政职业技术学校,1
7127,惠州工程职业学院,0
7128,安徽省教育信息咨询中心,0
7129,天津市老年人大学,0
7130,广东省丝绸职业技术学校,0
7131,梅州市教育局,0
7132,广东开放大学附属职业技术学校,0
7133,广东江门中医药职业学院,0
7134,广东省旅游商务职业技术学校,0
7135,广西安全工程职业技术学院,0
7136,广西广播电视大学广西壮族自治区广播电视大学,0
7137,安医大临床医学院,0
7138,四川航天职业技术学院（四川航天高级技工学校）,1
7139,广东教科网,0
7140,中国社会科学院大学,0
7141,广东省培英职业技术学校,0
7142,宁夏警官职业学院,0
7143,云南工贸职业技术学院,0
7144,云南交通运输职业学院,0
7145,云南特殊教育职业学院,3
7146,云南轻纺职业学院,0
7147,北京市东城区职业大学,0
7148,吉林广播电视大学白山分校,0
7149,吉林水利电力职业学院,0
7150,长春健康职业学院,0
7151,四平市教育学院,0
7152,攀枝花广播电视大学,1
7153,宁夏体育职业学院,0
7154,阜阳电大,0
7155,滁州广播电视大学,0
7156,济宁教育学院,0
7157,佛山开放大学,0
7158,佛山市高明区开放大学,0
7159,惠州市广播电视大学,0
7160,肇庆广播电视大学,1
7161,桂林广播电视大学,2
7162,南京高等职业技术学校,1
7163,港澳地区高校,0
7164,江苏旅游职业学院,4
7165,琼州学院,1
7166,新疆生产建设兵团教育局,0
7167,香港特别行政区,3
7168,澳门特别行政区,1
7169,兵团广播电视大学,0
7170,博尔塔拉职业技术学院,0
7171,江苏医药职业学院,0
7172,江苏卫生健康职业学院,0
7173,盐城幼儿师范高等专科学校,0
7174,苏州幼儿师范高等专科学校,0
7175,苏州旅游与财经高等职业技术学校,0
7176,苏州建设交通高等职业技术学校,0
7177,苏州高等职业技术学校,0
7178,南京卫生学校,0
7179,扬州高等职业技术学校,0
7180,扬州旅游商贸学校,0
7181,南京城市职业学院（南京市广播电视大学）,0
7182,豫章师范学院,0
7183,江西省上饶师范学校,0
7184,江西省崇仁师范学校,0
7185,赣州广播电视大学（国家开放大学赣州学院）,1
7186,抚州幼儿师范高等专科学校,0
7187,曹妃甸职业技术学院,4
7188,河南财政金融学院（象湖校区）,0
7189,河南财政金融学院（龙子湖校区）,0
7190,河南测绘职业学院,0
7191,驻马店幼儿师范高等专科学校,0
7192,三门峡社会管理职业学院,0
7193,河南省工业设计学校,0
7194,浙江广播电视大学永嘉学院,0
7195,浙江广播电视大学嘉善学院,0
7196,三亚中瑞酒店管理职业学院,1
7197,长江艺术工程职业学院,0
7198,荆州教育学院（荆州市广播电视大学）,0
7199,国防科技大学,4
7200,湖南省邵阳师范学校,0
7201,三明医学科技职业学院,0
7202,福州墨尔本理工职业学院,0
7203,武平县教师进修学校,0
7204,贵州警察学院,0
7205,贵州健康职业学院,0
7206,贵州经贸职业技术学院,0
7207,贵州护理职业技术学院,0
7208,贵州装备制造职业学院,0
7209,贵州食品工程职业学院,0
7210,茅台学院,0
7211,桓仁满族自治县教师进修学校,0
7212,重庆科技职业学院,0
7213,重庆广播电视大学渝中分校,0
7214,黑龙江能源职业学院,0
7215,哈尔滨城市职业学院,0
7216,西湖大学,0
7217,其他,5
7218,香港浸会大学,3
7219,香港中文大学,1
7220,江苏汇文软件有限公司,0
