9,1106,测试xss:&lt;script&gt;alert(&quot;xss test&quot;);&lt;/script&gt;
9,2307,什么时候公开漏洞诶
9,2439,测试&lt;/p&gt;&lt;script&gt;alert(1)&lt;/script&gt;&lt;p&gt;
9,2439,测试&amp;#60&amp;#47&amp;#112&amp;#62&amp;#60&amp;#115&amp;#99&amp;#114&amp;#105&amp;#112&amp;#116&amp;#62&amp;#97&amp;#108&amp;#101&amp;#114&amp;#116&amp;#40&amp;#49&amp;#41&amp;#60&amp;#47&amp;#115&amp;#99&amp;#114&amp;#105&amp;#112&amp;#116&amp;#62&amp;#60&amp;#112&amp;#62
9,2439,测试u003c/pu003eu003cscriptu003ealert(1)u003c/scriptu003eu003cpu003e
9,2439,测试\u003c/p\u003e\u003cscript\u003ealert(1)\u003c/script\u003e\u003cp\u003e
9,5683,33
9,5897,&lt;img src=&quot;1&quot; alt=&quot;111&quot; &gt;为啥一个公开的都没有
9,5904,看完平台所有漏洞标题，过来冒个泡
9,6579,没一个公开的。。。还想学习一下
9,6103,哎，居然是川大拿下首杀
9,6492,Hello EDUSRC !
30,22,http://i.dlmu.edu.cn/smilecampus_apps/<br /><br />无法加载控制器:Index<br />错误位置<br />FILE: /home/wwwroot/default/smilecampus_apps/ThinkPHP/Library/Think/App.class.php 　LINE: 101<br />TRACE<br />#0 /home/wwwroot/default/smilecampus_apps/ThinkPHP/Library/Think/App.class.php(101): E(&#39;\xE6\x97\xA0\xE6\xB3\x95\xE5\x8A\xA0\xE8\xBD\xBD\xE6\x8E\xA7...&#39;)<br />#1 /home/wwwroot/default/smilecampus_apps/ThinkPHP/Library/Think/App.class.php(202): Think\App::exec()<br />#2 /home/wwwroot/default/smilecampus_apps/ThinkPHP/Library/Think/Think.class.php(120): Think\App::run()<br />#3 /home/wwwroot/default/smilecampus_apps/ThinkPHP/ThinkPHP.php(97): Think\Think::start()<br />#4 /home/wwwroot/default/smilecampus_apps/index.php(26): require(&#39;/home/wwwroot/d...&#39;)<br />#5 {main}
30,95,谢谢 已经处理。
58,667,23333333333
58,656,佩服佩服 V牛 大大
72,40,666
72,42,之前据他们说，这个地址别人无法访问呢呵呵呵
80,708,&lt;script&gt;alert(&#39;表哥&#39;)&lt;/script&gt;
80,40,欢迎各位表哥来挖挖我们学校的站～
80,42,挖起来，像鼹鼠一样
83,965,555-555-0199@example.com
84,965,555-555-0199@example.com
85,885,&lt;img src=0&gt;
85,965,555-555-0199@example.com
87,965,555-555-0199@example.com
89,965,555-555-0199@example.com
90,965,555-555-0199@example.com
91,923,啥都没有
91,965,555-555-0199@example.com
95,965,555-555-0199@example.com
97,965,555-555-0199@example.com
100,20,你再试试？我又测试了一下，是可以进去的，而且还找到了物理路径，发现是phpstudy的一键环境，应该是可以拿webshell的
100,9,可以了，已经调整
124,687,。。。。审核好慢
140,810,233333
140,748,哈哈哈哈哈哈哈
140,872,.
140,796,0.0.
140,874,哈哈哈哈
140,882,666
140,882,你们这些头像咋搞的呀
140,888,&lt;svg&gt;
140,48,问一句，有颜色的猫是不是六维那个……
140,763,是我。。。。。。
140,876,真NB%22%3E%3C%73%63%72%69%70%74%3E%61%6C%65%72%74%28%2018%58%53%53%2019%29%3C%2F%73%63%72%69%70%74%3E
140,965,555-555-0199@example.com
140,1426,6666
140,1503,6666
140,6151,🐂🍺
140,6190,🐂🍺
140,6056,🐂🍺
140,5480,坐看两年前大佬们的谈笑风生
154,993,表哥的漏洞都很强势，表哥求交流！
205,886,漏洞所在URL：https://42.247.8.137/  这里的URL错了！<br />正确的URL应该是https://210.41.241.111/
208,928,泄漏。打错标题，抱歉。&quot;&gt;&lt;h1&gt;test&lt;/h1&gt;
228,5420,这些洞都看不了
254,1369,请问什么站点？<br />能说一下吗？
262,1369,请问什么站点？<br />能说一下吗？
268,474,已知问题，无法修复，风险可控。
300,1393,确实存在，非常感谢。已要求图书馆整改。
307,40,666
346,185,已经与用户确认，信息是公开信息。
389,399,感谢提供，已提请厂家修复。
398,1470,已确认，已修复。
498,1747,谢谢白帽子们
504,4145,该系统已经下线停用。
519,876,这个1分?
519,986,没有给出数据截图
533,479,已提交学院校友网站管理使用单位，正在处理修复。
547,542,谢谢，非常感谢！及时的提醒避免了巨大的危险，我单位已联系“南大之星”开发商做了修改，现已修复完毕。再次表示感谢！
580,1393,确实存在，已要求教务处整改，感谢
705,886,这种多处漏洞合在一起提的，可否给高rank=。=
748,474,已知问题，无法修复，风险可控。
749,356,经过验证，该sql.rar 为sql 安装程序包，并非数据库数据，已联系负责的二级部门处理。
766,40,666
778,1764,已修复！
856,1963,哥 6666
897,474,已知问题，无法修复，风险可控。
900,474,已知问题，无法修复，风险可控。
908,1025,标题写错了，应该是河北科技学院！
928,55,经测试，利用test用户上传。上传文件有偏离，无法直接访问大马！
952,848,咱俩搞的是一个。。。。
952,886,你能看到详情？0.0
952,876,表示你大爷的...我也搞得这个,,然后重复了.....
952,715,23333333
997,886,无法复现？那我这怎么截的图？
1028,2621,555-555-0199@example.com
1072,72,已经处理，感谢！
1115,474,已知问题，无法修复，风险可控。
1121,903,。。。。。这个应该是中危啊 233333 不能酱紫的啊
1190,682,我看了下，不止这一个密码还有其他的。
1194,682,为什么下降两个rank，粗略估算至少5万人的信息可以直接遍历（包括身份证，手机号，家庭住址），这难道不算严重啊？
1194,796,应该算严重的，严重是7-9rank
1194,796,说错了，高危是7-9
1194,822,我的两个也下降了，而且上周提交的都没审核。。。
1194,682,给的太低了，虽然说教育网漏洞平台多，也不能这样啊。我今天提了一个饿了么，还不如这个严重，直接给的100多个rank。
1196,474,已知问题，无法修复，风险可控。
1261,72,已经处理，感谢！
1272,928,第二处：http://physics.njnu.edu.cn/wzattach/120710_742323.xls   更多的
1276,928,第二处：http://grs.zju.edu.cn/attachments/2015-03/00-1426063631-19050.xls
1276,1296,研究生院回复说第二处是公开文件，无需处理；第一处已通知删除。谢谢提交
1276,1297,已跟对应单位确认，第二处非信息泄露，属于公开文件。谢谢！
1291,952,兄弟，能把之前的这些先审核下吗？
1294,1098,泄露了不少。。打错了 。。是泄漏量多少。。。
1302,848,忘记鞋 青岛理工大学了 ，请管理员转给该学校，谢谢
1307,848,已经做过渗透痕迹删除，比如菜刀马连接后的清理等工作。
1352,1144,您好，如何联系以取得漏洞详细说明
1421,848,这漏洞就一分啊，兄弟你验证没？
1421,952,卧槽，1分？厉害了我的哥。
1421,708,一分，怎么不上天
1421,921,批量，也就一分了哈哈，要不然平台直接被刷爆了没钱支撑下去啦，我提交直接选的低危哈哈，
1454,59,已经处理完毕
1493,736,写错学校了~是四川音乐学院的SQL注入漏洞
1522,189,谢谢告知，已经处理
1549,1296,单位有误，为浙江广播电视大学
1611,356,已联系厂商进行了升级处理！
1830,189,谢谢告知，已经处理
2009,1307,服务器上的rsync工具没有添加权限和用户限制，可能导致数据泄漏。<br />	处理方法： 添加了ip限制，并添加了认证账户
2266,28,这个IP是国外的VPS，不是学校的
2299,952,此漏洞可导致其集群被渗透：<br />```<br />➜  /tmp/x docker -H tcp://xxxxxxxx:2375 ps                                        <br />CONTAINER ID        IMAGE                          COMMAND                  CREATED             STATUS              PORTS                                            NAMES<br />f6ef5e979ffa        php:5.6.18-fpm                 &quot;php-fpm&quot;                5 months ago        Up 10 weeks         0.0.0.0:39000-&gt;9000/tcp                          dc_php-fpm_1<br />4247a36996ee        mysql                          &quot;docker-entrypoint.sh&quot;   5 months ago        Up 10 weeks         0.0.0.0:33061-&gt;3306/tcp                          dc_mysql_1<br />69717747b775        laradock_nginx                 &quot;nginx&quot;                  6 months ago        Up 4 months         0.0.0.0:8000-&gt;80/tcp, 0.0.0.0:4430-&gt;443/tcp      laradock_nginx_1<br />9971a0570588        laradock_php-fpm               &quot;php-fpm&quot;                6 months ago        Up 4 months         9000/tcp                                         laradock_php-fpm_1<br />7060114fe113        laradock_workspace             &quot;/sbin/my_init&quot;          6 months ago        Up 4 months                                                          laradock_workspace_1<br />d83eebbe4333        laradock_mysql                 &quot;docker-entrypoint.sh&quot;   6 months ago        Up 4 months         0.0.0.0:33060-&gt;3306/tcp                          laradock_mysql_1<br />a7d7932fa5de        shipyard/shipyard:latest       &quot;/bin/controller --de&quot;   7 months ago        Up 4 months         0.0.0.0:8080-&gt;8080/tcp                           cvtes-controller<br />878b4fe863f9        swarm:latest                   &quot;/swarm j --addr 172.&quot;   7 months ago        Up 4 months         2375/tcp                                         cvtes-swarm-agent<br />675b396b6cc9        swarm:latest                   &quot;/swarm m --replicati&quot;   7 months ago        Up 4 months         2375/tcp                                         cvtes-swarm-manager<br />fc8152d42aff        shipyard/docker-proxy:latest   &quot;/usr/local/bin/run&quot;     7 months ago        Up 4 months         0.0.0.0:2375-&gt;2375/tcp                           cvtes-proxy<br />2e0ada0b0b1a        alpine                         &quot;sh&quot;                     7 months ago        Up 4 months                                                          cvtes-certs<br />6dfa3d0dd49c        microbox/etcd:latest           &quot;/bin/etcd -addr 172.&quot;   7 months ago        Up 4 months         0.0.0.0:4001-&gt;4001/tcp, 0.0.0.0:7001-&gt;7001/tcp   cvtes-discovery<br />c04f8e27722e        rethinkdb                      &quot;rethinkdb --bind all&quot;   7 months ago        Up 4 months         8080/tcp, 28015/tcp, 29015/tcp                   cvtes-rethinkdb<br />```
2299,1764,已下线修复
2326,1135,注意提交规范
2413,1026,‘’
2436,40,高危又如何，多于Rank1算我输
2436,5897,hhh，为何只有1rank
2451,903,忘记注明 getshell了
2466,42,还是让他们自己回答吧
2484,484,已经检查确认，并提交相关单位处置。谢谢！
2633,40,别刷st2啦，没意义，分也不高的，而且容易重复
2633,1276,闲来 没事刷一刷
2633,1276,老兄 可以 指点一二吗？
2633,1312,这刷其来没啥意思
2634,5381,已不用SSH2框架。
2700,1139,提交的url里少了个？，审核大大注意一下
2711,1385,已修复
2788,876,刚刚下载完,发现不是源码..........
2847,1470,已修复。
2885,993,表哥，能一起交流下吗
2966,1098,再不审核被别人修复或者入侵提交了。
2966,1098,默认密码就是这个。管理，您试试提权？
3015,1098,咋回事  上传的图片就不见了一个？
3015,1098,其实这个又root权限可以做成一句话，然后上大马。
3019,1098,这个洞不审核啦？？？
3054,649,管理员，已知晓
3054,649,已经删除
3107,343,已审核，漏洞已修复
3173,964,修改的密码为123456
3173,1294,6666
3179,630,已修复
3236,28,真无聊，这几个域名泄漏了又有啥用？
3326,903,单位那里我好像选错了 23333333
3358,1095,还有身份证号 全部的 。。忘了上图了 换管理账号登录 控制平台
3406,356,已联系厂家修复~
3421,83,已经通知用户
3435,28,这不是中国科学技术大学的系统
3505,876,审核,这是主服务器........
3611,1144,您好，如何联系以取得漏洞说明？
3668,1571,大佬，求详情。。
3678,876,不会mssql的nashell,还需要锻炼
3840,3721,已经删除
3858,3721,该网站已经删除。
3887,28,此mdf非数据库的mdf文件，是误报
3913,4872,此IP 202.114.196.49 是地大武汉的IP地址，不是地大北京的。麻烦向地大武汉提交，谢谢！
3953,1436,这个不是中国农业大学的漏洞，是华南农业大学的漏洞
3984,525,漏洞已修复
4044,993,发现了，不过有些利用哪个密码可以登录；审核幸苦了，凌晨加班给我们审洞！
4057,1098,麻烦审核给七个rank吧。。。刚刚能升级了。。。。普通白帽子了。谢了
4057,1098,谢谢了
4094,790,……不好意思，看错了，提交重了
4136,886,另外，这个网页还有个奇葩的漏洞：<br />这个网页会把最近一次登录的账号信息存在js中，查看源码就可以看到最近一次登录的账号的信息，包括密码。
4136,1073,非常感谢！
4153,876,这是交通工程系...........
4189,181,hhit.edu.cn是淮海工学院
4201,1114,忘记加地址了。。http://202.101.245.14:81/yxxt/xtwh/login_login.do
4533,1096,可以跑出来的啊
4651,126,感谢您的报告
4683,1408,实为同一台服务器配置了多个网卡
4687,2621,555-555-0199@example.com
5069,1173,感谢LandGrey的检测，经过排查，此站点并没有此漏洞，也有对应的防范措施。
5110,356,该问题是通过用户默认密码猜测尝试登录的漏洞，现在已将该入口关闭，漏洞修复完毕。20170412
5124,1114,。。。应该是严重的。。忘记选了。。
5140,790,发现不是不支持MOVE方法，是我MOVE方法每没跟数据，后面解决后可以正常MOVE到  /admin/目录，执行任意命令<br /><br />(-rw) E:\ShuangQi\Appdesk\apache-activemq-5.10\webapps\admin\11.jsp ( Size: 57 bytes)<br />(-rw) E:\ShuangQi\Appdesk\apache-activemq-5.10\webapps\admin\403.html ( Size: 5643 bytes)<br />(-rw) E:\ShuangQi\Appdesk\apache-activemq-5.10\webapps\admin\404.html ( Size: 5623 bytes)<br />(-rw) E:\ShuangQi\Appdesk\apache-activemq-5.10\webapps\admin\500.html ( Size: 5762 bytes)<br />(-rw) E:\ShuangQi\Appdesk\apache-activemq-5.10\webapps\admin\browse.jsp ( Size: 2314 bytes)<br />(-rw) E:\ShuangQi\Appdesk\apache-activemq-5.10\webapps\admin\connection.jsp ( Size: 3788 bytes)<br />(-rw) E:\ShuangQi\Appdesk\apache-activemq-5.10\webapps\admin\connections.jsp ( Size: 2225 bytes)<br />(drw) E:\ShuangQi\Appdesk\apache-activemq-5.10\webapps\admin\decorators/ ( Size: 0 bytes)<br />(-rw) E:\ShuangQi\Appdesk\apache-activemq-5.10\webapps\admin\edutest.jsp ( Size: 1944 bytes)<br />(-rw) E:\ShuangQi\Appdesk\apache-activemq-5.10\webapps\admin\graph.jsp ( Size: 1983 bytes)<br />(drw) E:\ShuangQi\Appdesk\apache-activemq-5.10\webapps\admin\images/ ( Size: 8192 bytes)<br />(-rw) E:\ShuangQi\Appdesk\apache-activemq-5.10\webapps\admin\index.jsp ( Size: 2124 bytes)<br />(drw) E:\ShuangQi\Appdesk\apache-activemq-5.10\webapps\admin\js/ ( Size: 4096 bytes)<br />(-rw) E:\ShuangQi\Appdesk\apache-activemq-5.10\webapps\admin\message.jsp ( Size: 7416 bytes)<br />(drw) E:\ShuangQi\Appdesk\apache-activemq-5.10\webapps\admin\META-INF/ ( Size: 0 bytes)<br />(-rw) E:\ShuangQi\Appdesk\apache-activemq-5.10\webapps\admin\network.jsp ( Size: 1457 bytes)<br />(-rw) E:\ShuangQi\Appdesk\apache-activemq-5.10\webapps\admin\queueConsumers.jsp ( Size: 2303 bytes)<br />(-rw) E:\ShuangQi\Appdesk\apache-activemq-5.10\webapps\admin\queueGraph.jsp ( Size: 2570 bytes)<br />(-rw) E:\ShuangQi\Appdesk\apache-activemq-5.10\webapps\admin\queues.jsp ( Size: 3342 bytes)<br />(-rw) E:\ShuangQi\Appdesk\apache-activemq-5.10\webapps\admin\scheduled.jsp ( Size: 1993 bytes)<br />(-rw) E:\ShuangQi\Appdesk\apache-activemq-5.10\webapps\admin\send.jsp ( Size: 4132 bytes)<br />(-rw) E:\ShuangQi\Appdesk\apache-activemq-5.10\webapps\admin\slave.jsp ( Size: 5377 bytes)<br />(drw) E:\ShuangQi\Appdesk\apache-activemq-5.10\webapps\admin\styles/ ( Size: 0 bytes)<br />(-rw) E:\ShuangQi\Appdesk\apache-activemq-5.10\webapps\admin\subscribers.jsp ( Size: 4677 bytes)<br />(drw) E:\ShuangQi\Appdesk\apache-activemq-5.10\webapps\admin\test/ ( Size: 0 bytes)<br />(-rw) E:\ShuangQi\Appdesk\apache-activemq-5.10\webapps\admin\topics.jsp ( Size: 2461 bytes)<br />(drw) E:\ShuangQi\Appdesk\apache-activemq-5.10\webapps\admin\WEB-INF/ ( Size: 4096 bytes)<br />(drw) E:\ShuangQi\Appdesk\apache-activemq-5.10\webapps\admin\xml/ ( Size: 0 bytes)
5140,790,Path: E:\ShuangQi\Appdesk<br /><br />(drw) E:\ShuangQi\Appdesk\apache-activemq-5.10/ ( Size: 4096 bytes)<br />(drw) E:\ShuangQi\Appdesk\apache-tomcat-6.0.43/ ( Size: 1048576 bytes)<br />(drw) E:\ShuangQi\Appdesk\etl/ ( Size: 4096 bytes)<br />(drw) E:\ShuangQi\Appdesk\jdk1.6/ ( Size: 4096 bytes)<br />(drw) E:\ShuangQi\Appdesk\memcached_en32or64/ ( Size: 0 bytes)<br />(drw) E:\ShuangQi\Appdesk\mysql/ ( Size: 4096 bytes)<br />(drw) E:\ShuangQi\Appdesk\pdi-ce-4.4.0-stable-min-work/ ( Size: 4096 bytes)<br />(-rw) E:\ShuangQi\Appdesk\register.bat ( Size: 371 bytes)<br />(-rw) E:\ShuangQi\Appdesk\register.bat.backup ( Size: 306 bytes)<br />(-rw) E:\ShuangQi\Appdesk\????.bat ( Size: 888 bytes)<br />(-rw) E:\ShuangQi\Appdesk\????.bat ( Size: 557 bytes)
5140,790,不好意思，搞混了上面那两个是我提交的另一个：淮海工学院某系统ActiveMQ弱口令的输出<br /><br /> http://219.245.18.47:8161/admin/edutest.jsp 这个是地址 输入路径列出目录文件<br /><br />Path: D:\ShuangQi\Appdesk\apache-activemq-5.10<br /><br />(-rw) D:\ShuangQi\Appdesk\apache-activemq-5.10\activemq-all-5.10-SNAPSHOT.jar ( Size: 6097544 bytes)<br />(drw) D:\ShuangQi\Appdesk\apache-activemq-5.10\bin/ ( Size: 4096 bytes)<br />(drw) D:\ShuangQi\Appdesk\apache-activemq-5.10\conf/ ( Size: 4096 bytes)<br />(drw) D:\ShuangQi\Appdesk\apache-activemq-5.10\data/ ( Size: 0 bytes)<br />(drw) D:\ShuangQi\Appdesk\apache-activemq-5.10\docs/ ( Size: 0 bytes)<br />(drw) D:\ShuangQi\Appdesk\apache-activemq-5.10\examples/ ( Size: 0 bytes)<br />(drw) D:\ShuangQi\Appdesk\apache-activemq-5.10\lib/ ( Size: 8192 bytes)<br />(-rw) D:\ShuangQi\Appdesk\apache-activemq-5.10\LICENSE ( Size: 41198 bytes)<br />(-rw) D:\ShuangQi\Appdesk\apache-activemq-5.10\NOTICE ( Size: 3418 bytes)<br />(-rw) D:\ShuangQi\Appdesk\apache-activemq-5.10\README.txt ( Size: 2672 bytes)<br />(drw) D:\ShuangQi\Appdesk\apache-activemq-5.10\webapps/ ( Size: 4096 bytes)<br />(drw) D:\ShuangQi\Appdesk\apache-activemq-5.10\webapps-demo/ ( Size: 0 bytes)
5146,790,事后发现可以执行任意命令，上传一个列目录的脚本 http://58.192.29.186:8161/admin/edutest.jsp，证明<br /><br />Path: E:\<br /><br />(drw) E:\$RECYCLE.BIN/ ( Size: 0 bytes)<br />(drw) E:\data-integration/ ( Size: 8192 bytes)<br />(drw) E:\Program Files (x86)/ ( Size: 0 bytes)<br />(drw) E:\ShuangQi/ ( Size: 0 bytes)<br />(drw) E:\System Volume Information/ ( Size: 0 bytes)<br />(drw) E:\??/ ( Size: 4096 bytes)<br />(drw) E:\??/ ( Size: 4096 bytes)<br /><br /><br /><br />Path: C:\<br /><br />(drw) C:\$Recycle.Bin/ ( Size: 0 bytes)<br />(drw) C:\Documents and Settings/ ( Size: 0 bytes)<br />(---) C:\pagefile.sys ( Size: 8589467648 bytes)<br />(drw) C:\PerfLogs/ ( Size: 0 bytes)<br />(drw) C:\Program Files/ ( Size: 4096 bytes)<br />(drw) C:\Program Files (x86)/ ( Size: 4096 bytes)<br />(drw) C:\ProgramData/ ( Size: 4096 bytes)<br />(drw) C:\Recovery/ ( Size: 0 bytes)<br />(drw) C:\System Volume Information/ ( Size: 4096 bytes)<br />(drw) C:\Users/ ( Size: 4096 bytes)<br />(drw) C:\Windows/ ( Size: 16384 bytes)
5191,1426,审核大大~
5230,5137,此漏洞已于7月份修复
5290,886,补充：利用http://www.***.***.edu.cn/phpinfo.php 爆出网站的绝对路径，然后可以getshell了
5406,28,实验系统，无危害
5427,978,师傅。。。你这个漏洞应该跟我是重了。。。表示我还没提交。。。。心累
5427,736,那估计是翻水水
5428,1426,&lt;script&gt;
5496,1025,太原理工，标题字写错了
5707,1139,求表哥教如何批量找弱口令
5731,754,猜解，这套系统用户名都是六位，抓包后password处是32hash,可以暴力破解，存在同用户名面弱口令，123456等弱口令。
5933,1109,能复现啊
6008,1962,nimda成密码了
6008,1752,你好，因为我校的教务系统长期没有维保，所以漏洞问题十分尴尬了。<br />麻烦再次帮忙测试下时候可以获取到密码，谢谢
6008,1962,漏洞依然存在的哦 接口并没有修复 <br />&lt;xh xsi:type=&quot;xsd:string&quot;&gt;KBcw/&amp;amp;ECcs&lt;/xh&gt;<br />jwc01的密文
6026,822,好厉害的通用，不共享吗
6026,1513,iis6.0
6040,560,这个能被扫描到，不得不佩服！
6040,1976,不是扫描的
6061,992,DNS域名解析服务器：101.226.4.6
6107,1267,&lt;img src=x onerror=alert(1)&gt;
6107,1267,&lt;svg onload=&#39;JavascRipT:alert%281%29&#39;&gt;
6107,1267,u003csvg/onload=setTimeout(&#39;ale&#39;+&#39;rt(1)&#39;,0)u003e
6107,1267,&quot;u003eu003cimg src=x onerror=alert(1)u003eu003c&quot;
6107,1267,u003eu003cinput onfocus=alert(1) autofocusu003eu003c
6107,1267,u003cinput onfocus=alert(1) autofocusu003e
6107,1267,u003cselect onfocus=alert(1) autofocusu003e
6136,1096,测试用户orange已经删除
6137,790,还有一个忘说了 /admin/.idea/workspace.xml
6138,790,这两个也是同样<br />:8087/admin/login.php<br />:8083/jdadmingc/login.php
6139,356,已修复！
6158,953,xss忘记编辑了，  http://dsp.hfut.edu.cn/?c=feedback  这里留言直接后台弹，可打cookie
6158,953,话说你们平台咋没有重新编辑功能啊^~^qaq...
6158,1136,没事，收到啦~
6186,993,好的，
6233,560,谢谢！不过这确实是个测试账号，邮件也是测试邮件。。
6233,48,哎嘿
6279,4783,此站点已于2017年10月停止使用
6299,790,编辑sql语句页面截图忘记放进去了 teacher/CountSql.aspx
6314,1004,好像远程连不了，尴尬。。
6346,143,已做修复，请在此复核
6530,1073,谢谢！
6531,1073,谢谢！
6545,1073,谢谢！
6546,998,这给5分有点低了吧
6570,1776,谢谢！我们马上处理！
6595,790,弱口令忘说了 admin 123456
6596,790,弱口令: ftp:空密码
6611,210,与我们学校没有直接关系，亦不是我们学校建立的网站。
6638,2122,该IP地址不在我校IP范围内。
6641,1962,http://tmgcx.ahctc.com:82/ 这也存在命令执行漏洞
6701,144,感谢白帽子！
6727,1073,谢谢！
6738,1080,谢谢提醒，已经要求立即整改。
6890,1098,我去 虽然是str2<br />但是  也拿下了服务器 <br />这就1个rank？？？<br /><br />一个sql&#39;注入  都已不一定拿下服务器啊<br />着也得看权限大小啊
7032,677,还不如一处一处的交了
7100,1004,那个人不是交了一个吗？我交了两个啊
7143,484,已经转交相关单位，谢谢！
7181,1114,不是ldap默认用户名登录。。是snmp默认用户名登录。。打错字了。
7183,1114,。。。被发现了。
7400,1962,http://202.38.93.40:8800/simpsearch.action?keyword=%E4%B8%89%E8%BD%B4%E5%8A%A0%E9%80%9F%E5%BA%A6%E4%BC%A0%E6%84%9F%E5%99%A8%3Cscript%3Ealert(/xss/)%3C/script%3E&amp;sfield=full<br /><br />这还存在一处反射性xss
7400,1135,单纯反射XSS会忽略
7422,306,我们抓紧落实整改
7435,306,马上处理！
7442,306,我们抓紧落实整改
7468,306,收到 马上处理！
7485,306,马上处理
7611,953,你们这个图片怎么有的传不上去呀？显示一串字符  qaq(；´д｀)ゞ
7813,1120,好像是要用ie打开才行，然后试过getshell不过有安全狗，所以没有继续了
7817,1120,表哥我要加入
7817,40,提交你的漏洞
7817,5904,表哥 我要加入
7927,474,确实存在，已通知用户单位，感谢提醒
7968,1962,补充几处：<br />http://www.yjs.sjtu.edu.cn:81/epstar/web/outer/KKBJ_CX/kkbj.jsp<br />http://www.yjs.sjtu.edu.cn:81/epstar/web/outer/dbgsxx.jsp?pytxflag=1<br />http://www.yjs.sjtu.edu.cn:81/epstar/web/outer/dbgsxyxx.jsp?XH=0113409011 只要有学号就可以看发表的学术论文<br />http://www.yjs.sjtu.edu.cn/ssfw/xjgl/xjyd/create.do<br />还多额 site:yjs.sjtu.edu.cn <br />谷歌里搜 很多越权的
8132,555,非武汉大学网站
8288,1701,谢谢提醒
8318,766,第一张图放错了，见谅
8588,2103,此IP非我院IP地址
8656,356,测试系统，密码已修改，系统也已关闭。
8786,356,测试系统，数据也是测试数据。该系统密码已修改。
8789,356,测试设备，账号密码已修改，近期下线。
8794,1316,哈哈，审核很有个性
8801,356,已暂时关闭，等漏洞修复再开启。
8924,2216,我提交后才去看，发现有人提交了，本来想撤销的，，，结果没这个功能。
8924,2216,抱歉，让你们麻烦了
8967,891,似乎重复了
8980,143,已经修改弱口令，请在此复核
8983,143,已经修改弱口令，请复核
8990,1426,sa权限～
9130,2244,为什么源码泄露是7rank。
9131,1426,补充一个注入点：http://58.244.173.43:8008/fy/medicine/c_news.php?cid=6<br />sa权限
9131,1426,补充一个反射xss：http://58.244.173.43:8081/fenyuan/qc/srh_Type.asp?E_typeid=%3Cscript%3Ealert(%27xss%27)%3C/script%3E
9131,1426,补充一个注入点：http://58.244.173.43:8008/fy/swsp/c_main_dis.php?naw_id=a<br />sa权限
9131,1426,补充一个反射xss:http://58.244.173.43:8081/fenyuan/qc/srh_ShowArticle.asp?EC_ArticleID=%3Cscript%3Ealert(%27xss%27)%3C/script%3E
9131,1426,补充一个sql注入:http://58.244.173.43:8008/fy/cj/c_news_dis.php?id=a     <br />sa 权限
9131,1426,反射xss:http://58.244.173.43:8081/xsc/srh_Type.asp?E_typeid=%3Cscript%3Ealert(%27xss%27)%3C/script%3E
9131,1426,再补充一个sql注入：http://58.244.173.43:8008/dw/news_dis.php?id=a
9131,1426,挖通宵了～
9131,1426,再来sql注入：58.244.173.43:8008/youth/c_news_dis.php?id=a
11153,1426,抱歉啊
11153,1426,平台限制一下请求啊 不然每个人都批量去请求，审核大大估计能给累趴下～ 找平台的漏洞送礼物嘛～～～～～求礼物
11153,1426,我从cissp教材上看到的，你这不能只站在技术的层面上去衡量一个漏洞的标准啊，我觉得问题严重是站在业务的角度，这对你业务造成了影响啊，不然你也不会一上来就怼我吧，我也就一17岁的孩子，我也不图钱啊什么的，漏洞的评分你们看着给，再说你们平台都上线这么久了才发现问题？还是压根没重视？
11153,9,不加验证码是为了让用户体验更优，跟重视不重视、发不发现没任何关系，有的白帽子一天提交上百个漏洞，每个漏洞都填写一次验证码？你有没有考虑过这些人的感受？<br />当然有更好的解决方案，那就是风控。一旦发现某个账户短时间内提交大量无效漏洞，漏洞平台可以批量清理或者直接封号，也就是一条SQL语句或者一个脚本执行1秒钟的事情，不知道你说的“严重”是指什么。<br />工作人员怼你是希望你珍惜账号，就好比说你拿你的QQ邮箱发垃圾邮件，腾讯要封你号，肯定不是在你发的时候封号，可能在系统检测到你发了很多垃圾邮件后才会封你的号。我们平台也是这样，你提交大量无效漏洞的时候我们并不会封你号，但事后肯定会处理的。如果按照你的逻辑，QQ邮箱里用来发垃圾邮件，那是不是算腾讯的漏洞？是不是发邮件的时候也要加验证码？<br />当然，平台虚心接受指责，虚心接受漏洞，所以并没有封你的号，并确认了你的漏洞。
11153,1426,恩恩 明白了
11216,356,已禁用外网访问。
11283,2216,嗯，好的
11288,687,上一篇 https://src.edu-info.edu.cn/post/8985/ 里面命名文字说明写了目标url，这都看不到。。真不知道是怎么审的。。。
11297,1374,已确定漏洞，并修复和做了对应防护工作。感谢提交漏洞。
11477,1357,啧啧
11555,1316,感谢审核！QAQ<br />很水的洞也给通过了，很感动，我会继续努力的
11564,992,补充一下，这个越权查询不需要登陆_(:з」∠)_，刚发现不登录也可以
11564,992,审核看见帮忙改下名字，不算越权ε(┬┬﹏┬┬)3
11568,495,已安排处理
11736,2216,不可以重新编辑，，，我getshell了。。
11749,1764,已经修复，谢谢。
11797,1173,此系统将进行永久关闭，系统不在使用了。感谢作者对河南教育厅系统的关注。
11833,1328,因为网络问题一下提交重复了 =-=
11856,1152,用SQLMAP {1.1.3.13#dev} 无法重新，AVWS 10.5也没提示，希望能提供更详细的测试参数。
11861,1125,current user is DBA: True dbs权限，可获取系统权限，这里点到为止。
11911,1125,你好，sqlmap验证时带上参数，因为有waf，带上参数无视waf，如图。
11946,1502,刚看了一下，网站恢复了，万幸！<br />其实是我操作失误了，type=WriteVisit是直接进行写了，如果要进行读，应该改为type=ReaderVisit，<br />所以其实这里还有一个任意文件读取漏洞，下面是读取此站读取web.config后的截图，可以读到数据库密码。<br />https://src.edu-info.edu.cn/media/images/2017/05/19/652981e9-f7d2-4dff-932c-6f8c9c561b42-BtLmTb52.JPG
12035,993,嗨呀，百度一搜一大把，审核师傅要带我飞吗 ^_^
12066,1502,sqlmap验证命令:sqlmap.py -r t.txt -p TypeId --dbms=mssql --tamper=space2mssqlblank.py --string=&quot;服务&quot; --dbs
12075,992,...
12127,143,已经修复弱口令
12177,1621,您好，这账号是从教务处官网公示得到的，然后爆破的
12179,2394,这是我写进去的webshell，为啥叫无法确定
12210,1096,乌云的文章。。。不好意思。。。脑子瓦特了。。。
12231,143,经过与我校相关部门沟通，未发现此网站归属我校。
12247,1571,傻逼了吧，懵逼了吧，没办法，因为你是s2-045
12247,1522,傻逼了吧，懵逼了吧，没办法，因为你是s2-045
12247,1328,你是一条虫把 还危害特别大
12310,992,域名/IP 获取的IP地址 数字地址 IP的物理位置<br /><br />202.115.82.133 202.115.82.133 3396555397 四川省成都市 成都大学
12352,2216,审核小姐姐，小哥哥求通过想换证书
12370,1470,已修复。
12379,2216,审核辛苦了😄
12387,822,黑客，收徒吗？
12387,2216,/(ㄒoㄒ)/~~，，，我技术没你好吧。。。。。。
12387,2216,这个是被国外黑客黑的，我只是报告了这个地方被黑。。。。
12404,189,谢谢告知，已经处理
12405,189,谢谢告知
12440,484,谢谢，已经转交相关单位
12485,2458,非常感谢，已联系业务部门并通知软件开发公司落实、处理。
12529,2416,危害等级忘了改了，管理员改个中危可好，谢谢^_^
12540,992,域名/IP 获取的IP地址 数字地址 IP的物理位置<br /><br />202.115.138.215 202.115.138.215 3396569815 四川省成都市 成都理工大学
12566,1960,已处理。该系统属于工信委无线电管理委员会的应用系统，映射到教育系统，用于考场监控
12586,1426,&lt;form&gt;
12586,1426,&lt;script&gt;
12586,1426,alert(&#39;xss&#39;)
12643,542,有没有发现者白帽子stolzer的联系方式，我想请他帮忙看一下，现在是否整改好了，不知道效果如何
12678,555,应该是系统bug，已经通知相关单位处理
12690,2430,在测试漏洞时，我已经征得了对方的同意
12690,2430,在测试漏洞时，我已经征得了对方的同意
12690,48,黄同学 研究生吧？ 留个联系方式，来交流下。同校
12690,2430,你是那个本科打ctf的群主([捂脸]我是刚学安全的老人家了)么？不好意思啊，现在才看到
12710,2422,忘了选择危险等级 = =
12795,484,谢谢，已经转交相关单位
12850,1267,忘记给这个了：<br />root:$6$v4hGQKGv$/cFKL9HBAnicMX/UYfrtO7cuVst9DCXPtYCLnQmFoSmXzF751OFF05ni9Fj615lPZoga/wvtwcrqk/nKISWGM/:16934:0:99999:7:::<br />bin:*:15980:0:99999:7:::<br />daemon:*:15980:0:99999:7:::<br />adm:*:15980:0:99999:7:::<br />lp:*:15980:0:99999:7:::<br />sync:*:15980:0:99999:7:::<br />shutdown:*:15980:0:99999:7:::<br />halt:*:15980:0:99999:7:::<br />mail:*:15980:0:99999:7:::<br />uucp:*:15980:0:99999:7:::<br />operator:*:15980:0:99999:7:::<br />games:*:15980:0:99999:7:::<br />gopher:*:15980:0:99999:7:::<br />ftp:*:15980:0:99999:7:::<br />nobody:*:15980:0:99999:7:::<br />dbus:!!:16933::::::<br />vcsa:!!:16933::::::<br />rpc:!!:16933:0:99999:7:::<br />abrt:!!:16933::::::<br />rpcuser:!!:16933::::::<br />nfsnobody:!!:16933::::::<br />haldaemon:!!:16933::::::<br />ntp:!!:16933::::::<br />saslauth:!!:16933::::::<br />postfix:!!:16933::::::<br />sshd:!!:16933::::::<br />tcpdump:!!:16933::::::<br />oprofile:!!:16933::::::<br />mysql:!!:16933::::::<br />nash:$6$tguWxyy1$PDYhLEjZpwF1QDXIFZbiR44TATWXYi/eLFbEHfiygsRj1T3HUdnk1p8y80levJNzo6mZKiC49ABTHTy6eoBL2.:16934:0:99999:7:::
12861,1297,漏洞已修复，目前登录后台管理界面需要输入账号密码，且后台账号密码具有时效性；上传图片已修改权限，禁止执行。谢谢！
12922,2014,http://61.180.31.36/yst/admin/Admin_login.asp  POC打错了打错了… 是这个TAT
12928,2014,from yhb where yhm=&#39;jw 这里末尾少了一个c
12934,2430,写错了，呜呜，应该是广东省经济贸易职业技术学校。审核大大刀下留人啊呜呜
12977,1571,一个爆破说得这么。。。
12977,2418,这个可以有吗？
13086,1011,江苏理工    错了  失误失误  审核别生气
13094,2216,本来要给你4rank，你求了一个3rank
13094,2416,不是吧~~囧
13107,992,域名/IP 获取的IP地址 数字地址 IP的物理位置<br /><br />202.115.22.73 202.115.22.73 3396539977 四川省成都市 电子科技大学
13108,2422,T T 第二次忘了改等级，尴了个尬。。。
13146,2621,555-555-0199@example.com
13148,2431,数据库那张图传错了 ~~
13166,992,域名/IP 获取的IP地址 数字地址 IP的物理位置<br /><br />202.199.162.145 202.199.162.145 3402080913 辽宁省大连市 东北财经大学
13184,1096,暴露出敏感信息&lt;system.web&gt;账号密码，数据库账号密码和database。如上图所示。
13188,484,谢谢，已经转交相关部门
13191,2480,没人审核
13221,992,域名/IP 获取的IP地址 数字地址 IP的物理位置<br /><br />202.118.223.232 202.118.223.232 3396788200 黑龙江省哈尔滨市 哈尔滨工业大学
13284,2122,已联系厂家整改，谢谢！
13291,484,谢谢，已经提交相关单位
13399,790,还漏了一个 http://wy.***.edu.cn
13425,415,厂家确认存在问题，已经修复
13512,1764,已整改。
13524,992,尴尬，标题错别字，帮忙改下_(:з」∠)_
13619,1470,已修改。
13646,1426,审核大大最帅～
13649,40,修改厂商为清华大学 （逃
13659,474,已经收到报告，感谢白帽子的提醒
13691,484,谢谢，已经讲相关信息转交相关单位
13711,2440,那个危害级别弄错了，应该是中危的
13935,1096,补充：此处还存在弱口令（账号test密码test）（账号apache密码apache）。拥有的权限也很大。
13942,2469,cms自带后门
13979,1426,恩 不属于高校的话 我就提交补天啦～ 审核大大最帅～
14051,2538,不是id参数  是Subject_21参数 谢谢
14063,1470,已修复，谢谢。
14080,2469,这是刷的通用么？分好低。
14080,1146,呵呵，问题比较简单，可以了。
14145,2538,嗯嗯
14192,1146,没有仔细看，我错了。
14193,1146,没有仔细看，我错了。
14219,83,已通知该系统使用单位
14275,2419,666
14275,1426,我草 为毛我的命令执行才给俩rank 没有getshell的原因？
14275,2538,6666666
14319,484,谢谢，已经转交相关单位处理
14403,1571,网站的title证明 我觉得就可以了 、、、、、、、、
14410,1570,Access的数据库，我不怎么会绕，但是这个绝对可以利用
14428,630,已修复
14462,2434,审核大人 我也想啊 但是俺是个菜b 不会呢
14468,2416,追加：另外一个同样性质的系统也是有未授权的。
14484,1764,已更改密码
14523,2378,我想问为什么驳回我7个rank，给我5个，驳回7个。。。
14528,1096,抱歉，漏洞详情里面所写的学校忘改了，漏洞链接还是这个学校（安徽信息工程学院）的。希望不要给驳回重交了。谢谢。
14530,1073,谢谢提醒，我们立刻要求相关责任人进行改正。
14633,484,谢谢，已经转先关单位处理！
14649,2538,审核大大应该知道密码吧
14649,2538,知道了
14729,500,非常感谢。
14738,1759,已提交我校图书馆信息部门处理。
14745,1073,谢谢！我们会立刻改正。
14780,2419,不是，我好像没明白,admin的原密码，假设不知道也可以更改呀？！会弹出一个原始密码不正确，但是，还会执行更改密码的操作呀！
14797,306,马上处理
14798,306,马上处理
14856,415,已经通知厂家修复，非常感谢
14865,306,昨天已联系相关单位抓紧处理
14920,55,很巧妙的社工，谢谢。已开启数据防护，相关系统已整改。
14956,2216,他网站就具备你所说得条件和偶然性啊，getshell都是低微，，，，，
14986,2216,就是这么写的，就是这么配置的
15042,2600,之前不清楚注入需要截图,没截图都补上了。
15043,2600,提交过了没截图没过,重新提交下。
15044,2600,提交过了没截图怕不会过就截图了
15099,1011,山西财经。。。。
15115,2600,以上操作只为了证明能getshell。本是测试完成自己删除一句话的，服务器的安全防护检查出了铭感操作,已访问不了,如能正常访问了请麻烦自行删除xiaobai.php的一句话谢谢！！！
15123,2272,职业学院不行？
15151,2600,过🐶加分吗 - -
15172,2538,审核没睡吗？
15176,1078,已处理
15200,447,才上的业务系统，部署调试阶段就被你们发现了
15235,2216,截图放错了，是跑得出管理员信息的。。。。。。。。。。。。。。。。。
15251,3482,非常感谢口令已修改！
15365,2216,你可以把参数向后推一点啊07-11年的
15377,1426,这网安法都出几个月了，还敢getshell?
15377,1426,最好点到为止。
15393,306,马上处理
15394,306,马上处理
15400,1426,这个标题有点尴尬啊～哈哈......
15400,6414,这个标题牛皮
15403,2272,首先在添加管理员处，添加管理员，姓名为一句话：http://i2.bvimg.com/1949/1487bd16c6efabf9.png<br /><br />数据库备份即可拿到webshell：http://i2.bvimg.com/1949/c0e438bbdbcfe9f3.png
15425,822,又开始刷了。。。
15425,993,没啊。。。
15475,56,收到漏洞信息，尽快通知相关单位删除涉及表格。
15507,2624,使用cookie注入方法进行注入
15629,2600,之前那个地址没写重新补了
15651,2600,写错了是中北
15768,993,表哥威武，求ssrf遍历姿势
15768,993,姿势get了，表哥 求交流。。
15768,2632,额，现在才看到
15768,993,表哥QQ多少呀，一起交流学习^_^
15791,2630,= = 。 招生章程只是显示下是这个学院的而已  。。 弱口令我如果找的到后台再提
15898,2636,开头漏了一句，该地址本应从http://xyh.jluzh.com/admin/登录过后才能访问
15928,2628,亲爱的审核大人，第三张图片我上传错了，请谅解
15976,1426,审核大大帮忙改下标题：四川文理学院某系统逻辑漏洞
15984,2216,用户名：admin 密码：admin888
16036,2621,没重复，两个不一样，你自己看
16036,2621,一样的我把头砍下来
16073,1096,忘写一个漏洞，存储型XSS在修改个人资料处，账号--》修改头像--》基本信息，这里输入身份证号，然后个人签名输入：&quot;&gt;&lt;script&gt;alert(&quot;a&quot;)&lt;/script&gt;&lt;&quot;，这样提交即可。说明：所属机构给注释掉了，用火狐的插件firebug修改参数disabled删除掉即可。
16100,1426,不怼厂商不给高危啊.....
16122,399,感谢提交漏洞，已做升级
16128,1096,尴尬，这个详细内容里面的学校忘改了，不过内容是没错误的，抱歉，谅解。
16246,484,谢谢，已经转相关单位！
16267,2600,好的
16378,1426,我擦... 审核复现不了？？什么鬼
16405,2621,555-555-0199@example.com
16406,2621,555-555-0199@example.com
16408,2634,小标题写错了两个字，是武汉科技大学
16430,233,软件厂家反馈已经修复。
16446,189,已经修复，谢谢告知
16459,2621,谢谢。
16459,4578,感谢，该漏洞原因是由于系统安装后未修改系统默认密码造成，现已修复。
16492,2621,真他*的惊喜的不行
16503,1297,目前已限制该网站对外服务，要求单位整改，谢谢！
16626,1571,错了 是201116110402.aspx
16646,2024,好的，多传几个图就好了
16706,6661,tql
16724,2440,*没有
16750,2653,漏洞报告中的漏洞URL出现错误，应为：http://gxfdyxk.ahnu.edu.cn/Login.aspx?Role=manage
16750,1135,请不要在评论提交敏感信息
16787,343,已修复，谢谢
16802,4550,QWQ 大佬求带SQL注入点发现姿势
16802,993,瞎刷。。拿着扫描器扫
16996,306,收到，已经处理
17034,1847,已经处理
17049,2653,已跑出注入，如何上传注入图片？
17054,1759,已通知到南国商学院整改。
17064,1096,注：由于这里的编译器过滤了星号（*），所以把我构造的payload过滤了，在链接里面参数ccolumns等于*，即（&amp;ccolumns=*&amp;）,这样就可以显示结果了。
17070,1096,注：由于这里的编译器过滤了星号（*），所以把我构造的payload过滤了，在链接里面参数ccolumns等于*，即（&amp;ccolumns=*&amp;）,这样就可以显示结果了。
17075,1096,注：由于这里的编译器过滤了星号（*），所以把我构造的payload过滤了，在链接里面参数ccolumns等于*，即（&amp;ccolumns=*&amp;）,这样就可以显示结果了。
17075,99,收到 非常感谢详细的介绍。
17076,1096,注：由于这里的编译器过滤了星号（*），所以把我构造的payload过滤了，在链接里面参数ccolumns等于*，即（&amp;ccolumns=*&amp;）,这样就可以显示结果了。
17176,2635,URL=http://jwc.syphu.edu.cn/ACTIONDOWNLOADFILES.APPPROCESS?FileID=10867&amp;FileName=/本科检查性听课统
17238,2014,帐号格式:201X100XXX
17285,1967,已处理完毕！
17338,2628,标题麻烦亲爱的审核大大帮忙改成西北师范大学敏感信息泄露
17350,5027,关停处理
17398,1297,目前已限制该网站对外服务，谢谢！
17402,1297,目前已限制该网站对外服务，谢谢！
17403,1297,目前已限制该网站对外服务，要求单位整改，谢谢！
17404,1146,之前给学校提过，只是弱口令太弱太多，一时激愤，忘记刹车了，感谢指正，保证下不为例。
17529,4550,啊=大手子带带我
17534,1925,我们正在努力修复，谢谢你。
17536,4548,注入点不是第一行就写出来了么。。。<br />注入点：huiwenhua.ahu.edu.cn/single.php?act=contact
17608,2480,标题没法修改了
17630,2635,@审核   江苏广播电视大学
17838,2392,已进行隔离处理。
17841,5182,已经修复，并已经安全加固。
17843,2857,谢谢提醒
17873,2600,忘了说了该系统是有奕迅waf的没有拦截,策略有问题吧。
17922,2612,这是什么漏洞，我靠
17922,2601,这是跑过去开万能钥匙蹭wifi然后顺便提交个漏洞吗、、
17952,5182,该网站由职能部门自行建设、管理，已经要求职能部门先关停网站。
17952,5182,已经关停该网站。
17972,2431,弱口令不重复
17977,1542,robots.txt
17982,2244,这是什么操作这也给分？
18011,1764,已经修复。
18047,2272,注入点不一样   ok？
18057,59,已收到
18080,4355,最后一个忘了补全利用地址了~
18104,2597,还有一个地址：http://222.22.73.10:8080/Default?MAIN=DEVICE<br />账号密码同上
18211,162,已关闭该网站，网站单位已开始制作新网站
18254,289,感谢发现漏洞并提交，已修改弱口令，谢谢。
18276,2068,已修复
18451,1146,审核，你好！实在不好意思，最后的链接地址少了一个classes/
18478,4021,忘记选危险程度了 我重新提交下
18565,53,第三个不是山东师范大学的
18599,484,收到，已经转相关单位处理，谢谢！
18704,73,该系统托管在南京理工大学，已要求管理方关闭有漏洞的平台。
18739,500,116.62.168.88这个IP地址不属于辽宁石油化工大学。
18776,1898,谢谢
18807,5342,DBA权限的sql注入才分的呀…,还有那么多学生账号密码…
18823,297,弱口令，已修改
18827,4523,测试中，还未启用……
18842,306,thanks a lot !
18864,5331,admin/123123. 后面有个点啊，怎么不可用
18870,5353,尚未完全修复，http://ietc.hncc.edu.cn/s/46/t/166/47/93/info18323.htm此页面仍可以正常访问！大约280名学生信息还暴露在公网上
18971,4021,忘记选危害程度，麻烦按危害程度给分 ，帮我修改下。。
18981,289,15年的历史信息，可以与时俱进进行身份证号码的掩盖或对内容进行删除，炒冷饭的行为被冠以系统漏洞的名义并被审核通过，是否合适？
18981,986,平台并非只收系统漏洞，漏洞与威胁情报都会对学校进行通报，因为这都是存在安全威胁和隐患的。
18996,2431,给2分是咋回事,能写一句话木马不严重吗
19007,306,收到 马上处理！
19054,5342,后台登陆url为：http://jsj.qhnu.edu.cn:8086/admin/login.html
19060,484,谢谢，已经提交相关单位处理！
19078,2024,管理你好 需要添加脚本才能跑出来，提交的时候忘了说 了
19124,59,非本单位ip地址。
19265,1080,谢谢提醒！已经通知老师立即修改密码。
19301,5381,谢谢，已修复。
19363,2644,可以获取服务器很多敏感文件，比如还可以获取 /root/.bash_history，ssh key文件
19404,3450,我校对作者所提交的漏洞已进行了认真修补，感谢您对我校网络信息安全的关注。<br /><br />希望您能继续支持我校网络信息安全的工作！
19476,5394,临时文件upload开头的那些是邮件上传的附件，最后那张图片里的临时文件是邮件。为什么提交后不能修改呢？
19490,500,Thanks!!
19609,1426,下载的敏感信息以格式化～
19652,2244,你的名字和你的漏洞一样的诚实！！！老实人。
19698,272,收悉，已经处理了，谢谢！
19743,4021,忘记提交url重提
19748,306,收到 马上处理！
19850,484,谢谢，已经转相关单位处理！
19920,5342,不好意思,附件忘记上传了.复现需要手工抓包保存txt文件了。
19938,1297,已通知单位整改，暂限内网。
19976,289,感谢提交漏洞，该网站为我校新闻网老网站，已修复漏洞，再次感谢！！
20110,1297,已通知单位整改，暂限内网。
20133,1958,http://zddr.gdsmy.com:8000/recruit/signup/login.aspx
20135,2601,存在漏洞我怕猝死，所以只挖了一半<br /><br />那哥替你去看看
20135,2024,禽兽啊、给我留着，满血复活了。
20149,1069,把漏洞详情，告之了公司，正在处理。
20317,2601,sadsa
20356,28,这是开源软件镜像
20359,2679,已修改，而且里面的ip，密码都是测试时用的。非正式环境，都无法连接。
20543,2431,不小心重复提交
20583,1173,感谢提交，已通知网站已关停，等修复并验证无漏洞后重新开放。
20593,4872,此漏洞属于中国地质大学（武汉），谢谢！
20619,484,收到，谢谢！已经转相关单位处理！
20650,5342,忘说了，弱口令账号密码为：zhaoban/zhaoban
20657,1718,已通知招生就业处，今天内处理。
20978,3448,感谢提供，很有用
21008,1267,如果网站显示500请切换云南代理
21136,40,应该是代理的 http://www.smvtc.com/ 官网<br />http://www.smvtc.com/eWebEditor/UploadFile/20151029112941240.xls 对应的文件官网也有一份
21159,3064,访问时显示error!是不是产品漏洞已经修补
21181,1691,非本校地址，已联系对方单位删除
21414,4653,忘记贴修复建议了：附上<br />修复建议：建议及时更新struts2的版本到最新或打上相关漏洞补丁。<br /><br />如果暂时不方便更新及打补丁，建议使用以下临时解决办法：S2-045<br /><br />删除commons-fileupload-x.x.x.jar文件。请注意删除该文件可能导致网站的上传功能或其他应用无法正常使用。<br /><br />S2-046<br /><br />添加过滤器，将攻击行为的请求在进入struts2的StrutsPrepareAndExecuteFilter拦截器之前捕获。过滤器中，获取Content-Length以及Content-Type的值，将正常请求放过。<br /><br />放过的条件为：<br /><br />1.请求内容不超过2M；<br /><br />2.Content-type值为正常值，不受S2-045漏洞影响。<br /><br />然后对请求内容进行判断，获取上传文件名，判断请求中是否包含S2-046漏洞的利用相关条件：<br /><br />1.请求长度是否超出2G；<br /><br />2.filename中是否包含S2-046漏洞的利用字符。
21482,3742,处理方案: 问题网站已下线整改
21527,4783,已整改
21569,5367,第二个子站问题更严重
21625,2726,已经修复
21643,5276,该网站已经删除
21745,4103,已经处理，谢谢！
21773,1073,谢谢！
21965,589,已修复该漏洞
22000,4982,已经整改。
22003,4004,感谢，已关闭站点整改。
22046,5366,登录用户那边需要点击部门那个选项才能登录
22098,2431,源码泄露地址http://www.wlxt.uestc.edu.cn/wlxt/ncourse/dip2/web/web7.0.zip
22108,1680,什么系统，如何下载信息
22108,5483,标题为温州大学，单位确实温州商学院。
22119,1297,属于公开信息，不算敏感信息泄露。另外，正在尝试联系对方处理。
22119,1297,教师信息泄露已处理，数据已删除。
22169,5455,不好意思，忘了给弱口令了：123456
22178,2431,ip对应的域名是这个<br />http://ic.wczy.cn:8020/admin/adminllogin.asp
22238,5455,源码泄露中就有mysql账号密码
22238,5455,麻烦改哈标题为 中国地质大学漏洞 谢谢
22241,233,感谢，已修复。
22257,4705,十分感谢
22315,4420,正常压缩包，已转移，已删除
22315,4420,请设为管理员
22328,5497,对没错，换三件衣服就跑路！
22334,2468,已处理，谢谢提醒！
22352,5519,这个ip平时是可以外网访问的，只不过最近这个ip段在维护。。。
22358,1426,......
22358,1426,审核大大还没睡觉啊～
22358,10,睡了睡了，明天再审
22358,1426,嗯啊～晚安啦多注意身体啊～
22363,1426,sqlmap盲注跑的有点慢～
22402,109,感谢提供，我们尽快处理该问题。
22409,1426,审核大大可以访问7002端口就可以看出来该系统属于河南中医药大学的啦～
22418,5492,哈哈，早知道只算第一个就不辛辛苦苦截图啦～
22421,5509,给大佬打Call
22426,1637,@不郑，你好，我是华师的运维人员，可否加下QQ：903282508 ，关于该漏洞，验证中有些问题向你请教
22450,1080,谢谢，已经要求立即整改，我们会严密监控。
22461,28,这不是漏洞，pxe系统文件，本来看就是开放的小系统，也没有敏感信息
22468,1020,高危4rank？
22469,5524,我擦 为什么注入才4rank
22474,5365,/*!00000这个注释方式过滤牛逼！
22494,2431,忘记说明了,那个账号密码编辑框,有长度限制,审查元素修改账号密码编辑框的maxlength这个值为100N及maxlength=&quot;100&quot;就能输入了完整了
22496,484,谢谢，已经提交相关单位处置
22497,484,谢谢，已经转交相关单位处置
22497,5492,真的好感动，居然说谢谢。。。我校老师只有一句话：小心把你送公安局去，唉。。。
22497,1426,我擦，贵学校老师没毛病......
22497,1426,你是提交到src了还是给你们学校老师发送的邮件啊～
22499,5492,喔，抱歉，刚看到这个公告说 “同一单位多处同类型漏洞，请打包提交，方便校方进行对接和统一处理。”<br />额，同一学校多个网站算同一单位吗，算的话管理审一个就好啦～
22526,1426,抱歉啊审核大大漏洞提交错厂商了，帮忙更改一下：华中农业大学某处未授权访问漏洞
22534,1426,评级写错了....
22534,1426,审核大大看着给分吧～
22550,59,非南京大学IP
22556,1426,dba权限才给两分嘛？
22556,1426,？
22556,1426,难道说只有通过sql注入脱取敏感数据继续getshell才给高分嘛？
22556,1426,难道说只有通过弱口令后台上传木马getshell才给高分嘛？
22556,10,通常sql注入不会低于4分，除非是多个站点的相同注入点（比如这次是多个站点使用了相同的后台管理软件的同一个漏洞）。如果继续深入拿到shell或是能够证明库中含有敏感数据，分数会提高。此外，给分不仅根据漏洞的类型和影响，还会看漏洞的详细程度，包括漏洞发现过程（如发送怎样的请求发现了响应的异样之类的）、利用的方法（如是否存在过滤等利用的限制）、利用后的结果（如敏感数据或运维相关权限）等等，甚至查阅的相关资料都可以写进去。其实并非不能使用工具，工具可以大幅提升效率，但更希望你们能够发现原创漏洞，因为这些漏洞是扫描器扫不出来的，需要花费更多的时间和精力去钻研。当然，这也是我这个新进审核的个人见解，不妥之处还请多包涵。
22556,1426,审核大大您好，如果我已经能够证明sql注入拥有很高的权限，有getshell的可能性，就完全可以点到为止了，没必要再去脱数据库的敏感信息，如果只是为了证明危害还继续去往服务器上写木马，如果被网站管理发现异常报警怎么办？src平台能保证我们白帽子的安全嘛？您认为合理嘛？白帽子做测试难道没有脱数据？白帽子做测试难道没有上传木马？我都已经拥有dba权限了，难道白帽子都为了高rank都还要去dump数据？
22556,1426,dba权限的sql注入给这种评分我是接受不了的。
22556,10,有getshell的可能性不代表一定能getshell，dba权限也不是一定可以成功写shell，能够注入不代表库里一定有敏感数据（并不需要脱取整个库，只要截图打码说明即可）。根据https://src.edu-info.edu.cn/introduction/，可以获取主机权限或上传可解析、可执行文件，只要在截图证明后删除即可。至于这里rank降低的原因是通用型漏洞，上面已经说过了。
22558,88,已经联系网站管理员修改密码
22574,10,我这里还是无法访问，端口被过滤了<br />C:\Users\caozc2013&gt;nmap -Pn sxy.gxun.edu.cn -p80<br /><br />Starting Nmap 6.47 ( http://nmap.org ) at 2018-08-19 00:25 中国标准时间<br />Nmap scan report for sxy.gxun.edu.cn (210.36.64.59)<br />Host is up.<br />PORT   STATE    SERVICE<br />80/tcp filtered http<br /><br />Nmap done: 1 IP address (1 host up) scanned in 36.73 seconds<br /><br />C:\Users\caozc2013&gt;nmap -Pn epay.gxun.edu.cn -p80<br /><br />Starting Nmap 6.47 ( http://nmap.org ) at 2018-08-19 00:27 中国标准时间<br />Nmap scan report for epay.gxun.edu.cn (210.36.64.27)<br />Host is up.<br />PORT   STATE    SERVICE<br />80/tcp filtered http<br /><br />Nmap done: 1 IP address (1 host up) scanned in 39.04 seconds
22574,10,ping也不通，是不是有防火墙？附上一个检测连接http://ping.chinaz.com
22574,5498,要不你试试换台设备访问，我这里nmap输出信息是这样的<br />C:\Users\Master&gt;nmap -Pn epay.gxun.edu.cn -p80<br /><br />Starting Nmap 7.40 ( https://nmap.org ) at 2018-08-19 07:47 ?D1ú±ê×?ê±??<br />Nmap scan report for epay.gxun.edu.cn (210.36.64.27)<br />Host is up (0.031s latency).<br />Other addresses for epay.gxun.edu.cn (not scanned):<br />PORT   STATE SERVICE<br />80/tcp open  http<br /><br />Nmap done: 1 IP address (1 host up) scanned in 24.68 seconds<br />不行的话我就放弃这个漏洞吧。
22581,5498,写错了，密码应该是admin88888
22589,1426,补充一个域名：kyc.hnuc.edu.cn/upload/
22592,1426,用户密码输错3次以上～
22592,1426,有管理员的账号，并且还有大量用户的弱口令啊
22595,1426,困啊～
22595,1426,审核大大还审核洞嘛～不审核我睡觉去啦～
22595,1426,～～
22595,10,睡觉去吧，我也想明天再审-_-
22595,1426,嗯啊 那明天继续交洞啦～ 审核大大晚安啦～
22599,1426,审核大大～起床审洞啦～
22623,1426,审核大大，我想问一下上海交通大学的原创漏洞证书有没有pdf电子版，纸质版的有没有相框，还是说只是一张证书......
22623,10,我也不太清楚，可以在群里问一下管理员
22628,88,已经联系管理员处理。
22646,2728,test1、test2均为系统安装调试时的测试账号，现已删除，谢谢
22655,1426,这个漏洞搞apt攻击是真的强......
22688,1426,审核大大虽然域名不是edu.cn但数据的确是该厂商的。域名是从他们学校官网跳转的。
22688,1426,我也反复确认的好几遍
22688,1426,这个窗口我关闭了，title信息就是该厂商的漏洞啊～
22688,1426,这个title信息已经很明确了啊......
22692,1426,审核大大，像ms15-034这种漏洞src平台接受嘛......
22709,1426,审核大大帮忙改下标题：牡丹江大学某处漏洞
22709,1426,审核大大帮忙改下标题：牡丹江大学某处漏洞，强迫症看着很难受......
22762,5498,搞错了，最后一个密码是admin123
22762,5498,要重新提交吗？
22764,88,已经联系管理员修改
22779,474,感谢提醒。。
22797,484,谢谢，已经转交相关单位处理
22799,484,已经转相关单位处理，谢谢
22809,1426,漏洞url贴错啦，审核大大在post请求体里自己找啦～
22813,484,已经转相关单位处理，谢谢
22846,1426,超级管理员才给低危&gt;_&gt;
22860,1426,存在用户枚举,以下用户：<br />lihui<br />lin<br />wangrui<br />wangpeng	<br />wangwei<br />ww<br />zhangyu<br />zyl<br />admin<br />zy<br />zxl<br />zr<br />ADMIN<br />11<br />1<br />Administrator<br />DS<br />lin<br />michael<br />wang
22867,1297,已通知单位整改，暂限内网。
22871,484,谢谢，已经转交相关单位处置
22906,1426,超级管理员权限
22922,1297,已通知单位整改，暂限内网。
22936,78,此为单独定制的手机版网站，只有厂家技术可以处理，昨天已反馈给厂家技术处理。
22947,1426,666
22947,1426,超级管理员权限～
22949,1426,打听一下，交换机地址泄露给分么？，
22949,10,仅地址泄露不给
22955,1426,审核大大还没睡觉啊～
22955,1426,= =怎么现在也变成夜猫子了......
22963,1426,补上一个用户：<br />帐号：teacher<br />密码：123456
22983,3154,已经修改
22989,1426,666
22989,5543,大佬低调了
22998,5543,最后忘了补数据包了。可以自己抓一个，账号问题啥的可以在Q上说，加群了，麻烦同意一下。
23055,1426,= =title写错了......
23090,1426,这个抱歉，测试只点到为止，不上传木马，不getshell
23090,3154,谢谢
23096,1426,管理员权限
23115,5416,并未修复，依然存在！！！！！
23132,1426,= =
23142,1426,皮一下很开心～
23143,5543,还没审核吗？
23144,5409,为什么只有 2 rank
23168,1426,漏洞评级写错了......
23181,5365,明白了,OK！
23185,5549,漏洞已修复！
23201,5365,审核大大，为什么不能显示*号，这个问题要程序员解决下啊，不能在漏洞细节里发星*号，会不见，细节如下<br />/plus/recommend.php?aid=1&amp;_FILES[type][name]&amp;_FILES[type][size]&amp;_FILES[type][type]&amp;_FILES[type][tmp_name]=aa\%27AnD+ChAr(@`%27`)+/*!50000Union*/+/*!50000SeLect*/+1,2,3,user(),5,6,7,8,9%20FrOm%20`%23@__admin`%23
23201,10,应该是md里 *是特殊符号，要发代码或含有特殊符号的url可以在前后加`  `
23300,3241,已关停该网站并联系网站责任管理部门进行网站安全整改。
23343,5498,emmmm忘记写ip归属地了，麻烦审核大大了
23355,580,已修复。lzf，2018-10-04 11:11:00
23365,56,已处理
23387,5554,数据为AD域账户，可能会涉及内网安全。
23464,2144,接到通报后，广州大学工作人员立即排查，发现该网站是广州大学华软学院的网站，它是挂广州大学名的独立二级学院，该学院是独立招生，网站和信息系统也是独立运作，不归属广州大学管理。该信息漏洞通告应该发给广州大学华软学院。
23514,189,感谢告知，以删除该文件并屏蔽phpinfo函数
23526,3938,是存在该漏洞，已于20181019 16：52修复。修复方法是删除了该文件
23573,88,已经删除相关附件，并通知网站使用单位
23588,5498,端口是默认端口3306，忘记写了
23627,5498,审核大大，反馈的QQ群是弃用了吗？我申请好久了，管理还是没让我进群
23633,4955,已经将上述文件删除，谢谢。
23707,1297,文件已删除，已修复，感谢通报。
23720,4698,我们已经删除
23720,4698,感谢您的提醒
23732,5416,密码是我加上去的
23732,5416,233333
23739,5416,x=&amp;   编码混乱了吧好像是
23741,5416,存在某大学666666666666<br />233333333333333333333333
23741,5564,额？什么鬼
23749,5416,art3mis 打错了
23824,1297,文件已删除，漏洞已修复，感谢通报。
23850,5543,明白了
23853,5367,有一处写错了，是TextBox1
23860,5416,图片错位了，家里网不好，不好操作
23860,5416,emmmmm好像是被发现了，已经把全西安给下掉了。。。。
23874,1173,感谢wind提交的弱口令漏洞，老系统转过来的用户数据未做清理，已进行修复。
23884,5541,半天get不到shell真是sad
23884,1426,真替你感到happy～
23944,5455,可以直接提交http://www.cdutcm.edu.cn/install/step4.aspx进入可以创建管理员的界面
23948,1426,我擦，还有大量身份证号.....
23948,1426,异常学生
23948,1426,去掉G字母剩下的18位为学生的身份证号
23974,1297,已隐藏服务后台登录通道及相关文件直接上传通道，漏洞已修复，感谢通报。
23993,5565,我就想问下QQ群什么时候审核我进去。。。 权限： http://lamda.nju.edu.cn/cailw/666.html
23993,5565,评分不要老是那么低嘛 逼得我每次都想拿shell才提交
23993,5565,一星期了 审核一下吧。。
23996,5565,什么时候审核呀 汗。
23998,1436,已修复。
24048,1172,兄弟 你漏洞内容写错位置了吧
24048,5565,我也觉得错了 哈哈 大早上的在准备挖洞
24085,10,虽然地址写错了，但是理解你说的内容。
24085,5565,有联系方式吗 交流下姿势哈哈
24085,1426,0.0
24085,5575,群里找我就行
24097,2679,这是香港本部的，不是香港中文大学（深圳）。两个是独立的学校。
24097,2679,我们已经友情提醒了香港中文大学理学院同事。
24104,5543,忘记补充IP查询的截图了，刚查了一遍，所有IP均属于该学校。
24110,1297,已删除，感谢通报。
24118,5455,嗯嗯
24119,1426,测试用户:48 123456<br />审核大大可测试任意用户
24119,1426,2	2	200	false	false	322	<br />3	3	200	false	false	322	<br />11	11	200	false	false	322	<br />12	12	200	false	false	322	<br />20	20	200	false	false	322	<br />21	21	200	false	false	322	<br />23	23	200	false	false	322	<br />26	26	200	false	false	322	<br />30	30	200	false	false	322	<br />31	31	200	false	false	322	<br />32	32	200	false	false	322	<br />40	40	200	false	false	322	<br />42	42	200	false	false	322	<br />45	45	200	false	false	322
24119,484,谢谢，已经提交相关单位处置。
24121,4207,管理员：您好！这个漏洞属于湖北科技职业学院的，不是是湖北科技学院的。谢谢<br />提交“漏洞信息有误？一键报告管理员”时，显示“服务器连接失败”
24121,1426,湖北科技职业学院和湖北科技学院不是一个学校嘛~
24126,484,非常感谢，已经交相关单位处理
24127,484,非常感谢，已经交相关单位处理
24154,5565,这个请不要审核 没提交全！
24178,5443,不好意思，无法编辑了，图里面的站点是对的，写的站点手误写错了。
24182,3064,已经解决
24199,5455,ip可以通过站长之家工具查询，就是上海交通大学的。忘记截图了。抱歉
24206,3064,谢谢专家！我们立即解决！
24221,2216,root|root
24240,5421,该网站属于假冒我校的网站，域名和ip都不是我校的，我们已经举报该网站。
24250,415,设备部署测试中，厂家没有注意密码安全，现已经修复
24252,6286,已处理。
24261,5380,已处理
24267,415,已经通知用户单位处理
24269,5543,第四处忘写了，/content.asp?id=
24273,415,已经通知用户单位处理
24337,1297,弱口令已修复，感谢通报！
24390,5455,经常忘记上传Ip属于的学校的图片，哎。。。。。。但是这个学校
24392,5455,交的太忙 忘记截图了，站长之家可以查，确实是四川大学 的不好意思了。。。。
24393,5455,ip又忘记查了。麻烦了，真的是四川大学的。我查过了，，可以再次提交图片就好了。。。。。尴尬。。。。。
24394,1297,已限制对外服务，责令整改。
24395,5455,phpinfo()在55.php
24395,484,谢谢，已经提交相关单位处理
24399,5868,我可以覆盖掉其他用户的信息，然后去找回密码处重置密码。 重置密码处只要我输入用户名和身份证就行<br />我可以覆盖掉那个账号的身份证号码，然后去找回，（输入他的学号和我用来覆盖的身份证号码）那个账号密码就会被重置为我输入的身份证号码后6位<br />我已经测试过了~
24399,5868,我的平行越权可以变成任意用户密码重置你记得提醒一下该校~
24460,415,已通知厂家处理
24486,3560,问题已经处理！
24527,474,测试系统刚刚上线，感谢提醒！
24530,4845,我校的IP地址段为202.205.16.*，没有202.205.1.*的地址段。此漏洞并非我单位的。谢谢
24539,3154,谢谢
24543,3064,已经删除
24545,5416,两个都必须上代理加referer
24554,5416,选错等级了= =
24561,5416,OK
24583,1916,哦忘了说了，还是DBA权限。
24587,5904,这操作666
24588,5892,qwerty
24588,5892,qwerty
24588,5892,zxcvb
24588,5892,%%%\\\
24601,5904,不好意思 网卡了 提交次数多了
24605,10,inetnum:        222.22.0.0 - 222.22.63.255<br />netname:        ZZU-CN<br />descr:          ~{V#V]4sQ&#39;~}<br />descr:          Zhengzhou University
24620,5893,和谁撞了，我怎么没看到
24690,1297,已修复，感谢通报！
24697,5324,对了 这个还可以修改的他人信息
24709,1297,已删除弱口令的用户123，同时对目前系统中的其他账号的用户名密码安全性进行了全面检查，漏洞已修复。
24729,2215,已删除该文件
24742,704,抱歉，网的问题点多了
24813,2215,已删除有问题的文件，漏洞修复，问题解决。
24825,5565,老兄什么目录地址 分享下
24827,5565,我擦 链接搞错了 辛苦审核的参考下我图片上的链接
24829,2679,已修复
24831,1297,为遗留文件，已删除，漏洞已修复，感谢通报！
24846,1297,已修改密码，感谢通报！
24853,5888,访问主页可以知道是厦门大学的一个实验室预约平台
24855,5888,是直接输入密码的
24883,165,该域名现在已访问不到，也非同济大学网站，请忽略。
24883,165,问题已处理，感谢提醒！
24912,1297,已修复，感谢通报！
24932,5416,可以可以，表面修洞
24958,5455,日志文件太庞大，实在时有时访问延迟太大。。。。。。
24958,5455,要多刷新几次
24958,1297,弱口令修改为字符+数字+特殊符号组成，并删除shell文件2.php；删除phpinfo.php文件；已修复，感谢通报！
24988,4231,谢谢
24997,1816,已经处理
25028,5565,这都高危了吧  我晕
25033,3064,不是我们学校的网站！是盐城工学院的网站！
25053,4761,已收到，通知网站相关人员正在整改
25053,4761,该网站已关停
25066,5565,忘记地址：http://om.nwupl.edu.cn/phpinfo.php
25142,5964,上海交通大学某站罗东 - - 标题错了
25167,5455,还是administration
25186,1900,此平台为我们新建系统，目前系统还在开发完善中，接到漏洞通报后，进行了以下处理：<br />1、关闭外网调试环境，要求公司通过VPN进行访问调试；<br />2、将调试用户admin密码使用复杂度进行设置，检查还存在的测试用户进行及时清理；<br />3、要求公司配置强制密码复杂度及验证码；<br />4、加入WAF进行防护。
25230,1297,已限制对外服务，责令整改。
25240,1297,网站为 化学前瞻技术研究中心、新和成联合研发中心，该链接为正常的友情链接。感谢通报！
25242,1297,跳转网站系原中国遗传学会网站，现已将此友情链接删除。感谢通报！
25353,5986,这不好吧，网址给出来了。。。
25378,1426,超级管理员权限
25379,1426,超级管理员权限
25406,5868,真惨
25423,5455,噢噢噢噢
25426,5911,好的 记住了
25426,5911,已经提交的不能修改 所以就在评论的地方
25471,5455,交错了。。。。。。。不存在
25477,5904,好的,辛苦了
25488,10,该系统为蜜罐系统，弱口令为系统设计一部分，不会影响到其他系统与网络的正常运行，感谢！
25489,1297,已整改，感谢通报！
25500,233,已关停。
25502,5389,声明一下这个账号并不是自己注册的，自己注册的账号需要审核过后才能登录，而这个可以直接登录。
25506,5455,哦哦哦好的
25521,5998,太厉害了
25564,484,谢谢已经提交相关单位处理
25598,5904,这个博彩网站在学校服务器上运行，是不是危害比普通黑链更大呢？
25688,1297,已修复，感谢通报！
25729,525,该漏洞为系统平台漏洞，只能通过升级平台解决该漏洞问题。目前我校已经在积极申请经费升级平台。因该平台为我校信息化基础服务平台，在升级完成前无法关闭器服务，我们将加强该系统的监控，争取早日申请到经费完成平台升级。
25750,4845,网站迁移至校内站群系统，已彻底关闭此网站。谢谢白帽子！
25800,5904,大佬求带～
25835,5455,还有好多数据表，忘记截图了
25881,1297,已将包含黑链的页面从网站移除，整改完毕。感谢通报！
25934,2691,已处置
25950,59,不是漏洞，是随机生成的支付码
26062,2215,已经处理，对新编写的页面进行了授权访问，上传文件功能也进行了修改。
26064,5389,补充一下：存储型XSS是可以打别人的，因为“其他意见”所有人都看得见
26069,2431,图片传错了
26181,1297,已删除，感谢通报！
26187,5998,太厉害了
26188,5541,view-source:http://kj.swufe.edu.cn/index.php?info[title]=%A1%BE%A9%AF%B8%F8%C1%A646416%A2%B85%5B%BF%DB%A1%FE%A1%BF%D0%D3%B2%CA%C6%BD%CC%A8%D3%E9%C0%D6%B3%C7&amp;dosubmit=%E6%90%9C%E7%B4%A2&amp;m=content&amp;c=search&amp;a=init&amp;catid=15<br /><br />http://kj.swufe.edu.cn/index.php?info[title]=%D0%D3%B2%CA%CA%B1%CA%B1%B2%CA%D5%D0%C9%CC%C8%BA%A1%BE%A9%AF%D0%C5%D3%FE46%A2%B41%A2%B685%28%BF%DB%29%A1%FE%A1%BF&amp;dosubmit=%E6%90%9C%E7%B4%A2&amp;m=content&amp;c=search&amp;a=init&amp;catid=15<br /><br /><br />http://kj.swufe.edu.cn/index.php?info[title]=%D7%AC%C9%FA%BB%EE%D4%F5%C3%B4%D7%A2%B2%E1%B2%BB%C1%CB%D4%F5%C3%B4%B0%EC%A1%BEwww%2E256813%2Evip%A1%BF&amp;dosubmit=%E6%90%9C%E7%B4%A2&amp;m=content&amp;c=search&amp;a=init&amp;catid=15<br /><br />http://kj.swufe.edu.cn/index.php?info[title]=%BE%A9%B6%AB%C1%AA%C3%CB%B5%C4%CD%F8%D5%BE%A1%BEwww%2E953797%2Evip%A1%BF&amp;dosubmit=%E6%90%9C%E7%B4%A2&amp;m=content&amp;c=search&amp;a=init&amp;catid=15<br /><br />都是
26219,4789,已经联系开发公司，
26225,5077,已修复
26246,484,谢谢，已经提交相关单位处理
26386,1297,已下线，感谢通报！
26388,584,该系统为Linux
26453,5455,弱口令账号密码与我交的上一个该学校的一样。忘记写了。写在评论里面因该不好吧。
26469,1814,已处理
26545,484,谢谢，已经提交相关处理
26565,5552,日期修改成2018-10-04  之前日志被删除
26765,1868,已经关停此页面，多谢了
26771,5552,http://jw.jxtcmstc.com/log/2018-12-05-Errorlog.txt<br />地址给错了 不好意思
26781,4054,已处理
26870,2080,已修复，谢谢！
26964,4845,感谢白帽子
26964,4845,该漏洞已处理
27049,59,非南京大学ip
27135,2697,白帽所提交漏洞信息不完全准确，编辑器可以被直接访问，但是并不能上传下载附件，现已禁止访问该页面，感谢白帽子！
27143,4525,已经处理，请检测一下。
27159,6041,关于编辑器未授权漏洞的具体危害性，已通过邮箱发到您那边，希望能重新评定
27164,4306,已修复
27171,3739,已关闭该功能。
27181,315,属于个人编程习惯。不涉及学校层面的漏洞。
27220,5552,http://jwbinfosys.zju.edu.cn/xs_kcthsq.aspx?xh=3140104518 （评论补充 麻烦屏蔽下或者删除评论）
27220,5552,http://jwbinfosys.zju.edu.cn/jsmain_xxwh.htm
27220,5552,http://jwbinfosys.zju.edu.cn/zyxssqdsdy.aspx?xh=3080030010&amp;zgh=0097382
27257,6010,你们这种服务器是不在范围的吗? 你们已经关闭了服务器怎么还不审核给分? 麻烦给个说法
