100,无法复现
208,漏洞危害较小
237,未证明漏洞危害
474,无数据截图
500,无数据截图
518,无数据截图
647,不在范围
681,sqlmap获取时请使用--start，--stop参数指定获取数据条数，请勿直接--dump整个数据库，警告一次
725,网站已经部署WAF，无法使用白帽子提供的测试方法获取数据，故评级降低
748,无数据截图
751,无敏感信息
1161,未出具体数据
1169,漏洞已重复
1171,请给出漏洞链接
1194,停站整改中
1362,无法复现
1438,重复
1441,重复
1896,重复
1927,重复
2156,注意提交规范
2272,无重要数据
2280,权限较低，数据较少
2298,相似
2310,注意提交规范 &amp;&amp;  说明敏感数据数目
2312,同一单位多处相似漏洞
2394,同一单位多处相似漏洞
2405,firefox可以，但是firefox是受xss过滤器影响的
2431,漏洞真实存在，但因为各种问题（如WAF），白帽子无法说明利用方法的
2451,存在以下情况我们将酌情将漏洞等级降低： * 同一单位多处相似漏洞
2452,存在以下情况我们将酌情将漏洞等级降低： * 同一单位多处相似漏洞
2466,同学你可以看看是怎么被hack的，找找有没有后门。
2487,没有核心数据
2543,未显示注入数据以及利用，降低评分。
2614,未说明危害程度
2633,别刷st2啦，没意义，分也不高的，而且容易重复
2688,同一单位多处相似漏洞
2689,同一单位多处相似漏洞
2691,注意提交规范
2735,注意提交规范
2744,无法利用
2831,同一单位多处
2959,无法复现，而且没写命令执行返回的结果
2964,无法打开网页
2966,嗯...这个大马的shell密码很眼熟，好像就是我的用的密码..
3049,同一单位多处相似
3117,提交不符合规范 把敏感信息写进了简要描述 （已帮助修改
3119,提交不规范
3206,同一主机
3472,同一单位多处相似漏洞
3477,getshell请白帽子说明利用方法
3500,请说明管理员密码是如何泄露的
3511,请顺便提交一下源码泄露
3536,漏洞重复
3704,无法获取数据
3749,危害性不高
3789,已经被管理员发现修改，无法验证此漏洞。
3884,没法验证是否有效
3987,漏洞真实存在，但因为各种问题（如WAF），白帽子无法说明利用方法的
3998,同一单位多处相似漏洞
3999,同一单位多处相似漏洞
4000,同一单位多处相似漏洞
4001,同一单位多处相似漏洞
4002,同一单位多处相似漏洞
4003,同一单位多处相似漏洞
4044,那不是明文密码
4135,多处getshell
4161,同一单位多处相似漏洞
4247,同一单位多处相似漏洞
4354,没有图
4363,多处相似
4380,请打包提交
4381,请打包提交
4382,请打包提交
4383,请打包提交
4407,相似漏洞
4446,漏洞有一部分已重复
4496,这个0day看着我很尴尬， 网上找了几个目标没一个成功
4525,注入存在 但不能getshell
4527,注入给分
4533,无法复现 ( 更正
4565,部份重复
4566,信息太少
4573,注意提交规范
4574,注意提交规范
4575,注意提交规范
4609,注意规范
4666,同一单位多处相似漏洞
4668,同一单位多处相似漏洞
4679,同一单位多处相似漏洞
4683,同一单位多处相似漏洞
5116,不好利用吧
5132,无危害
5245,最好可以打包提交
5357,不能出数据
5420,多处相似
5434,同一单位多处相似漏洞
5435,同一单位多处相似漏洞
5436,同一单位多处相似漏洞
5447,已存在类似漏洞
5460,此系统危害程度不高
5510,多处相似
5554,没法利用
5731,请说明一下帐户密码来源
5739,截图没暴露关键信息
5790,同一单位多处相似漏洞
5827,这个获取密码的途径有点苛刻，另外就是在学校获取一个vpn意义不是很大(与公司相比)
5837,这并不是getshell
5849,由于是只发现shell，所以分较低。
5901,可以打包提交
5906,同一单位相似漏洞
5908,最好把注入过程和结果截图
5970,部份重复
5971,不同学校的分开交吧
5985,s2045的目标不会局限在一个action上，所以这几个都算一个
5995,getshell请给出相应截图
6015,同一单位多处相似漏洞
6018,同一单位多处相似漏洞
6022,同一单位多处相似漏洞
6123,截图的时候把url也截上
6140,危害高，但是只是进后台获取数据，故减分
6167,请合理给自己的漏洞打分。具体标准请看：https://src.edu-info.edu.cn/introduction/
6186,同一个学校/主机下可以打包
6294,同一单位多处相似漏洞
6296,同一单位多处相似漏洞
6308,同一单位多处相似漏洞
6389,多个相似
6407,这个弱口令看起来不是很像啊.
6501,同一单位多处相似漏洞
6503,白帽子无法说明利用方法
6507,同一单位多处相似漏洞
6532,phpmyadmin泄露的没意义
6587,打包提交
6701,危害的确很大，但是还是算在是后台弱口令问题上，最后适当给了加分
6703,应该与前面的注入打包处理
6727,xss暂时不在收取范围中
6730,没法检查，但是截图清晰，适当降分
6784,注意截图应包含url
6794,配上截图
6796,打包提交
6802,请打包
6803,同一单位多处相似漏洞
6804,同一单位多处相似漏洞
6806,同一单位多处相似漏洞
6860,考虑到数据利用价值不高，故降分。
6861,＝。＝，这样的bat肯定是不会运行的呀，没啥用
6875,网站是废旧的，危害不大
6972,已存在类似漏洞
7017,这个后台没啥功能呀，危害不大
7052,无法复现
7053,同一个大学最好打包  还需给出利用方法
7059,getshell失败的话不算getshell
7093,主战危害是挺大的，但是没一个危害性的利用。
7100,重复
7107,没得到危害性的信息
7109,危害低
7120,同一单位多处相似
7123,部份重复
7155,数据盲注太慢了，我这边能获取到有20个库，又因为是主战原因，目前只能给高危啦。如果能给一个更加详细的信息泄漏的话，可以考虑给严重。
7183,这个口令是你之直接抓出来的吧
7208,同一单位相似漏洞
7232,同一单位多处相似漏洞
7243,同一单位多处相似漏洞
7264,两个都是低危
7267,同一系统尽量打包发过来嘛，给高危，但是分需要给低点。
7293,有相似漏洞
7309,最好有数据库 记录数的截图
7381,能读的数据没啥危害吧？
7394,部分重复
7461,貌似是网站不支持php了？这样也能泄露!
7490,同一单位相似
7557,同一单位相似漏洞
7611,你那边上传有问题?这个是md格式，你也可以上传到远程服务器再引用
7622,你后面的漏洞都是从这个目录遍历得来的，我就忽略了，这个漏洞分给高一些，下次请打包，谢谢。
7725,同一单位多处相似漏洞
7734,任意文件读取漏洞已重复
7741,任意用户登录漏洞重复
7751,文件包含已重复
7765,有些是重复漏洞
7774,这个并不是rfi，你可以远程包含php文件看看，也许这个就只是一个请求功能的地方。
7785,sql注入最好获取到敏感信息贴图，你这样我会降分的。
7790,xss暂不收录，HTTP.sys 远程执行代码这种你能给利用方式就给你高危。
7797,这里面其实存的信息并不是敏感的一些。
7813,不知道这么回事，我这边访问后台是空白页面，不知道能否getshell，如果可以的话，危害可以更高一些。
7869,同一单位多处相似漏洞
7916,这样给不了严重啊
7918,Sorry~
7963,请打包提交
7965,同一单位多处相似漏洞，请打包提交
7969,请打包提交
7975,同一单位多处相似漏洞，请打包提交
7980,同一单位多处相似漏洞，请打包提交
7981,同一单位多处相似漏洞，请打包提交
7984,同一单位多处相似漏洞，请打包提交
7995,请打包提交
7996,同一单位多处相似漏洞，请打包提交
8092,打包注入的话其它链接最好也有个截图 跑一遍很累哒
8095,文件上传若getshell成功需要给出命令执行结果 不然不算的喔
8098,打包的漏洞最好也有相应的截图
8103,最好有截图
8175,还是可以拿到shell的，估计你的方式不对。可以绕过。
8206,注意一下~sqlmap的截图要包含完整的url  这里因为登陆后台成功了所以按正常给分，不然是要打回的~
8211,截图要完整~
8260,严重的信息泄露
8290,如下漏洞将被忽略： * 需要登录管理员后台才能触发的漏洞  因为是注入进去的所以算是注入 补上getshell的分
8312,复测时文件已不存在
8350,无法确定该网站所属单位（划掉 s2 045
8364,同一单位相似漏洞
8370,求更多详情（划掉 更正
8377,部分重复
8380,打个包吧
8608,漏洞重复
8626,同一单位多处相似漏洞
8795,都是一些html的不太重要的泄露
8844,无泄露数据之类的
8863,同一单位多处相似漏洞，请打包提交
8867,有一处重复
8924,同一单位多处相似漏洞，已有人提交类似漏洞
8926,同一单位多处相似漏洞，已有人提交类似漏洞
8937,同一单位多处相似漏洞，已有人提交类似漏洞
8947,多处相似
8952,部分重复 多处相似
8955,多个相似
8962,这个算弱口令 和 8966的一起算
8969,截图部份 在最后有 目标url 也可以的
8972,社工得到信息
9008,已存在相似漏洞
9012,已有相似漏洞
9013,已有相似漏洞
9014,已有相似漏洞
9017,同一单位多处相似漏洞，请打包提交
9018,已有类似漏洞
9131,已存在类似漏洞
9133,已存在类似漏洞
11153,该问题不算漏洞，给分数以示鼓励
11168,已存在类似漏洞
11175,已存在类似漏洞
11190,社工获得
11215,打包的话最好把其它的注入点也截个图~
11259,已存在类似漏洞
11278,重复
11283,有三个已经重复了
11288,已存在类似漏洞
11303,已存在类似漏洞
11349,部份重复
11350,相似漏洞
11354,相似漏洞
11356,相似漏洞
11477,不搞基不搞基
11500,access数据库
11531,同一单位多处相似
11550,注入部分重复
11551,已经存在类似漏洞
11555,第一处重复
11603,修正了单位
11649,已存在类似漏洞
11660,同站多出相似漏洞，降rank
11662,同一单位多处相似漏洞，降rank
11664,已存在类似漏洞，故降rank
11666,该站已经存在类似漏洞，故降rank
11688,一下眼花
11689,有些偏差，平台更新最新的是14年，请证明这个是属于教育部的，并不仅仅名字带有而已。
11712,因为sql重复了，这个漏洞需要结合sql
11737,夸我也没用哒 图完整一点吧
11799,多处相似
11822,该站已存在类似注入
11824,注入已存在类似漏洞，信息泄露有一处重复
11837,泄露的好像都是css，js
11861,嗯嗯 Nice
11867,漏洞真实存在，但因为各种问题（如WAF），白帽子无法说明利用方法的
11870,低危害
11871,没有找到web地址？
11882,同一单位多处相似漏洞，请打包提交
11883,同一单位多处相似漏洞，请打包提交
11924,已存在类似漏洞
11928,不接受反射性XSS
11953,多处重复
11968,同一单位多处相似漏洞，请打包提交
11969,同一单位多处相似漏洞，请打包提交
11983,已存在类似漏洞
11984,同一单位多处相似漏洞
11985,其中有部分重复
11986,该站已存在类似漏洞
11987,该站已存在类似漏洞
11990,该站已存在类似漏洞
11992,已经存在类似漏洞
12035,好奇学号咋来的
12038,注入重复了不算
12051,同一单位多处相似
12067,应该有IP地址所属的截图
12075,请证明IP所属 （划掉
12121,同一单位多处相似漏洞
12125,危害较小
12135,已存在相似漏洞
12150,若是可以getshell分可以更高
12177,0151114137  来源  如果是通过社工手段得到的帐号密码是不受理的
12179,无法确定是否是由其它漏洞被写的webshell
12219,第一个重复
12247,s2-045
12249,注意截图应包含完整url
12259,同一单位多处相似漏洞
12316,信息有点老了吧
12372,该站大量类似漏洞，降rank
12374,http://mba.bus.sysu.edu.cn
12377,该站存在大量类似漏洞，降rank
12379,太多了，不好意思哈。。
12380,同站存在类似漏洞，降rank
12470,被撞了很多
12486,部分重复
12497,打包一下
12498,打包一下
12526,危害不高
12596,呜 提醒你一下 s2-045这个洞是框架的文件上传组件的洞，影响所有action，所以同一个host下的所有action都算同一处而这个在平台上是高危一分  还有，这个平台不收反射XSS的。
12613,请在截图里包含url  补充 三处注入点都需要截图
12649,无法复现 （划掉 经反馈修正注入点 复现成功
12665,需要证明一下IP所属
12675,说明更详细的利用可提高rank
12722,部份重复 多处相似
12735,周三／周五上新
12741,该网站已有类似漏洞
12754,第一个重复
12775,多个相似
12776,多处相似
12779,^_&lt;
12806,该站已存在类似漏洞
12812,部分重复，该站你已经提交过类似漏洞
12814,已存在类似注入漏洞
12817,已存在类似漏洞
12832,该站已经存在类似注入。报告写的很好，继续加油~
12907,部分重复
12946,emmmm 没办法
12947,sqlmap注意截完整呀！O_&lt;
12958,同一单位相似
12963,部份重复 同一单位多处相似3
12969,该站已存在类似漏洞
12975,重复一处
13003,高校服务器暴露IP不导致安全防护云waf失效讲道理应该是不给了 不过这个是第一个
13008,这几个漏洞都是属低危的
13021,sql注入一个重复
13034,以后描述最好带上截图
13073,access只能低危
13076,同一单位多处相似
13085,以后不要在简要描述中出现漏洞url，具体利用信息
13099,同一单位多处相似漏洞，请打包提交
13147,两个验证失败
13156,这个越权漏洞有何危害？
13219,s2-46高危1分
13222,简要描述不要那么详细...
13346,多处相似
13368,不完全算任意文件下载  而且还有waf的存在读不了敏感文件
13412,这么刺激。
13427,互联网上已经被公开的漏洞 https://www.seebug.org/vuldb/ssvid-91077
13440,互联网上已经被公开的漏洞 https://www.seebug.org/vuldb/ssvid-91077
13454,互联网上已经被公开的漏洞 https://www.seebug.org/vuldb/ssvid-91077
13455,互联网上已经被公开的漏洞 https://www.seebug.org/vuldb/ssvid-91077
13505,同一单位相似
13508,影响较小
13509,影响较小
13510,影响较小
13520,同一单位相似漏洞
13554,弱口令 (划掉 经讨论，更正为“需要在一定条件限制下，能获取服务器权限”情况
13575,第三个重复
13579,同一单位多处相似漏洞，请打包提交
13580,同一单位多处相似漏洞，请打包提交 已经存在类似漏洞
13583,同一单位多处相似漏洞，请打包提交 已经存在类似漏洞
13584,同一单位多处相似漏洞，请打包提交
13630,威胁情报
13640,同一单位相似漏洞
13646,同一单位多处相似
13651,s2 045
13655,多处相似
13658,通用漏洞
13662,同一单位多处相似
13731,该站已存在类似漏洞
13762,同一单位多处相似
13797,第一个重复
13806,同一单位相似漏洞
13823,危害在报告中未能明确体现 （划掉
13839,第二处无法复现
13880,最后的弱口令无法复现
13901,同一单位多处相似
13935,出现过类同的sql
13942,方便说一下原理么？
13959,同一单位漏洞请打包，谢谢~
13971,同一单位多处相似
13979,前一个注入未重复，但是后面一个漏洞很奇怪，应该是不属于高校的。
13991,同一单位多处相似
14012,第一个重复
14058,fck文件上传高2 同一单位多处相似 5
14076,截图包含完整的url post报文的话可以尝试把output路径截一下?
14077,注意把路径也包含一下啦
14098,利用有局限性
14104,截图还需包含完整url
14114,同一单位相似
14145,一个重复
14152,s2045
14158,请证明IP所属 (更正
14173,按规则内网IP、域名泄露不给分的&gt;_&lt;
14236,DNS？
14253,重复一个
14256,s2 045
14263,大大的title写着对应学院的话也算证明的啦
14274,高分需要证明危害
14302,目标错误，非常州信息职业技术学院 ( 更正
14303,如何证明是北京政法职业学院(划掉
14310,jwc站点注入重复，
14327,phpinfo看不了惹
14342,同一单位多处相似
14343,同一单位多处相似
14408,没有源码泄漏，若有可以再指明一下
14420,注入还望打包一起
14458,第一处重复
14462,同类漏洞写脚本批量证明吧
14468,未授权
14469,正方通用soap注入 网上公开漏洞降分处理
14474,暂不收录xss的，但是还是给邀请码过～
14494,重复 (更正
14515,很大局限性
14516,较大局限性
14533,无源码泄漏
14613,emmm 那个不算getshell
14615,身份证信息泄漏
14616,与补充(https://src.edu-info.edu.cn/post/14649/)分开计分了，但是等级不变
14622,似乎不是同一单位（更正
14637,严重的信息泄露
14649,与(https://src.edu-info.edu.cn/post/14616/)分开计分了，但是等级不变
14667,无法复现 (更正
14689,这不就是大马
14780,前置条件需要先知道原用户密码 ( 更正 验证逻辑
14833,多截图 少打字 &gt;_o
14873,文件上传无法提供结果
14885,请证明IP所属 （收到反馈
14918,不是所有的文件下载都叫任意文件下载
14926,注入重复
14944,第一个注入重复
14956,漏洞触发需要一定条件的，具有一定的偶然性
14986,这代码怎么写的 服务器怎么配的 [捂脸]
15055,相似漏洞 请打包
15098,Access
15123,范围之外 （ 更正  请注意单位名称
15130,成绩学号是敏感信息？
15151,存在waf
15154,是辽宁医学院，非锦州医科大学，希望下次多多注意
15170,有人报过了
15175,非任意下载，只是目录遍历
15188,登录后没任何管理功能
15240,注意证明IP地址所属
15254,没有证明能执行不给高危哟
15353,前两个都重复了
15365,07年？
15388,请给出信息泄露的地址（包含该 url 的页面
15393,似乎不能进行危险操作
15397,合并
15403,请说明getshell过程 不然影响评分 （补充
15437,部分重复
15493,重复刷洞（
15515,下次请正确填写单位地址
15647,前面注入重复
15681,下次提交记得证明IP地址所属以及截图完整url目标信息
15691,大部份都重复了
15699,之后这种泄露 需要更给出具体的利用方法 证明危害大小
15740,无敏感信息
15753,同一单位多处相似
15789,前面提交过几次类似的触发点
15790,该漏洞泄漏信息为可公示信息，非敏感
15791,招生章程等为公开信息...非敏感信息，弱口令从漏洞内容中无法看出可利用
15802,第一个重复
15854,Access只能低危 而且同一单位相似漏洞是降分的
15856,注意证明相关资产所属
15898,xss鸡肋
15959,相似漏洞 下次提交的时候记得把sqlmap的结果都截图 文字部分注意保存url 还有说明危害情况
15979,感觉是个测试系统呢
16008,info注入重复
16030,不属于漏洞范围之内
16036,重复交洞 （警告  (更正
16037,一处重复
16046,有一个url重复
16154,部分漏洞有重复
16188,Access
16200,同一站点的注入是需要打包提交的～我已经将三个漏洞分开给分
16239,同一站点的注入是需要打包提交的～我已经将三个漏洞分开给分
16267,下次提交类似漏洞请附带如何发现该文件的过程，以便学校排查
16284,提交时图片关键信息请不要打码
16289,为同一技术支持单位，同套系统
16317,下次请证明一下ip的所属
16349,部分重复
16360,无敏感信息，可能是对外服务，暂时通过，等学校反馈
16367,扣你2分，截图实在太不详细了！不开心！
16390,七夕还提交漏洞，抠鼻。
16392,给你一个666，七夕需要早睡。
16429,算为一起，总共为8分。
16459,虽然重复了，但是利用方法深入了一下，故也给予通过，但分数酌情降低
16492,哥们儿...这是一处注入，tag参数的注入，不是6处...（惊不惊喜...
16506,请尊重审核，如果漏洞审核有误，可以好好沟通，提交漏洞之前请先学会尊重人。呵呵
16558,相似漏洞
16559,同一单位相似漏洞
16611,请注意填写单位
16618,那只有注入算分
16646,下次sqlmap截图时请包含sqlmap -u 目标地址  或包含 output 路径
16654,希望下次提交漏洞时可以附带截图
16655,无法访问目标地址
16658,希望下次sqlmap截图中包含 sqlmap -u 目标地址 或者 output 路径
16688,与上个漏洞为同一处问题导致，请以后对于这类问题合并提交，上个漏洞已降分处理
16705,s2-045
16740,下次希望可以开头先给出注入的目标链接，以便查重，感谢
16754,威胁情报
16771,请注意不要漏掉注入点的详情
16796,有限制
16799,希望下次提交漏洞时可以认真一点，不要出现后台地址有误的情况
16818,提交时请注意选好学校归属，清华大学在平台范围内，不要选择“其他”
16970,请附带ip证明归属的截图
16975,同一学校的相同问题请打包提交
16976,同一学校的相同问题请打包提交！！！
16977,仅有ip的漏洞请截图证明所属
16981,无法复现
17123,同一单位多处相似
17169,第一个重复
17170,第一个无法复现
17213,三个重复
17267,爆破不算
17295,注意包含注入点的完整信息
17298,如果给出的是IP地址 下次注意证明IP地址所属
17310,桌面的小姐姐不错～
17345,同一单位多处相似
17370,第二个注入点重复
17404,爆破“000000-009999学号”本质上平台不接收...你实在太有闲情了...
17420,s2漏洞统一降分处理
17451,第二、四重复
17457,打包加分
17459,第二、三重复，但打包加分
17483,同一单位多处相似漏洞降分
17496,第一个重复
17515,我看了好几遍...没看错的话...两个url应该是同一个注入点...
17528,绕waf  加分加分～
17532,同一单位相似漏洞
17536,截图不详细扣分，下次提交注入截图请包含注入点或者output路径
17543,第一个注入点重复，第二个无法复现
17550,第三个重复
17551,同一目标相似问题
17561,第一个和第二个是同一个注入点...
17594,同一目标相似漏洞所以降分
17602,无法复现
17610,威胁情报分数
17614,第一个跑了好几次都无法复现...
17618,第一个重复
17621,同一单位多处相似漏洞降分，但因为打包，适当加分
17626,同一目标多处相似漏洞降分，但因打包适当加分
17639,部份重复 多处漏洞相似
17640,部分重复 多处相似
17653,请不要重复交洞
17659,威胁情报
17660,第一个重复
17683,下次记得标注一下注入点
17684,第一个注入点试了两次dba都是false
17700,下次请带截图
17712,同一学校相同漏洞请打包提交
17713,同一学校相同漏洞请打包提交
17714,同一学校相同漏洞请打包提交
17725,同一大学相同漏洞请打包提交！
17726,同一学校相同漏洞请打包提交
17761,威胁情报
17767,下次截图sqlmap时请包含完整注入点，此次降分
17768,最好是用sqlmap证明
17769,同一单位相同漏洞请打包
17775,第二个重复
17786,第一个和第三个注入点难道不是同一个么？（不过之前已有人提交过了...第二个测试成功，感谢提交
17823,下次请选择一下对应的单位
17824,下次请将漏洞目标url以文本形式填写在正文！
17836,第二个注入点重复
17838,第二个试了几次都无法复现
17921,Access..
17926,相似漏洞请打包提交
17937,下次提交时，请将所有url的证明截图一并附上，辛苦
17957,是哥，那就把剩下的写上吧
17963,幸苦了
17967,相似漏洞  略降分
17970,下次请写出webshell的密码，以及后台登陆的密码等关键截图  注意漏洞提交的准确度
17972,备份成脚本文件请证明脚本的可执行
17978,下次提交请注意格式，
17997,58.194.174.176未重复 其余几个重复
18047,第一条链接重复提交
18065,注入重复，权限问题给4分
18107,Struts 2 因为被大量刷了很多，故一般都是「高危 2 分」
18109,Struts 2 因为被大量刷了很多，故一般都是「高危 2 分」
18230,部分与 https://src.edu-info.edu.cn/post/16484/ 重复。
18252,漏洞一有效。
18330,相似漏洞
18363,危害较低，但考虑到如果该校网站存在其它可组合利用的漏洞的情况，所以予以通过
18365,标题请不要包含漏洞详情！！！
18371,建议同一学校同类型漏洞打包提交
18388,无法复现
18393,同一网站漏洞可以打包提交
18399,第一个无法复现
18407,提交漏洞时请不要对截图打码
18409,因为有waf
18458,同一单位相似漏洞
18465,通用漏洞也需要写得详细  因为是不同学校方接收漏洞并着手修复  而非审核层面修复
18490,第一类漏洞无影响，第二类文档检索404，并且该系统应为公开系统
18499,邮件轰炸是通过手动无限发送还是可以设置发送多少封？
18535,其中1危害不足，4为威胁情报，打包加分
18539,Struts2 漏洞统一降分
18544,备份文件中未发现敏感信息，数据库配置文件访问页面空白无内容无法下载，故评分较低
18545,1危害不足，第一个注入点重复
18547,威胁情报
18553,相同学校同一系统漏洞请打包提交
18556,同一学校同一系统漏洞请打包提交
18558,xss危害不足
18561,注入点二和三无法复现，但打包加分
18570,威胁情报1分，弱口令未截图，适当降分
18620,下次注意查询IP地址所属
18705,所属不明
18821,部分重复
18841,兄弟这都能猜到啊
18877,部分重复
18903,重复一个，不过还是很感谢打包提交减少我们的工作量，给你个10， ^_^
18920,后台未授权访问问题存在，其他信息泄露均为开源代码，不存在实质性危害。
18921,存在相似漏洞。降rank
18928,部分重复
18935,威胁情报降rank
18941,部分重复
18946,部分重复
18977,链接二 404了
19152,重复漏洞，但因为学校未修复，所以重复通过
19219,部分漏洞重复
19336,无法复现
19358,威胁情报
19362,注入证明不详细，无法判断该处注入是否可利用，仅给信息泄漏的分数
19392,第一处注入点与 https://src.edu-info.edu.cn/post/16043/ 重复。
19488,第一处复现失败，第二处确认存在SQL注入。耐心写了脚本，赞
19499,确认复现
19533,第一处注入点与 https://src.edu-info.edu.cn/post/17472/ 重复。
19628,与 https://src.edu-info.edu.cn/post/19568/ 同站点。
19646,已存在类似漏洞，故降分
19650,部分与 https://src.edu-info.edu.cn/post/16319/ 和 https://src.edu-info.edu.cn/post/11611/ 重复。
19651,已存在类似漏洞，故降分
19670,相似漏洞
19671,重复漏洞，但校方标记修复，故再次通过
19681,第二和第三均重复了，但由于学校标记修复，故少量给分再次通过
19684,威胁情报
19687,相似漏洞
19688,相似
19890,重复，但校方标记修复，所以再次通过
20000,最后一个链接为重复漏洞
20007,因为是通用漏洞爆发 分数不是很高
20046,一个学校的同一种类型的漏洞 请打包提交 错过几天重复提交 这样就没有意思了
20079,该ssrf较难利用
20120,第二个路径重复
20129,第二处重复
20133,提交漏洞 请贴出url 方便复现
20135,虽然打包提交 但是并没有证明可以获取数据 所以做降分处理
20138,请贴出url
20149,反序列化 图片信息中ip不符
20181,sql 注入 下次请详细证明
20189,打包提交 分数叠加
20215,打包 积分叠加
20221,Access数据库
20264,同一通用漏洞刷分，降低rank
20267,同一通用漏洞刷分，降低rank
20285,已提交类似漏洞 https://src.edu-info.edu.cn/post/20141/ 。
20286,已提交类似漏洞 https://src.edu-info.edu.cn/post/19801/ 。
20287,已提交类似漏洞 https://src.edu-info.edu.cn/post/19800/ 、 https://src.edu-info.edu.cn/post/20046/ ，请勿刻意拆分。
20319,重复漏洞
20350,存在相似漏洞，故降分
20402,无法复现
20415,无法复现
20611,已有类似漏洞
20626,每个漏洞的目标 url 必须以文本形式存在于漏洞报告中
20729,一年前的你都不放过，赞！
20848,进入后台处无法复现
20952,210.31.104.41复现成功，210.31.104.43复现失败
21566,无法复现
21568,同一单位漏洞可以打包提交
21577,同一单位漏洞请打包提交
21581,无法复现
21589,同一单位的漏洞请打包提交～
21614,同一单位漏洞请打包提交
21629,同一单位漏洞可以打包提交
21645,同一单位漏洞可以打包提交
22321,缺乏技术含量
22336,可在网页源码中看到物理路径
22349,下次提交漏洞请直接写在漏洞内容中
22351,爆破得到的用户名密码无法登陆，第二个修改密码未授权访问虽存在，但没有登录cookie，实际无法进行修改密码操作
22352,该ip无法从外网访问
22354,请尽快修复
22369,下次上传视频图片的时候记得把个人相关信息（如姓名，学号等）打码，这次我帮你删掉了
22407,礼物可以在礼品中心兑换
22415,第二个弱密码不正确
22474,测试下来出现单独的&quot;(select 1 &quot;这种就不能注入（可能是被过滤），作者给出的payload没有复现成功，不过可以用下面的代替 bankuai=123&#39; or /*!00000(select 1 from(select count(*)，concat((select concat(database()，version()) from information_schema.tables limit 0，1)，floor(rand(0)*2))x from information_schema.tables group by x)a)*/ and &#39;0
22498,和上次的单点登录绕过是同一批漏洞
22499,和上次的单点登录绕过是同一批漏洞
22548,没有发现sql注入，只是信息泄露
22552,漏洞重复
22666,请进一步证明getshell
22708,第二个重复
22757,第三个注入点重复
22762,最后一个弱密码登录错误
22767,弱密码的第一个URL重复
22774,第二个重复
22784,上一个信息泄露危害不大，数据量较小
22804,第二个重复
22830,第二个重复
22861,第二三个漏洞重复
22865,1和2是同一个漏洞，3和4是同一个漏洞
22874,第二个重复
22882,可是礼物不归我管。。。好像有一个小姐姐专门管礼物的
22884,第一个重复
22890,弱口令分数主要在上一个，这里补一点
22904,请下次将漏洞所在url写在详情中，以便于审核和复查
22905,需要连接内网且登录账号才能getshell，限制较多
23010,第二三处重复
23053,站点重新安装需要正确的用户名密码
23090,请继续证明getshell的可行性
23181,同一类型漏洞分数会降低一些
23206,下次提交时将漏洞url写在详情中
23454,下次注意填写相应的url
23650,只能伪造他人的手机号进行注册，而且无法找回密码（找回密码是通过邮件手工重置的），你访问不了可能是把你的ip屏蔽了。
23652,审核通过之后请注意删除上传的shell，下次可以不用提交word，直接用markdown写，这样审核起来更方便。
23732,有验证，只是密码是弱密码
23850,由于前面你已经提交了该系统通过sql注入getshell的洞了，所以这次的评分适当降低了
23851,和你原先提交的属于同一系统漏洞，故评分稍微降低
23901,无实质性危害
24060,重复
24115,重复，给0分以便再次通知高校管理员
24118,下次记得漏洞url也要写到正文里
24129,重复
24138,重复
24143,重复
24146,重复
24150,重复
24153,重复
24154,重复
24156,重复
24175,重复
24185,由于该漏洞比较通用，我前面已经给了几个8分了，后面的分值会稍微低一点
24187,重复
24195,重复
24198,重复
24200,重复
24203,重复
24204,重复
24206,重复
24208,重复
24222,重复
24228,重复
24258,下次记得把链接也写到正文里面
24302,重复
24307,重复
24309,重复
24321,重复
24325,重复
24340,重复
24359,重复
24363,重复
24364,重复
24367,重复
24369,重复
24388,重复
24403,下次记得写漏洞url，这次我帮你加上了
24414,重复
24449,重复
24451,重复
24452,重复
24456,重复
24457,重复
24458,重复
24465,重复
24466,重复
24467,重复
24468,重复
24469,重复
24477,重复
24483,重复
24486,重复
24488,重复
24500,重复
24504,重复
24524,重复
24532,下一次同一个站点的请打包提交
24541,重复
24561,下次请将证明ip属于该单位的截图也附上
24562,下次记得把漏洞链接写在正文中
24566,重复
24569,重复
24572,重复
24573,重复
24574,重复
24616,重复
24620,重复
24632,重复
24647,重复
24649,下次记得在正文里面包含漏洞url
24651,重复，下次记得把弱口令也写在正文中
24655,重复，下次请在正文中填写漏洞url
24656,下次不要在简要描述里面透露具体信息
24662,重复
24663,重复
24674,由于这属于通用的漏洞，刚开始几个会给较高的分数，后面会稍微低一点
24688,重复
24689,重复
24691,下次把漏洞url放在正文开始的地方
24692,重复
24693,重复
24696,重复
24699,重复
24711,重复
24734,重复
24735,重复
24739,重复
24755,重复
24757,重复
24762,1
24764,重复
24766,下次可以重新提交但是不要在评论处泄露具体的漏洞url
24767,重复
24770,重复
24776,重复
24785,重复
24786,重复
24839,重复
24847,重复
24857,重复
24866,重复
24875,重复
24876,重复
24877,重复
24910,重复
24928,重复
24932,system phpinfo 等函数被禁了，但是我试了show_source 可以执行
24941,请不要在简要描述中，泄露漏洞url
24942,下次不要在简要描述里面泄露漏洞url
24954,重复
24971,重复
24977,危害不大
24985,重复
24992,被D盾拦截了
25003,现在这个网站只允许校内访问了
25005,重复
25046,重复
25053,重复提交
25057,重复
25094,重复
25109,重复
25119,重复
25163,重复
25177,重复
25182,漏洞不存在
25252,下次不要只提交附件，要把详细内容写到内容处
25304,有部分重复的
25339,下次提交时注意，过程也要有必要的截图
25340,下次记得要包含必要的截图
25342,重复
25347,下次记得把漏洞url也要加上
25348,好像已经被修复了
25352,重复
25355,重复
25356,下次不要在简要描述处泄露具体漏洞信息
25357,重复
25366,可能是只能本校校园网才能访问，我这边还是无法访问，依旧404
25376,部分重复
25393,下次不要忘了填漏洞url
25398,重复
25402,重复
25403,重复
25406,重复
25423,这些域名都是一个ip，应该是同一台主机
25424,都是同一个ip，所以给分降低
25426,下次不要在评论处发布敏感信息
25444,重复
25446,身份证并不是完整的身份证
25459,重复，下次记得要包含必要的截图，以及不要在评论处泄露敏感信息。
25460,下次记得包含必要的截图
25469,重复
25473,重复
25477,给2分是因为那个隐私设置的bug，感觉这个网站类似linkedin。我访问了几个并没有看到有一些隐私信息，比如手机号，身份证号码等
25498,下次要有必要的截图
25503,可以下载文件，但是不存在目录遍历，直接访问是403
25506,重复，你已经提交过一个root权限的了。 //btw 该系统为学校蜜罐系统，该弱密码为系统设计一部分，不会影响到校内其他系统与网络正常运行。
25511,重复
25516,重复
25526,和上面的属于同一ip
25531,重复
25534,重复
25547,重复
25559,重复
25574,下次记得写漏洞url
25578,重复
25581,下次记得写漏洞url
25585,下次像这样http://www.baidu.com 直接贴漏洞地址就行了，这样好复制
25589,下次把弱口令也写在内容处
25596,重复
25605,重复
25611,重复
25619,重复
25632,部分重复
25638,大部分重复
25643,下次请包含必要截图
25647,下次记得填漏洞url
25650,重复
25651,重复
25698,下次不要忘了填写漏洞url
25705,重复
25738,重复
25745,下次不要在简要描述处泄露敏感信息，因为简要描述是对所有登录用户公开的
25759,不应该是任意文件下载漏洞吗？
25787,重复
25805,重复
25806,重复
25873,重复
25874,重复
25900,重复
25929,重复
25931,重复
25932,Link 网站域名过期
25950,下次请说明这是什么的账号和密码？
25961,重复
25967,请证明此漏洞能获取敏感内容信息或能进一步利用
25969,下次记得包含必要的截图
25970,重复
25972,重复
26010,重复
26028,重复
26040,重复
26052,重复
26054,重复
26057,重复
26058,重复
26059,重复
26060,重复
26064,下次不要再评论处泄露敏感信息，如果有补充重新提交一次，在旧的评论里写明已重新提交即可
26067,重复
26085,目前只有mks能访问
26087,重复
26089,下次记得包含必要的截图
26099,下次一个站的漏洞最好打包提交
26111,重复
26112,重复
26116,重复
26117,重复
26128,重复
26129,重复
26132,重复
26158,重复
26167,重复
26178,下次记得在内容处中包括相关链接
26180,重复
26193,重复
26195,重复
26197,重复
26236,登录密码就是你遍历的那个code，洞就是抽检码强度不够，没有对爆破进行限制
26270,同一学校公告处泄漏身份证等敏感信息，视情况只收前一到三个
26274,重复
26275,重复
26278,重复
26282,重复
26306,重复
26352,下次最好同一站点的身份泄露最好打包提交
26364,重复
26367,重复，下次同一个站点的请打包提交
26377,重复
26394,重复
26402,重复，同一站点的请打包提交
26405,重复
26432,重复，同一站点请打包提交
26438,重复
26441,重复
26442,重复
26446,重复，下次同一站点请打包提交
26448,重复
26449,重复，下次同一站点的请打包提交
26456,重复，同一站点的请打包提交
26459,重复
26461,重复
26462,重复
26474,重复
26477,重复
26478,重复
26479,重复
26482,重复
26485,重复
26487,重复
26496,重复
26497,重复
26511,下次同一站点的漏洞请打包提交
26518,重复
26519,重复
26520,重复
26533,重复
26537,重复
26547,重复
26548,重复
26550,重复
26551,重复
26557,重复
26558,重复
26560,重复
26563,重复
26564,重复
26565,重复
26566,重复
26567,重复
26568,重复
26573,重复
26580,重复
26584,下次请包含必要的截图
26593,重复
26602,重复
26651,重复
26652,重复
26653,重复
26738,重复
26745,重复
26746,重复
26747,重复
26750,重复
26756,重复
26758,重复
26759,重复
26761,重复
26762,重复
26763,重复
26769,重复
26771,重复
26772,重复
26774,重复
26775,重复
26776,重复
26777,重复
26779,重复
26780,重复
26781,重复
26782,重复
26793,这么多位你怎么爆破？
26795,后面那个值是学号和姓名的base64
26796,爆破难度太高
26800,爆破难度太高
26801,爆破难度太高
26806,重复
26822,重复
26825,无法复现
26846,重复
26861,重复
26862,重复
26911,泄露存在但是截图错了
26936,重复
26937,重复
26941,重复
26949,重复
26978,无敏感文件危害不足
26987,重复，下次同一站点的请打包提交
26988,重复
27027,这属于个人的，你发个邮件通知他一下，让他改一下密码
27034,下次请包含必要的截图
27048,同样的漏洞，不重复给高分
27060,同样的漏洞，不重复给高分
27062,同样的漏洞，不重复给高分
27063,同样的漏洞，不重复给高分
27067,同样的漏洞，不重复给高分
27068,同样的漏洞，不重复给高分
27069,同样的漏洞，不重复给高分
27070,同样的漏洞，不重复给高分
27071,同样的漏洞，不重复给高分
27072,同样的漏洞，不重复给高分
27073,同样的漏洞，不重复给高分
27074,同样的漏洞，不重复给高分
27075,同样的漏洞，不重复给高分
27076,同样的漏洞，不重复给高分
27077,同样的漏洞，不重复给高分
27078,同样的漏洞，不重复给高分
27079,同样的漏洞，不重复给高分
27080,同样的漏洞，不重复给高分
27081,同样的漏洞，不重复给高分
27082,同样的漏洞，不重复给高分
27083,同样的漏洞，不重复给高分
27084,同样的漏洞，不重复给高分
27085,同样的漏洞，不重复给高分
27097,同样的漏洞，不重复给高分
27098,同样的漏洞，不重复给高分
27099,同样的漏洞，不重复给高分
27100,同样的漏洞，不重复给高分
27101,同样的漏洞，不重复给高分
27104,同样的漏洞，不重复给高分
27105,同样的漏洞，不重复给高分
27106,同样的漏洞，不重复给高分
27107,同样的漏洞，不重复给高分
27108,同样的漏洞，不重复给高分
27110,同样的漏洞，不重复给高分
27112,无风险，忽略
27114,同样的漏洞，不重复给高分
27118,同样的漏洞，不重复给高分
27120,同样的漏洞，不重复给高分
27121,无风险，忽略
27123,同样的漏洞，不重复给高分
27129,同样的漏洞，不重复给高分
27162,同样的漏洞，不重复给高分
27163,同样的漏洞，不重复给高分
27168,同样的漏洞，不重复给高分
27170,同样的漏洞，不重复给高分
27171,同样的漏洞，不重复给高分
27172,同样的漏洞，不重复给高分
27173,同样的漏洞，不重复给高分
27177,请写明漏洞链接
27185,危害不足
27208,重复
27224,无敏感信息
27226,下次在正文处包含漏洞链接
27236,重复
27237,重复
27244,重复
27250,重复
27257,下次请包含必要的截图
27267,重复
27269,重复
27271,重复
27273,重复
27279,下次注意简要描述不要泄露敏感信息
27282,简要描述不要泄露敏感信息
27294,下次同一个站点的漏洞可以打包提交
27303,重复
27304,bh=20160194203 就开始出错了  另外还可能存在任意文件上传，请自查
27328,下次单位填准确，并且要包含必要的截图
27334,重复
27337,注意看短信内容，访客身份！
27338,存在sql注入
27342,重复
27343,重复
27372,重复
27380,重复
27400,重复
27409,反射型xss不收，下次不要在简要描述处泄露具体的信息
27410,重复
27412,重复
27415,简要描述处不要泄露敏感信息
27419,重复
27421,重复， 已修复
27429,重复
27433,重复
27437,重复
27458,重复
27460,重复
27468,重复
27475,一般仅收录存储型XSS
27483,下次这种， 属于用户不修改默认密码的就不要提交了
27491,重复
27494,重复
27525,后端似乎过滤了&quot; 和&#39; 无法getshell ， 如果验证getshell， echo &#39;edusrc&#39;; 即可
27551,重复
27566,重复
27578,下次利用过程写详细一点
27580,下次把利用过程写到内容处不要只上传一个附件
27630,重复
27631,http://cache.xixik.com.cn/10/hangzhou/  现在503了
27632,下次请说明shell是由于漏洞自己上传的，还是别人留下的
27633,下次请给出具体的链接
27637,无敏感信息
27639,下次内容处给出具体漏洞链接
27642,下次把域名等信息，写到内容处
27645,由于属于通用漏洞， 第一个提交会给的较高， 剩下的会酌情降低
27653,再给个10奖励
27669,下次请说明如何后门是怎么传上去的
27674,下次记得包含必要的截图
27676,该网站目前403
27677,下次记得把漏洞链接写到内容处， 这次我帮你放了
27702,重复
27704,重复
27705,重复
27707,重复
27712,重复
27714,重复
27715,重复
27716,重复
27717,重复
27718,重复
27721,重复
27724,重复
27725,重复
27727,重复
27730,重复
27749,重复
27756,重复
27760,重复
27762,重复
27763,重复
27765,重复
27767,重复
27769,重复
27845,重复
27846,重复
27932,重复
27949,重复
27962,重复
27974,重复
28053,第一个会给较高的分数， 剩下的酌情降低
28134,重复
28139,下次最好截图证明， ip属于该学校的
28141,重复
28146,重复
28148,重复
28166,重复
28171,重复
28209,因为命令执行的那个洞给了7，所以这个就只给1了
28210,因为命令执行的那个洞给了7，所以这个就只给1了
28211,下次一个站的漏洞最好一起打包提交
28217,重复
28221,下次最好标明泄露的条数
28269,重复
28295,重复
28297,弱口令无法登陆
28328,重复
28333,重复
28363,通用漏洞酌情降低分数
28370,重复
28372,重复
28373,重复
28374,重复
28375,重复
28381,下次请包含必要的截图
28387,重复
28398,下次简要描述不要泄露敏感信息
28444,重复
28465,重复
28466,重复
28467,重复
28473,重复
28475,重复
28483,重复
28493,重复
28494,重复
28495,重复
28496,重复
28510,下次请包含必要的截图，以及验证ip属于该校
28512,下次请包含必要的截图
28515,重复
28530,重复
28531,重复
28532,重复
28533,重复
28535,重复
28538,重复
28539,重复
28540,重复
28543,重复
28544,重复
28545,重复
28552,危害不足
28558,反射型xss不收
28562,重复
28563,重复
28568,重复
28569,重复
28571,重复
28573,重复
28578,危害不足
28579,危害不足
28596,反射不收
28597,危害不足
28599,重复
28600,重复
28601,重复
28687,重复
28688,重复
28693,重复
28694,危害不足
28722,请写明弱口令具体是啥
28731,重复
28739,重复
28744,重复
28745,重复
28748,重复
28750,重复
28752,重复
28792,重复
28813,重复
28822,重复
28829,重复
28878,重复
28887,重复
28907,重复
28914,重复
28923,重复
28932,重复；另附：这个问题实际是某WAF设备的ssrf，并非xxe，XXE读取文件，列目录都是不能实现的。
28935,弱口令用户不能登录，感谢白帽子的提交。
28937,重复
28970,内容为站点的样式和js文件描述，未包含明显敏感信息；
28971,感谢提交，建议提供进一步的风险利用点
28972,内容为站点的样式和js文件描述，未包含明显敏感信息；
28974,感谢提交，建议提供进一步的风险利用点
28977,感谢提交，建议提供进一步的风险利用点
28994,下次提交之前最好预览一下
28996,重复
28997,重复
28999,重复
29004,目前访问503
29006,重复
29011,REMOTE_ADDR 是访问者的IP，就是你自己的IP
29029,需用户登录提交；须业务系统登录触发；
29048,功能设计问题，身份信息已打码；程序应在服务器端同步验证输入的内容；
29054,多为网站公开文件，目前未发现实质的利用点，感谢白帽子的提交。
29055,部分端口链接，目前已关闭，无法连接；
29060,管理面板虽代码中是内网IP，但是端口已经映射对外，可直接访问。
29077,即使扩展名变了，内容任然是图片。
29086,以后请提供 curl 验证方式
29087,重复
29095,重复
29099,同一软件产品的低危问题
29100,并非只一个页面，整站废了。
29101,链接地址为页面中的外链，非主动触发链接；
29102,同一软件产品的低危问题
29104,同一软件产品的低危问题
29105,同一软件产品的低危问题
29106,同一软件产品的低危问题
29114,重复；另附：这个问题实际是某WAF设备的ssrf，并非xxe，XXE读取文件，列目录都是不能实现的。
29124,重复；另附：这个问题实际是某WAF设备的ssrf，并非xxe，XXE读取文件，列目录都是不能实现的。
29128,同一软件产品的低危问题
29138,不建议暴破；
29154,重复；
29205,重复
29209,重复
29212,重复，该问题为通用，已有白帽子提交。
29213,重复，该问题为通用，已有白帽子提交。
29214,重复，该问题为通用，已有白帽子提交。
29215,重复，该问题为通用，已有白帽子提交。
29216,重复，该问题为通用，已有白帽子提交。
29222,重复
29224,重复，2018年已提交
29231,重复
29233,重复
29240,重复
29257,请给出有效的利用
29258,请给出有效的利用
29259,请给出有效的利用
29261,不常用的数据库类型
29297,程序过滤了特殊符号，你只输入了一个单引号的时候，就被过滤掉了，所以长度就为0，程序抛出了异常，给你评分，是一种鼓励，一种期望。
29303,底部代码为病毒传播，主要通过U盘或文件共享copy，主要感染htm html文件；
29310,重复
29313,重复
29314,包含敏感信息的文件已删除，按弱口令评分。
29317,self-xss不收
29320,重复
29330,说明登录提示信息即可，不建议暴力破解。
29333,不建议暴破
29336,重复
29337,重复
29341,数据库中未发现敏感信息
29345,重复
29353,重复
29357,该问题并非XXE，是网站前端WAF的bug，属于SSRF，WAF厂商有补丁。
29370,点到为止
29394,重复
29406,重复
29416,有部分未屏蔽
29424,重复
29439,重复，感谢白帽子打包提交。
29440,未描述如何越权
29443,重复
29450,前端nginx代理后端tomcat的配置
29453,同一学校，同一问题，按重复计
29456,重复
29476,同一学校，同一问题，按重复计
29477,重复
29478,重复
29482,端口开放，但未列出镜像，不能进一步确认风险。
29484,重复；另附：这个问题实际是某WAF设备的ssrf，并非xxe，XXE读取文件，列目录都是不能实现的。
29501,重复
29502,重复
29503,重复
29527,同一站点，同一类型
29532,重复
29533,重复
29534,重复
29540,重复
29578,重复
29594,重复
29611,重复
29615,不建议暴力破解及内网探测，说明问题，点到为止即可
29631,应提供详细的测试方法或验证工具，便于确认和学校修复复测
29632,重复
29638,重复
29639,之前已有提交，撞洞了。
29644,重复
29645,重复
29646,重复
29647,重复
29648,重复
29659,重复
29661,重复
29663,重复
29664,重复
29671,非管理员权限用户
29684,你仔细看看IP，会发现都是同一个。
29687,重复
29693,系统禁用了system，可以使用copy进一步验证
29709,超时是4的倍数
29710,域名与gzife对应同一站点，重复
29711,重复
29716,重复
29723,重复
29725,无敏感信息，无明显风险利用。
29735,重复
29739,同一站点，同一类型
29743,同一软件产品的低危问题
29750,重复
29752,描述中要补齐 xls文件在download目录中
29765,与你提交的上个漏洞重复，站点类似的访问链接，相同的参数
29768,同一站点同一类型漏洞
29773,重复
29774,重复
29776,重复
29803,重复
29806,文件很大，但泄露的内容包含了数据备份，包含关键组件的密码，可以轻松的Getshell，当然，这些都是审核验证的
29851,IP归属不在目标学校
29856,重复
29864,重复
29869,重复
29904,重复
29915,同一学校公告处泄漏身份证等敏感信息，视情况只收前一到三个
29936,重复
29940,同一学校公告处泄漏身份证等敏感信息，视情况只收前一到三个
29963,2017年已有提交 ，重复
29980,上传文件缺少具体操作或数据包的描述
29994,确认2017年已有提交，重复。
29996,未复现
29997,同一站点同一类型漏洞
30001,重复
30004,重复
30005,重复
30006,同一网站同一类问题，打包提交
30012,源码泄露
30013,重复
30017,前端有WAF设备，敏感文件不能获取。
30022,同一站点同一类型漏洞，打包提交
30031,重复
30033,重复
30041,重复
30044,重复
30045,这种黑页的入口也要找到提交，便于学校处理问题
30050,图书馆资源
30061,同一学校公告处泄漏身份证等敏感信息，视情况只收前一到三个
30067,重复
30069,重复
30070,同一学校公告处泄漏身份证等敏感信息，视情况只收前一到三个
30076,域名解析IP归属不在国内，疑似域名劫持。
30082,重复
30083,重复，你本人在2018年提交过。
30085,部分URL已有提交
30103,重复
30107,同一软件产品的低危问题，按重复计
30108,同一软件产品的低危问题，按重复计
30109,同一软件产品的低危问题，按重复计
30110,同一软件产品的低危问题，按重复计
30111,同一软件产品的低危问题，按重复计
30112,同一软件产品的低危问题，按重复计
30114,同一软件产品的低危问题，按重复计
30123,同一学校公告处泄漏身份证等敏感信息，视情况只收前一到三个
30131,重复
30143,重复
30147,重复
30165,重复
30170,重复
30175,重复
30177,重复
30182,同一学校公告处泄漏身份证等敏感信息，视情况只收前一到三个
30183,只能上传txt，危害有降低
30185,重复
30195,同一学校公告处泄漏身份证等敏感信息，视情况只收前一到三个
30199,重复
30203,同一学校公告处泄漏身份证等敏感信息，视情况只收前一到三个
30204,同一学校公告处泄漏身份证等敏感信息，视情况只收前一到三个
30210,同一学校公告处泄漏身份证等敏感信息，视情况只收前一到三个
30217,同一学校公告处泄漏身份证等敏感信息，视情况只收前一到三个
30220,同一学校公告处泄漏身份证等敏感信息，视情况只收前一到三个
30223,同一学校公告处泄漏身份证等敏感信息，视情况只收前一到三个
30224,同一学校公告处泄漏身份证等敏感信息，视情况只收前一到三个
30226,同一学校公告处泄漏身份证等敏感信息，视情况只收前一到三个
30234,重复
30254,重复
30258,不建议暴力破解
30261,目标第三方业务系统，按信息泄露
30264,重复
30271,重复
30272,重复
30283,为了便于验证，建议增加获取数据的截图或方法
30287,重复
30308,同一学校公告处泄漏身份证等敏感信息，视情况只收前一到三个
30309,同一学校公告处泄漏身份证等敏感信息，视情况只收前一到三个
30314,定义为通用类型，3个之后分数会降低。
30317,同一学校公告处泄漏身份证等敏感信息，视情况只收前一到三个
30326,重复
30327,同一学校公告处泄漏身份证等敏感信息，视情况只收前一到三个
30339,重复
30340,重复
30342,同一学校公告处泄漏身份证等敏感信息，视情况只收前一到三个
30344,重复
30349,重复
30369,纯测试账户
30388,上传功能导致
30393,不推荐暴力破解的验证方式，可能影响到学校的业务允许，下不为例。
30395,上传导致
30433,重复
30434,重复
30438,重复
30440,同一学校公告处泄漏身份证等敏感信息，视情况只收前一到三个
30441,同一学校公告处泄漏身份证等敏感信息，视情况只收前一到三个
30443,有部分重复
30450,漏洞详情须填写到内容框中，附件用于验证工具或者验证代码的上传，不能用于漏洞详情。
30454,重复
30462,同一学校公告处泄漏身份证等敏感信息，视情况只收前一到三个
30468,已中毒
30477,同一学校同一类型
30479,重复
30487,同一学校公告处泄漏身份证等敏感信息，视情况只收前一到三个
30490,同一学校公告处泄漏身份证等敏感信息，视情况只收前一到三个
30492,同一学校公告处泄漏身份证等敏感信息，视情况只收前一到三个
30496,同一学校公告处泄漏身份证等敏感信息，视情况只收前一到三个
30497,同一学校公告处泄漏身份证等敏感信息，视情况只收前一到三个
30498,同一学校公告处泄漏身份证等敏感信息，视情况只收前一到三个
30500,同一学校公告处泄漏身份证等敏感信息，视情况只收前一到三个
30501,同一学校公告处泄漏身份证等敏感信息，视情况只收前一到三个
30505,同一学校公告处泄漏身份证等敏感信息，视情况只收前一到三个
30507,同一学校公告处泄漏身份证等敏感信息，视情况只收前一到三个
30515,同一学校公告处泄漏身份证等敏感信息，视情况只收前一到三个
30519,重复
30521,文章评论类似留言板，未采用先审核后发表的原则。
30528,同一学校公告处泄漏身份证等敏感信息，视情况只收前一到三个
30530,同一学校公告处泄漏身份证等敏感信息，视情况只收前一到三个
30533,同一学校公告处泄漏身份证等敏感信息，视情况只收前一到三个
30536,同一学校公告处泄漏身份证等敏感信息，视情况只收前一到三个
30539,同一学校公告处泄漏身份证等敏感信息，视情况只收前一到三个
30541,漏洞详情须填写到内容框中，附件用于验证工具或代码的上传。
30544,同一学校公告处泄漏身份证等敏感信息，视情况只收前一到三个
30548,漏洞详情须填写到内容框中，附件用于验证工具或验证代码的上传
30551,漏洞详情须填写在内容框中，附件用于验证工具或验证代码的上传。漏洞类型须填写正确。
30556,漏洞详情须填写到内容框中，附件用于验证工具或代码的上传。
30559,漏洞详情须填写到内容框中，不能填写到“简要描述”中；附件用于验证工具或代码的上传。
30567,除了挖矿的脚本，一无所有
30574,5个全是挖矿的，有一个比较有意思，虽然是ru的域名，感觉就是国人的作品。
30579,同一学校公告处泄漏身份证等敏感信息，视情况只收前一到三个
30584,重复
30591,同一学校公告处泄漏身份证等敏感信息，视情况只收前一到三个
30611,目标站点，运行缓慢，点击卡顿，不能确认进一步风险。
30616,那个XXX版本的XXXXXXXXXX，只要能登录就可以getshell，不建议深入XX和获取其他XXXX，点到为止。目前目标网站不能访问，个人将过程转给学校，便于辅助定位问题。
30618,同一学校公告处泄漏身份证等敏感信息，视情况只收前一到三个
30623,同一学校MemCache未授权访问，只收前三个ip，其它ip存在该问题的均算重复
30626,重复
30640,重复
30653,重复
30658,重复
30659,重复
30687,ip 218  ip 47 的目标URL 在验证过程，无法访问。
30698,同一学校公告处泄漏身份证等敏感信息，视情况只收前一到三个
30701,重复
30718,同一学校公告处泄漏身份证等敏感信息，视情况只收前一到三个
30720,重复
30721,重复
30725,重复
30727,重复
30733,重复
30735,同一学校，同一平台，不同站点，重复计
30739,重复
30743,重复
30762,1 标题和简介不能有明显漏洞单位和漏洞类型的提醒；2 目标URL需要填写到内容框中，全是截图不便于检索和验证 3 最后那个URL是第三方链接
30770,重复
30772,重复
30780,之前也是这个网段，会不会是同一个应用，但是IP在变化
30786,同一学校同一类型问题，酌情降低了评分
30791,重复 2017年已有提交
30796,统计类信息居多
30808,重复
30809,重复
30816,重复
30837,重复
30871,原站点被搞，采集过来的内容，未包含暗链
30876,重复
30888,同一学校公告处泄漏身份证等敏感信息，视情况只收前一到三个
30892,重复
30898,同一学校公告处泄漏身份证等敏感信息，视情况只收前一到三个
30903,同一学校公告处泄漏身份证等敏感信息，视情况只收前一到三个
30907,重复
30911,同一学校公告处泄漏身份证等敏感信息，视情况只收前一到三个
30916,1 学校信息一定要准确 2 目标URL不能填写到简要描述中 3 漏洞内容要输入到内容框中 4 附件用于验证工具软件或验证代码的上传。
30919,同一学校公告处泄漏身份证等敏感信息，视情况只收前一到三个
30922,同一学校公告处泄漏身份证等敏感信息，视情况只收前一到三个
30926,同一学校公告处泄漏身份证等敏感信息，视情况只收前一到三个
30927,重复
30940,大部分已屏蔽，少部分结尾为处理
30941,同一学校公告处泄漏身份证等敏感信息，视情况只收前一到三个
30942,同一学校公告处泄漏身份证等敏感信息，视情况只收前一到三个
30943,同一学校公告处泄漏身份证等敏感信息，视情况只收前一到三个
30945,重复
30946,同一学校公告处泄漏身份证等敏感信息，视情况只收前一到三个
30950,同一学校公告处泄漏身份证等敏感信息，视情况只收前一到三个
30958,重复
30972,重复
30974,重复
30980,漏洞详情须填写到内容框中，附件用于验证工具或代码的上传。
30992,默认口令按通用计，评分会降低
30993,默认口令按通用计，评分会降低
30996,漏洞内容须填写到内容框中，附件用于验证工具或代码的上传。点到为止，dump不建议使用。
30999,同一学校公告处泄漏身份证等敏感信息，视情况只收前一到三个
31001,同一学校公告处泄漏身份证等敏感信息，视情况只收前一到三个
31002,同一学校公告处泄漏身份证等敏感信息，视情况只收前一到三个
31003,同一学校公告处泄漏身份证等敏感信息，视情况只收前一到三个
31020,其中一个 :重复
31030,重复
31052,那个XXX库 ，默认是没有密码的，XXX口令没有意义，虽然是监控的临时数据，建议限制端口或增加auth
31053,打包提交好处多，统一处理更便捷，验证审核不犹豫，给个十分不啰嗦。
31054,同一学校公告处泄漏身份证等敏感信息，视情况只收前一到三个；重复；
31060,内容会受到某些符号的干扰，故降低了一点
31073,该系统实际内容为某软件公司，但因与学校相关的业务在同一服务器同一数据库，威胁存在，故评分有所调整。
31074,重复
31086,第一个重复，第二个通过了，不是因为列目录，而是那个目录的文件有敏感信息。
31091,2017-03-29 已有提交，重复。
31100,重复
31105,管理是需要授权登录的，插件也是需要管理员才能配置的，能够查看的监控信息中有那么少许的信息泄露。
31106,1 目标IP归属与学校无直接关联 2 目标未在学校主站公开的机构名单中 ，综上，故评分有降低，如学校认可目标归属，评分可调整。
31108,重复
31109,重复
31110,重复
31113,1 存在弱口令 2 登录用户可以登入其他业务系统查看敏感信息
31118,1 IP归属与目标学校无明显关联 2 系统内部无明显敏感信息
31121,重复
31128,目标站点应该是在同一IP的服务器上，一损俱损
31134,文章已撤稿，内容列表页仍有信息残留，如以后网站自动或手工更新了列表页，则可能不会复现。
31137,1 目标用户登入无明显风险利用 2 那个口令是我给补充的
31148,验证的script代码要记得清理。
31153,同一学校公告处泄漏身份证等敏感信息，视情况只收前一到三个
31156,同一学校公告处泄漏身份证等敏感信息，视情况只收前一到三个
31157,重复
31159,部分内容重复
31173,问题已有提交，重复。
31175,1 业务为第三方平台 2 业务无明显风险或敏感信息 3 提醒学校规避此类问题
31187,广告机
31190,虽部分重复，但支持打包提交
31191,同一学校公告处泄漏身份证等敏感信息，视情况只收前一到三个
31204,漏洞详情须填写到内容框中，附件用于验证工具或验证代码的上传； 该系统这类问题已有大量提交，故评分有降低。
31205,漏洞详情须填写到内容框中，附件用于验证工具或验证代码的上传； 该系统这类问题已有大量提交，故评分有降低。
31206,重复
31215,同一学校公告处泄漏身份证等敏感信息，视情况只收前一到三个
31217,部分重复
31218,同一学校公告处泄漏身份证等敏感信息，视情况只收前一到三个
31220,同一学校公告处泄漏身份证等敏感信息，视情况只收前一到三个
31224,重复
31226,重复
31227,重复
31256,重复
31260,重复
31272,sql注入部分重复；验证过程 用户外部登录405 ，其中的可以利用的链接均返回404 ，故评分降低。
31285,系统无明显敏感信息泄露或风险利用，且大量Runtime Error，故评分降低
31302,同一学校公告处泄漏身份证等敏感信息，视情况只收前一到三个
31304,同一学校公告处泄漏身份证等敏感信息，视情况只收前一到三个
31306,同一学校公告处泄漏身份证等敏感信息，视情况只收前一到三个
31307,同一学校公告处泄漏身份证等敏感信息，视情况只收前一到三个
31312,同一学校公告处泄漏身份证等敏感信息，视情况只收前一到三个
31313,重复
31319,同一学校公告处泄漏身份证等敏感信息，视情况只收前一到三个
31338,重复
31340,同一学校公告处泄漏身份证等敏感信息，视情况只收前一到三个
31342,2345重复
31349,重复
31351,重复
31354,已知通用问题
31355,1 标题不需要描述到具体的业务系统；2 漏洞详情须填写到内容框中；3 附件用于验证工具或验证脚本的上传；
31358,猜测是迁移采集的原站点内容
31362,1 需登录 2 越权查看内容为基本信息 3 同一系统按通用计 ，评分适当降低
31364,1 需登录 2 越权查看内容为基本信息 3 同一系统按通用计 ，评分适当降低
31366,1 需登录 2 越权查看内容为基本信息 3 同一系统按通用计 ，评分适当降低
31367,1 需登录 2 越权查看内容为基本信息 3 同一系统按通用计 ，评分适当降低
31369,1 目标域名解析IP未属于校内IP 2 用户为离职用户 3 该机构未出现在学校附属机构中  故评分降低
31381,类似的页面该站点还有不少，望彻底检查。
31387,重复
31390,开始登录部分有重复，后面部分那个神秘代码并不神秘，其实是汉字的utf-8编码，比如你百度输入汉字内容的时候没有注意到吧。
31394,同一学校公告处泄漏身份证等敏感信息，视情况只收前一到三个
31396,同一学校公告处泄漏身份证等敏感信息，视情况只收前一到三个
31398,同一学校公告处泄漏身份证等敏感信息，视情况只收前一到三个
31399,同一学校公告处泄漏身份证等敏感信息，视情况只收前一到三个
31405,1 同一学校公告处泄漏身份证等敏感信息，视情况只收前一到三个 2 重复
31406,同一学校公告处泄漏身份证等敏感信息，视情况只收前一到三个
31408,通过比对发现 2759819611 为同一博彩推广，重复。根源还是没有清理攻击者后门，封堵程序安全漏洞。
31411,用户非管理权限
31414,验证过程，部分用户密码错误
31416,目标域名解析归属并非学校所属，故评分有所降低
31419,1 单用户非管理 2 系统多处404和运行错误 以上评分有降低 3 具备系统管理权限
31420,1 注入赘述太多 2 不是主动触发 3 下一步还是有权限判断的 综上评分降低。
31421,重复
31422,漏洞详情，请一定填写到内容框中，不要作为附件上传；附件一般用于验证代码或验证工具的上传。
31424,通过关键字的变化，不能确定是否修复过。根源还是没有根除攻击者后门，封堵安全漏洞，归类重复。
31426,重复
31431,1 同一学校公告处泄漏身份证等敏感信息，视情况只收前一到三个 2 重复
31433,同一学校公告处泄漏身份证等敏感信息，视情况只收前一到三个
31434,同一学校公告处泄漏身份证等敏感信息，视情况只收前一到三个
31435,不能明确是否是学校主动公开的信息，故评分有降低
31436,重复
31437,重复
31438,重复
31442,1 目标IP归属非学校所属 2 内部数据多为测试数据 3 有白帽提交了学校使用的地址；但不能否认该系统对学校生产环境的影响，故评分有降低。
31444,一所职业院校，一年几百万的学生，整个湖北省估计都没有的。不过里面的信息，的确是比较详细的。鉴于有标题党嫌疑，评分有考虑过调整 ；）
31445,前端的安全设备阻止了进一步获取重要的文件，故评分有降低。
31446,大部分功能项404，评分降低
31450,存在以下情况我们将酌情将漏洞等级降低： 漏洞真实存在，但因为各种问题（如WAF），白帽子无法说明利用方法的 漏洞提交前，相关单位已经知晓，但暂未修复的已知漏洞 漏洞触发需要一定条件的，具有一定的偶然性 同一单位多处相似漏洞 恶意夸大漏洞危害的 通过人工确认，目标系统中涉及用户信息不足两千，故“百万学生信息” 有明显夸大的嫌疑，综上，评分有所降低。
31453,同一学校公告处泄漏身份证等敏感信息，视情况只收前一到三个
31454,重复
31461,1 系统内容中有部分测试内容 2 系统域名解析IP并非目标学校归属 综上，评分有降低。
31467,该站点之前有类似问题提交，但名称不同。
31474,同一学校公告处泄漏身份证等敏感信息，视情况只收前一到三个
31475,同一学校公告处泄漏身份证等敏感信息，视情况只收前一到三个
31480,重复
31481,同一学校公告处泄漏身份证等敏感信息，视情况只收前一到三个
31488,重复 同一学校公告处泄漏身份证等敏感信息，视情况只收前一到三个
31489,同一学校公告处泄漏身份证等敏感信息，视情况只收前一到三个
31491,同一学校公告处泄漏身份证等敏感信息，视情况只收前一到三个
31492,1 URL与学校关联不明确 2 域名解析IP并非目标学校归属  3 系统近期无明显更新 综上，评分有降低
31494,需要一定条件才能复现，故评分降低。
31495,1 需要一定条件才能复现，故评分降低；2 类似问题的提交方式，不推荐、不鼓励
31498,asp不解析的原因是IIS是假的，该系统是b**go框架开发的，常见的所有3P脚本都是不能执行的。另外该系统IP归属并非目标学校。综上评分有所降低。
31499,内容已经合并，另 同一学校公告处泄漏身份证等敏感信息，视情况只收前一到三个
31515,同一学校公告处泄漏身份证等敏感信息，视情况只收前一到三个
31516,同一学校公告处泄漏身份证等敏感信息，视情况只收前一到三个  部分已有提交，重复 综上，评分降低
31517,同一学校公告处泄漏身份证等敏感信息，视情况只收前一到三个
31518,同一学校公告处泄漏身份证等敏感信息，视情况只收前一到三个
31520,同一学校公告处泄漏身份证等敏感信息，视情况只收前一到三个
31521,同一学校公告处泄漏身份证等敏感信息，视情况只收前一到三个，类似问题已有提交，故评分降低
31523,重复 同一学校公告处泄漏身份证等敏感信息，视情况只收前一到三个
31524,重复
31525,同一学校公告处泄漏身份证等敏感信息，视情况只收前一到三个
31526,同一学校公告处泄漏身份证等敏感信息，视情况只收前一到三个
31527,同一学校公告处泄漏身份证等敏感信息，视情况只收前一到三个
31529,同一学校公告处泄漏身份证等敏感信息，视情况只收前一到三个
31532,重复 同一学校公告处泄漏身份证等敏感信息，视情况只收前一到三个
31545,猜测是前端设备bug
31547,前端设备造成的同类问题，已有提交，重复
31549,同一系统，同样的配置问题，已有类似提交。
31550,前端设备造成的同类问题，已有提交，重复
31557,目标链接并无权限验证，登录不登录是一样的。
31560,某系统上传的原因
31564,猜测是迁移原站点采集过来的内容，但是需注意页面有电脑版和移动版两份，彻底清除，避免遗漏。
31565,同一站点，没有彻底清理。
31567,重复，有注册申请的同学是6月13日提交，但是审核之后时间变成现在的时间。
31568,简要描述中不能填写漏洞内容或者与目标URL相关的信息。
31570,同一学校公告处泄漏身份证等敏感信息，视情况只收前一到三个
31575,目前该问题按通用计，评分有所降低。
31576,该问题目前按通用计，故评分有降低。
31577,该问题目前按通用计，故评分有降低。
31579,该问题目前按通用计，故评分有降低。
31580,该问题目前按通用计，故评分有降低。
31581,该问题目前按通用计，故评分有降低。
31582,重复
31584,该问题目前按通用计，故评分有降低。
31586,同一套系统，重复
31592,该问题目前按通用计，故评分有降低。
31593,该问题目前按通用计，故评分有所降低。
31595,重复
31597,该问题目前按通用计，故评分有降低。
31605,该问题目前按通用计，故评分有降低。
31607,该问题目前按通用计，故评分有降低。
31608,该问题目前按通用计，故评分有降低。
31609,该问题目前按通用计，故评分有降低。
31610,该问题目前按通用计，故评分有降低。
31611,该问题目前按通用计，故评分有降低。
31615,该问题目前按通用计，故评分有降低。
31616,该问题目前按通用计，故评分有降低。
31617,该问题目前按通用计，故评分有降低。
31622,该问题目前按通用计，故评分有降低。
31625,该问题目前按通用计，故评分有降低。
31626,该问题目前按通用计，故评分有降低。
31629,该问题目前按通用计，故评分有降低。
31630,该问题目前按通用计，故评分有降低。
31631,该问题目前按通用计，故评分有降低。
31632,该问题目前按通用计，故评分有降低。
31633,该问题目前按通用计，故评分有降低。
31634,该问题目前按通用计，故评分有降低。
31636,该问题目前按通用计，故评分有降低。
31638,该问题目前按通用计，故评分有降低。
31639,该问题目前按通用计，故评分有降低。
31640,该问题目前按通用计，故评分有降低。
31641,该问题目前按通用计，故评分有降低。
31642,该问题目前按通用计，故评分有降低。
31643,该问题目前按通用计，故评分有降低。
31647,该问题目前按通用计，故评分有降低。
31650,该问题目前按通用计，故评分有降低。
31651,该问题目前按通用计，故评分有降低。
31653,该问题目前按通用计，故评分有降低。
31654,该问题目前按通用计，故评分有降低。
31657,该问题目前按通用计，故评分有降低。
31659,该问题目前按通用计，故评分有降低。
31660,该问题目前按通用计，故评分有降低。
31661,该问题目前按通用计，故评分有降低。
31662,该问题目前按通用计，故评分有降低。
31663,该问题目前按通用计，故评分有降低。
31665,该问题目前按通用计，故评分有降低。
31669,该问题目前按通用计，故评分有降低。
31671,该问题目前按通用计，故评分有降低。
31672,该问题目前按通用计，故评分有降低。
31676,该问题目前按通用计，故评分有降低。
31683,该问题目前按通用计，故评分有降低。
31684,该问题目前按通用计，故评分有降低。
31685,该问题目前按通用计，故评分有降低。
31687,该问题目前按通用计，故评分有降低。
31692,该问题目前按通用计，故评分有降低。
31696,该问题目前按通用计，故评分有降低。
31697,该问题目前按通用计，故评分有降低。
31699,该问题目前按通用计，故评分有降低。
31701,该问题目前按通用计，故评分有降低。
31706,该问题目前按通用计，故评分有降低。
31708,该问题目前按通用计，故评分有降低。
31710,该问题目前按通用计，故评分有降低。
31711,该问题目前按通用计，故评分有降低。
31714,该问题目前按通用计，故评分有降低。
31718,该问题目前按通用计，故评分有降低。
31720,该问题目前按通用计，故评分有降低。
31726,该问题目前按通用计，故评分有降低。
31729,该问题目前按通用计，故评分有降低。
31731,该问题目前按通用计，故评分有降低。
31735,该问题目前按通用计，故评分有降低。
31737,该问题目前按通用计，故评分有降低。
31739,该问题目前按通用计，故评分有降低。
31740,该问题目前按通用计，故评分有降低。
31741,该问题目前按通用计，故评分有降低。
31745,该问题目前按通用计，故评分有降低。
31751,该问题目前按通用计，故评分有降低。
31757,该问题目前按通用计，故评分有降低。
31758,该问题目前按通用计，故评分有降低。
31759,该问题目前按通用计，故评分有降低。
31761,该问题目前按通用计，故评分有降低。
31762,该问题目前按通用计，故评分有降低。
31765,该问题目前按通用计，故评分有降低。
31766,该问题目前按通用计，故评分有降低。
31768,该问题目前按通用计，故评分有降低。
31772,该问题目前按通用计，故评分有降低。
31773,该问题目前按通用计，故评分有降低。
31780,该问题目前按通用计，故评分有降低。
31784,该问题目前按通用计，故评分有降低。
31790,该问题目前按通用计，故评分有降低。
31792,该问题目前按通用计，故评分有降低。
31793,该问题目前按通用计，故评分有降低。
31797,重复
31798,该问题目前按通用计，故评分有降低。
31801,该问题目前按通用计，故评分有降低。
31804,该问题目前按通用计，故评分有降低。
31817,该问题目前按通用计，故评分有降低。
31820,该问题目前按通用计，故评分有降低。
31823,该问题目前按通用计，故评分有降低。
31829,该问题目前按通用计，故评分有降低。
31831,该问题目前按通用计，故评分有降低。
31851,同一学校公告处泄漏身份证等敏感信息，视情况只收前一到三个
31855,同一学校公告处泄漏身份证等敏感信息，视情况只收前一到三个
31857,该问题目前按通用计，故评分有降低。
31863,该问题目前按通用计，故评分有降低。
31872,该问题目前按通用计，故评分有降低。
31901,该问题目前按通用计，故评分有降低。
31907,文件内容无明显风险利用点
31908,虽然文件比较大，但是除了视频之外还是有敏感的代码和文件。
31916,该问题目前按通用计，故评分有降低。
31921,该问题目前按通用计，一定数量之后，评分有降低。
31923,目标IP非大陆地区，与学校无明显关联，故评分降低
31925,同一业务系统中不同主机，存在同主机多IP ，故评分有降低
31944,该问题目前按通用计，故评分有降低。
31946,该问题目前按通用计，故评分有降低。
31949,该问题目前按通用计，故评分有降低。
31951,已有提交 之前问题未修复
31953,之前问题未修复
31955,该问题目前按通用计，故评分有降低。
31957,同一学校公告处泄漏身份证等敏感信息，视情况只收前一到三个
31958,目标无法访问；
31959,同一学校公告处泄漏身份证等敏感信息，视情况只收前一到三个，另该文件有一定的内容屏蔽
31960,同一学校公告处泄漏身份证等敏感信息，视情况只收前一到三个
31964,部分重复，重在打包提交
31965,同一学校公告处泄漏身份证等敏感信息，视情况只收前一到三个
31966,同一学校公告处泄漏身份证等敏感信息，视情况只收前一到三个
31968,该问题目前按通用计，已有大量类似提交，故评分有降低。
31982,漏洞详情须填写到内容中，不允许填写到简要描述中；
31983,同一学校公告处泄漏身份证等敏感信息，视情况只收前一到三个
31993,该问题目前按通用计，已有大量类似提交，故评分有降低。
31998,被黑是真的，已有多次提交，判定重复
32000,重复
32004,该问题目前按通用计，已有大量类似提交，故评分有降低。
32005,该问题目前按通用计，已有大量类似提交，故评分有降低。
32008,已有提交，重复
32009,404被篡改
32013,1 页面未指明风险影响页面 2 源码太少 综上评分降低。
32014,同一学校公告处泄漏身份证等敏感信息，视情况只收前一到三个
32015,同一学校公告处泄漏身份证等敏感信息，视情况只收前一到三个
32016,同一学校公告处泄漏身份证等敏感信息，视情况只收前一到三个
32017,同一学校公告处泄漏身份证等敏感信息，视情况只收前一到三个
32021,猜测是前端设备的bug
32027,同一系统，不同站点已有提交，故评分降低。
32030,该问题目前按通用计，一定数量之后，评分有降低。
32031,该问题目前按通用计，一定数量之后，评分有降低。
32033,该问题目前按通用计，一定数量之后，评分有降低。
32034,该问题目前按通用计，一定数量之后，评分有降低。
32038,同一业务系统，评分有降低
32048,同一系统，不同域名，已有类似提交，判定重复。
32052,同一学校公告处泄漏身份证等敏感信息，视情况只收前一到三个
32063,同一学校公告处泄漏身份证等敏感信息，视情况只收前一到三个
32076,同一学校公告处泄漏身份证等敏感信息，视情况只收前一到三个
32079,同一学校公告处泄漏身份证等敏感信息，视情况只收前一到三个
32081,同一学校公告处泄漏身份证等敏感信息，视情况只收前一到三个
32082,同一学校公告处泄漏身份证等敏感信息，视情况只收前一到三个
32083,同一学校公告处泄漏身份证等敏感信息，视情况只收前一到三个
32089,漏洞内容须填写到内容框中，附件用于验证工具或验证代码的上传。
32090,归属同一套业务系统的IP
32096,同一学校公告处泄漏身份证等敏感信息，视情况只收前一到三个
32108,同一系统域名与IP，判定 重复
32121,VPN以后的事情，已有提交，重复。
32179,同一学校公告处泄漏身份证等敏感信息，视情况只收前一到三个
32180,同一学校公告处泄漏身份证等敏感信息，视情况只收前一到三个
32188,账号密码未能成功登录，通过用于提醒学校注意类似问题。
32192,网站支持泛域名解析，虽然域名不同，但是系统是同一系统，问题已提交，判定重复
32197,同一IP上不同业务系统，判定重复
32227,与31486 同一套系统不同站点，同样的问题
32234,同一学校公告处泄漏身份证等敏感信息，视情况只收前一到三个
32238,同一学校公告处泄漏身份证等敏感信息，视情况只收前一到三个
32249,重复
32259,同一学校公告处泄漏身份证等敏感信息，视情况只收前一到三个
32260,验证了一下，其实都是一套产品的安全问题，只是不同的网站域名，希望学校能统一处理。
32261,同一学校公告处泄漏身份证等敏感信息，视情况只收前一到三个
32263,同一学校公告处泄漏身份证等敏感信息，视情况只收前一到三个
32266,同一学校公告处泄漏身份证等敏感信息，视情况只收前一到三个
32269,同一学校公告处泄漏身份证等敏感信息，视情况只收前一到三个
32271,同一学校公告处泄漏身份证等敏感信息，视情况只收前一到三个
32282,重复
32288,同一学校公告处泄漏身份证等敏感信息，视情况只收前一到三个
32294,打包提交 但是并没有证明可以获取数据 故评分有降低。
32296,重复
32298,部分重复，打包提交 但是并没有证明可以获取数据 故评分有降低；
32301,1 简要描述不能有漏洞详情相关内容 2 漏洞详情须填写到内容框中，附件用于验证工具或验证代码的上传 3 目标学校须验证是是否有对应关系
32302,1 图片尺寸太小 2 号码不是账号 3 图片有些模糊  综上评分有降低。
32304,同一学校公告处泄漏身份证等敏感信息，视情况只收前一到三个
32305,同一学校公告处泄漏身份证等敏感信息，视情况只收前一到三个
32308,同一学校公告处泄漏身份证等敏感信息，视情况只收前一到三个
32312,同一学校公告处泄漏身份证等敏感信息，视情况只收前一到三个
32314,同一学校公告处泄漏身份证等敏感信息，视情况只收前一到三个
32316,同一学校公告处泄漏身份证等敏感信息，视情况只收前一到三个
32317,重复
32318,同一学校公告处泄漏身份证等敏感信息，视情况只收前一到三个
32319,同一学校公告处泄漏身份证等敏感信息，视情况只收前一到三个
32321,同一学校公告处泄漏身份证等敏感信息，视情况只收前一到三个
32325,同一学校公告处泄漏身份证等敏感信息，视情况只收前一到三个
32326,部分重复 同一学校公告处泄漏身份证等敏感信息，视情况只收前一到三个
32330,同一学校公告处泄漏身份证等敏感信息，视情况只收前一到三个
32334,同一学校公告处泄漏身份证等敏感信息，视情况只收前一到三个
32335,同一学校公告处泄漏身份证等敏感信息，视情况只收前一到三个
32338,同一学校公告处泄漏身份证等敏感信息，视情况只收前一到三个
32339,打包提交，但同一学校公告处泄漏身份证等敏感信息，视情况只收前一到三个 ；
32340,同一学校公告处泄漏身份证等敏感信息，视情况只收前一到三个
32343,同一学校公告处泄漏身份证等敏感信息，视情况只收前一到三个
32344,同一学校公告处泄漏身份证等敏感信息，视情况只收前一到三个
32347,同一站点建议打包提交，便于学校统一处理
32348,前端设备问题，已有类似提交，判定重复
32362,非管理员权限，评分有降低
32363,已有提交，重复
32364,已有提交，重复
32365,已有提交，重复
32367,目标内容有学校logo，但目标IP并非学校归属，故评分有降低
32368,都是管理员权限了，修改其他普通用户的密码是必备的功能。
32369,目标设备估计是只在上班时间开机，让人家验证很久。
32370,部分IP端口连接失败
32372,站点的实施问题，原站点的页面中存在恶意内容，迁移过程没有清除这类内容。
32374,同一学校公告处泄漏身份证等敏感信息，视情况只收前一到三个
32379,重复
32389,1 证据不足  3 下一步action请求的页面实际是404
32391,重复
32396,同一学校公告处泄漏身份证等敏感信息，视情况只收前一到三个
32397,同一学校公告处泄漏身份证等敏感信息，视情况只收前一到三个
32401,同一学校公告处泄漏身份证等敏感信息，视情况只收前一到三个
32402,同一学校公告处泄漏身份证等敏感信息，视情况只收前一到三个
32403,同一学校公告处泄漏身份证等敏感信息，视情况只收前一到三个
32405,同一学校公告处泄漏身份证等敏感信息，视情况只收前一到三个
32408,同一学校公告处泄漏身份证等敏感信息，视情况只收前一到三个
32412,重复
32413,同一学校公告处泄漏身份证等敏感信息，视情况只收前一到三个
32415,同一学校公告处泄漏身份证等敏感信息，视情况只收前一到三个
32416,同一单位多处同类型漏洞
32417,同一学校公告处泄漏身份证等敏感信息，视情况只收前一到三个
32418,同一学校公告处泄漏身份证等敏感信息，视情况只收前一到三个
32419,同一学校公告处泄漏身份证等敏感信息，视情况只收前一到三个
32422,同一学校公告处泄漏身份证等敏感信息，视情况只收前一到三个
32423,同一学校公告处泄漏身份证等敏感信息，视情况只收前一到三个
32424,同一学校公告处泄漏身份证等敏感信息，视情况只收前一到三个
32430,同一学校公告处泄漏身份证等敏感信息，视情况只收前一到三个
32431,已有类似提交
32433,重复
32439,1 漏洞标题和简要描述不要涉及目标系统的信息 2 漏洞详情须填写到内容框中 3 附件用于验证工具和验证代码的上传，不接受内容附件文档；
32443,已有提交，重复
32444,重复
32445,同一学校公告处泄漏身份证等敏感信息，视情况只收前一到三个
32448,1 验证方式需要通过其它方式登录需要详细描述或说明； 2 突破安全狗这个过程要有方法和内容的描述，不能用 “发现安全狗，突破了一下” 就一笔带过，下次就按标题内容夸大来考虑降分。
32449,标题和简要描述中请规避敏感信息。
32452,重复
32453,验证过程，目标系统已下线，审核通过，便于学校后期统一处理相关问题。
32462,同一学校公告处泄漏身份证等敏感信息，视情况只收前一到三个
32475,该系统已有大量提交，按通用计，故评分降低。
32476,该系统已有大量提交，按通用计，故评分降低。
32479,同一学校公告处泄漏身份证等敏感信息，视情况只收前一到三个
32485,重复
32487,同一学校公告处泄漏身份证等敏感信息，视情况只收前一到三个
32488,重复
32495,同一学校公告处泄漏身份证等敏感信息，视情况只收前一到三个
32498,同一学校公告处泄漏身份证等敏感信息，视情况只收前一到三个
32499,同一学校公告处泄漏身份证等敏感信息，视情况只收前一到三个
32500,同一学校公告处泄漏身份证等敏感信息，视情况只收前一到三个
32506,同一学校公告处泄漏身份证等敏感信息，视情况只收前一到三个
32507,同一学校公告处泄漏身份证等敏感信息，视情况只收前一到三个
32513,验证过程，目标系统已下线，之所以审核通过，一方面便于学校检查是否存在相关问题，另一方面肯定白帽同学的付出。 双方如对此操作方法有意见，可以向sec@sjtu.edu.cn投诉。
32519,验证过程，目标系统已下线，之所以审核通过，一方面便于学校检查是否存在相关问题，另一方面肯定白帽同学的付出。 双方如对此操作方法有意见，可以向sec@sjtu.edu.cn投诉。
32525,验证过程，目标系统已下线，之所以审核通过，一方面便于学校检查是否存在相关问题，另一方面肯定白帽同学的付出。 双方如对此操作方法有意见，可以向sec@sjtu.edu.cn投诉。
32527,验证过程，目标系统已下线，之所以审核通过，一方面便于学校检查是否存在相关问题，另一方面肯定白帽同学的付出。 双方如对此操作方法有意见，可以向sec@sjtu.edu.cn投诉。
32528,同一学校公告处泄漏身份证等敏感信息，视情况只收前一到三个
32548,同一学校公告处泄漏身份证等敏感信息，视情况只收前一到三个
32566,无验证方法，按后门计
32567,无验证方法，按后门计
32568,未提供验证方法，按后门计
32570,未提供验证方法，按后门计
32571,未提供验证方法，按后门计
32573,未提供验证方法，按后门计
32575,通用类漏洞，已有类似提交，评分有降低
32576,通用类漏洞，已有类似提交，评分有降低
32577,通用类漏洞，已有类似提交，评分有降低
32582,未提供验证方法，按后门计
32583,通用类漏洞，已有类似提交，评分有降低。
32584,简要描述中请规避敏感信息。
32587,通用类漏洞，已有类似提交，评分有降低。
32593,通用漏洞，已有类似提交，评分有降低
32595,通用类型漏洞，已有类似提交，评分有降低
32597,未提供有效验证方法，按后门计
32600,重复 学校另外一个名称的域名已有提交
32601,通用类型漏洞，已有类似提交；poc目标脚本已损坏，评分有降低
32602,同一系统，不同线路出口，判定重复
32603,通用类型漏洞，已有类似提交，评分有降低
32604,通用类型漏洞，已有类似提交，评分有降低
32606,通用类型漏洞，已有类似提交，评分有降低
32614,同一学校公告处泄漏身份证等敏感信息，视情况只收前一到三个
32622,目标虽端口开放，但连接超时。
32631,通用类型漏洞，已有类似提交，评分有降低
32632,该问题目前按通用计，一定数量之后，评分有降低。
32640,通用类型漏洞，已有类似提交，评分有降低
32641,2 重复
32684,该问题目前按通用计，已有大量类似提交，故评分有降低。
32685,内容详情部分请务必填写到内容框中，填写必要的文字说明、利用过程和证明截图。 附件用于验证工具和验证代码的上传。
32689,内容详情部分请务必填写必要的文字说明、利用过程和证明截图，附件用于验证工具或验证代码的上传。
32690,重复
32691,非管理用户，评分有降低
32693,非管理权限用户，评分有降低
32698,1 部分重复 2 非管理用户 评分有降低
32708,该问题目前按通用计，已有大量类似提交，故评分有降低。
32709,该问题目前按通用计，已有大量类似提交，故评分有降低。
32718,该问题按通用计，已有大量类似提交，故评分有降低。
32720,该问题目前按通用计，一定数量之后，评分有降低。
32721,该问题目前按通用计，一定数量之后，评分有降低。
32723,1 该站点已有类似提交 2该问题按通用计，已有大量类似提交，故评分有降低。
32725,该问题按通用计，一定数量之后，评分有降低。
32728,该问题按通用计，已有大量类似提交，故评分有降低。
32739,类似账号问题已有提交，重复
32740,权限范围内无明显风险
32745,同一学校公告处泄漏身份证等敏感信息，视情况只收前一到三个
32748,重复
32749,重复
32750,重复
32755,第一部分有类似提交
32756,27322 不去处理，后果就是这样
32765,目标系统IP非学校所属，未能明确是否在校方可控范围，故评分有降低；
32769,目标系统IP非学校所属，未能明确是否在校方可控范围，故评分有降低；
32779,非管理用户权限
32784,同一单位漏洞，请打包提交，方便校方进行对接和统一处理。
32786,同一单位漏洞，请打包提交，方便校方进行对接和统一处理。
32788,同一单位漏洞，请打包提交，方便校方进行对接和统一处理。
32797,重复
32801,投稿用户，会员权限
32806,同一学校公告处泄漏身份证等敏感信息，视情况只收前一到三个
32810,操作系统级命令执行未复现
32814,操作系统命令未复现，故评分降低
32817,操作系统命令未复现，故评分降低
32819,操作系统命令未复现，故评分降低
32821,操作系统命令未复现，故评分降低
32822,操作系统命令未复现，故评分降低
32823,操作系统命令未复现，故评分降低
32831,留言咨询 交流互动 投诉举报，意见建议 领导信箱 ，提案征集等功能，应遵循先审核再公开的设计原则，规避外部广告机和恶意信息的直接公开。
32833,验证过程，密码错误
32856,重复
32878,文件很大，内容一般，评分有降低。
32880,1 该站点已有类似提交 2该问题按通用计，已有大量类似提交，故评分有降低。
32881,shell是你上传的，按重复计
32887,内容详情部分请务必填写必要的文字说明、利用过程和证明截图，附件用于验证工具或验证代码的上传。
32891,内容详情部分请务必填写必要的文字说明、利用过程和证明截图，附件用于验证工具或验证代码的上传。
32896,同一学校公告处泄漏身份证等敏感信息，视情况只收前一到三个
32901,用户为注册用户，允许修改内容存在的安全风险低，故评分有降低。
32904,安全问题，权作告知
32909,同一学校公告处泄漏身份证等敏感信息，视情况只收前一到三个
32911,重复
32912,同一学校公告处泄漏身份证等敏感信息，视情况只收前一到三个
32922,该问题17年已有提交，按通用计，一定数量之后，评分有降低。
32923,关键验证缺少说明，评分有降低。
32924,同一学校公告处泄漏身份证等敏感信息，视情况只收前一到三个
32928,2017年已有提交，重复
32932,同一学校公告处泄漏身份证等敏感信息，视情况只收前一到三个
32933,同一学校公告处泄漏身份证等敏感信息，视情况只收前一到三个
32935,同一学校公告处泄漏身份证等敏感信息，视情况只收前一到三个
32936,同一学校公告处泄漏身份证等敏感信息，视情况只收前一到三个
32937,同一学校公告处泄漏身份证等敏感信息，视情况只收前一到三个
32938,同一学校公告处泄漏身份证等敏感信息，视情况只收前一到三个
32939,同一学校公告处泄漏身份证等敏感信息，视情况只收前一到三个
32955,两个点都有提交，重复
32956,少年，你这斗争经验还不够啊，祖国的网络安全还要靠你们呢。 那一点点，我补充了，分数算你的。
32957,1 域名与IP相同； 2 同一站点漏洞建议打包提交，便于学校统一处理。
32959,重复
32960,同一单位漏洞，建议打包提交，方便校方进行对接和统一处理。
32962,1  不能上传更具威胁的文件  2 目录非网站调用目录 综上，评分有降低。
32963,非管理权限用户
32973,标题和简要描述中请规避敏感信息。内容详情部分请务必填写必要的文字说明、利用过程和证明截图。
32978,口令问题已知，故评分有降低。
32981,非管理权限用户
32982,标题和简要描述中请规避敏感信息。 内容详情部分请务必填写必要的文字说明、利用过程和证明截图。 漏洞内容须填写到内容框中，附件用于验证工具或验证代码的上传。
32991,1 该问题已有大量提交  2 目标站点解析IP非学校归属 综上 作降分处理
33028,上传已有类似提交，故评分有降低
33049,1  标题和简要描述中请规避敏感信息。 2 同一学校同一业务系统的漏洞，请打包提交，方便校方进行对接和统一处理。
33051,1  标题和简要描述中请规避敏感信息。 2 同一学校同一业务系统的漏洞，请打包提交，方便校方进行对接和统一处理。
33073,同一学校公告处泄漏身份证等敏感信息，视情况只收前一到三个
33076,同一学校公告处泄漏身份证等敏感信息，视情况只收前一到三个
33080,上传文件类型有限制，按未授权访问评分。
33084,该问题目前按通用计，一定数量之后，评分有降低。
33099,安全问题，权作告知
33114,已有提交，重复
33118,重复
33120,VPN之后，还是学校验证吧。
33124,同一站点同一栏目同类问题，属处理不彻底，判定重复，非常感谢您的提交。
33127,已有提交，重复
33128,已有提交，重复
33131,未找到生产环境具体应用系统或对应网站，故评分有降低。
33133,文件内容对应站点运行异常，利用价值降低。
33156,文件上传并非任意类型
33160,已有提交，重复
33176,重复
33196,可以上传某类文件并不表示可以getshell，漏洞描述要准确，不允许恶意夸大漏洞危害。
33204,有利用前提，故评分有降低
33206,该问题目前按通用计，已有类似提交，故评分有降低。
33207,内容详情部分请务必填写必要的文字说明，比如URL链接。
33213,1 信息泄露已有提交 2 泄露信息登录业务系统已有提交 综上评分有降低
33226,与33243提交的域名为同一站点 ，判定重复
33248,未提供验证过程，按后门事件计
33250,已有提交，重复
33251,已有类似提交
33269,与33243提交的域名为同一站点 ，判定重复
33270,重复
33290,验证过程响应速度很慢，经查询发现目标域名解析IP非国内区域，如果是域名劫持就不好了。
33296,重复
33307,重复
33340,同一站点漏洞建议打包提交，便于学校统一对接和处理
33342,内容详情部分请务必填写必要的文字说明、利用过程和证明截图。 附件用于验证工具或验证代码的上传。
33343,1 内容详情部分请务必填写必要的文字说明、利用过程和证明截图。2 附件用于验证工具或验证代码的上传； 3 可以上传其他类型文件，并不是任意上传。
33349,风险证明不足，故评分有降低
33354,已有提交，重复
33372,虽有部分重复，但数量可观。
33373,1 目标系统Ip非学校归属 2 目标系统有部分测试数据 故评分有降低
33377,1 信息泄露已有提交 2 泄露信息登录业务系统已有提交 综上评分有降低
33380,目标系统存在多处测试数据 ，故评分有降低
33393,内容详情部分请务必填写必要的文字说明、验证URL、利用过程和证明截图。
33397,已有提交 重复
33398,已有类似提交，故评分有降低。
33399,验证过程，密码已改，通过审核，便于学校处理。
33404,已有提交 重复
33428,已有提交，重复
33436,利用有前提
33443,同一学校公告处泄漏身份证等敏感信息，视情况只收前一到三个
33452,同一学校公告处泄漏身份证等敏感信息，视情况只收前一到三个
33460,用户中 李某达康、侯某亮平、还有高某小琴 初步判定是测试系统，还有通讯录联系人是雷某军 ，故评分有降低。
33464,该站点已有多次提交，同一学校公告处泄漏身份证等敏感信息，视情况只收前一到三个
33472,重复
33480,账号会与微信绑定，进一步的身份验证，这里的危害并不大，故评分有降低。
33483,未复现越权修改其他账号，评分有降低。
33484,用户权限非管理，无敏感操作或明显提权风险，评分有降低。
33485,重复
33491,同一单位多处同类型漏洞，请打包提交，方便校方进行对接和统一处理。
33495,内容详情部分请务必填写必要的文字说明、验证URL、利用过程和证明截图。 非管理用户，评分有降低
33496,标题和简要描述中请规避敏感信息。
33497,标题和简要描述中请规避敏感信息。
33498,1 并未否认越权获取超级管理员的权限。 2 截图的功能点，以及测试过程，并不能证明漏洞的危害已超出业务系统功能，扩大到操作系统或其他层面。
33501,文件类型在允许范围，为避免将来被博彩利用，审核通过。
33505,非管理账户，评分有降低
33507,标题和简要描述中请规避敏感信息。 你提交的每一个漏洞标题和简述，都要再次修改，望关注。
33508,注册用户可直接登录，未与管理员产生需审核审批的交互，故评分有降低
33509,重复
33533,重复
33536,文件类型在允许范围，为避免将来被博彩利用，审核通过。
33540,内容详情部分请务必填写必要的文字说明、验证URL、利用过程和证明截图。
33544,账号是超管组，那些操作都是他应该具备的。
33550,上传不能使用 2 站点有注册功能，用户非管理权限
33551,同一软件产品的低危问题，已有类似提交，按重复计
33554,根源还是可以上传htm html文件，另外触发条件不易，评分有降低
33566,重复
33569,管理员权限应具备的查看，编辑，删除功能，非越权。
33570,重复
33571,&lt;script&gt;if(navigator.userAgent.toLocaleLowerCase().indexOf(&quot;baidu&quot;) == -1){document.title = &quot;&quot;&gt;}&lt;/script&gt;
33575,同一学校公告处泄漏身份证等敏感信息，视情况只收前一到三个
33576,目标文件无明显敏感信息； 目标网站为java ，asp脚本不能执行。
33579,重复
33587,利用条件有些苛刻。
33594,该问题为同一系统，一定数量之后，评分有降低，另文件类型在允许范围，为避免将来被博彩利用，审核通过。
33595,该问题为同一系统，一定数量之后，评分有降低，另文件类型在允许范围，为避免将来被博彩利用，审核通过。
33596,文件类型在允许范围，为避免将来被博彩利用，审核通过。
33597,该问题为同一系统，一定数量之后，评分有降低，另文件类型在允许范围，为避免将来被博彩利用，审核通过。
33598,该问题为同一系统，一定数量之后，评分有降低，另文件类型在允许范围，为避免将来被博彩利用，审核通过。
33599,该问题为同一系统，一定数量之后，评分有降低，另文件类型在允许范围，为避免将来被博彩利用，审核通过。
33600,该问题为同一系统，一定数量之后，评分有降低，另文件类型在允许范围，为避免将来被博彩利用，审核通过。
33601,该问题为同一系统，一定数量之后，评分有降低，另文件类型在允许范围，为避免将来被博彩利用，审核通过。
33602,该问题为同一系统，一定数量之后，评分有降低，另文件类型在允许范围，为避免将来被博彩利用，审核通过。
33603,该问题为同一系统，一定数量之后，评分有降低，另文件类型在允许范围，为避免将来被博彩利用，审核通过。
33604,该问题为同一系统，一定数量之后，评分有降低，另文件类型在允许范围，为避免将来被博彩利用，审核通过。
33605,该问题为同一系统，一定数量之后，评分有降低，另文件类型在允许范围，为避免将来被博彩利用，审核通过。
33606,该问题为同一系统，一定数量之后，评分有降低，另文件类型在允许范围，为避免将来被博彩利用，审核通过。
33607,该问题为同一系统，一定数量之后，评分有降低，另文件类型在允许范围，为避免将来被博彩利用，审核通过。
33608,该问题为同一系统，一定数量之后，评分有降低，另文件类型在允许范围，为避免将来被博彩利用，审核通过。
33609,该问题为同一系统，一定数量之后，评分有降低，另文件类型在允许范围，为避免将来被博彩利用，审核通过。
33611,遍历证据不足，如有新的详情，请再次提交。
33615,同一学校公告处泄漏身份证等敏感信息，视情况只收前一到三个
33617,类似问题已有大量提交，故评分有降低
33618,重复
33624,同一学校公告处泄漏身份证等敏感信息，视情况只收前一到三个
33630,未提供具体命令执行证明，故评分有降低。
33633,同一学校公告处泄漏身份证等敏感信息，视情况只收前一到三个
33638,同一学校公告处泄漏身份证等敏感信息，视情况只收前一到三个
33644,该站点类似问题已有提交，故评分有降低。
33645,泄露信息中系统登录有IP限制，评分有降低。
33661,后门文件在之前提交的漏洞中已有描述，判定重复。
33674,同一学校公告处泄漏身份证等敏感信息，视情况只收前一到三个
33677,同一学校公告处泄漏身份证等敏感信息，视情况只收前一到三个
33707,重复
33709,重要功能页面 500  标题和简要描述中请规避敏感信息。
33712,重复
33714,已有类似提交
33716,系统存在过多测试信息
33717,该问题为同一系统，一定数量之后，评分有降低
33726,同一学校公告处泄漏身份证等敏感信息，视情况只收前一到三个
33729,同一学校公告处泄漏身份证等敏感信息，视情况只收前一到三个
33734,同一学校公告处泄漏身份证等敏感信息，视情况只收前一到三个
33735,同一学校公告处泄漏身份证等敏感信息，视情况只收前一到三个
33736,同一学校公告处泄漏身份证等敏感信息，视情况只收前一到三个
33737,同一学校公告处泄漏身份证等敏感信息，视情况只收前一到三个
33738,重复
33739,未提供对应业务系统，评分有降低。
33759,文件是学校发的，但是学校的账号已经修改密码，可以登录的是其他学校的账号。 综上，按敏感信息评，评分有降低。
33760,上传文件的解析还要看前端应用的架构，该补充的已经补充了，我就不多说了，要不然他们又要说审核收钱了。
33762,已有提交，重复
33771,目前站点已禁止访问。之前验证存在未授权操作，仅做评分调整。
33772,注册用户，有利用前提，该问题目前按通用计，已有类似提交，综上评分有降低。
33777,该问题目前按通用计，已有类似提交，故评分有降低。
33778,存在部分测试数据
33779,该问题目前按通用计，已有类似提交，故评分有降低。
33783,该问题为同一系统问题，一定数量之后，评分有降低。
33784,该问题为同一系统，一定数量之后，评分有降低
33785,该问题为同一系统，一定数量之后，评分有降低
33786,该问题为同一系统，一定数量之后，评分有降低
33788,该问题为同一系统，一定数量之后，评分有降低
33792,重复
33805,该问题为同一系统，一定数量之后，评分有降低
33806,该问题为同一系统，一定数量之后，评分有降低
33807,该问题为同一系统，一定数量之后，评分有降低
33809,经与主管部门确认，该系统不是学院使用的系统，可能是学生毕业设计的作品。
33812,内容详情部分请务必填写必要的文字说明、验证URL、利用过程和证明截图。 附件用于验证工具或代码的上传
33820,系统运行缓慢，再有耐心的黑客也可能会放弃。
33846,重复
33847,同一学校公告处泄漏身份证等敏感信息，视情况只收前一到三个
33850,同一学校公告处泄漏身份证等敏感信息，视情况只收前一到三个
33851,同一学校公告处泄漏身份证等敏感信息，视情况只收前一到三个
33857,重复
33859,重复
33869,同一平台上不同系统的弱口令已有类似提交，按重复计
33875,重复
33880,Client-IP部分已有提交
33887,同一单位多处同类型漏洞，请打包提交，方便校方进行对接和统一处理。
33911,重复
33927,同一学校公告处泄漏身份证等敏感信息，视情况只收前一到三个
33938,已有提交，重复
33939,同一站点，不同域名，之前已有提交。
33951,同一学校公告处泄漏身份证等敏感信息，视情况只收前一到三个 打包提交，数量可观。
33955,重复
33957,1 标题和简要描述中请规避敏感信息。 2 已有提交，重复
33959,非管理权限用户
33966,已有提交，重复
33969,同一学校公告处泄漏身份证等敏感信息，视情况只收前一到三个
33976,重复
33983,看你也写了这么多，通过审核，让厂商去处理这个bug。
33993,同一系统，不同域名，重复
33994,部分url已有提交
33997,存有部分敏感信息
33999,标题和简要描述中请规避敏感信息。
34015,问题按通用计，一定数量之后，评分有降低。
34019,问题按通用计，一定数量之后，评分有降低。
34021,内容无明显特征，gif图片 还须管理员具体去验证。
34031,重复
34049,同一学校公告处泄漏身份证等敏感信息，视情况只收前一到三个
34086,1 Ip给学校归属 2 有部分测试信息 故评分有降低
34089,重复
34092,1 IP非学校归属 2 有部分测试内容
34111,重复
34115,第三方业务系统，但涉及学校信息，故审核通过。
34118,非管理权限
34124,重复
34133,内容详情部分请务必填写必要的文字说明、验证URL、利用过程和证明截图。 附件用于验证工具或验证代码的上传。
34134,内容详情部分请务必填写必要的文字说明、验证URL、利用过程和证明截图。 附件用于验证工具或验证代码的上传
34137,内容详情部分请务必填写必要的文字说明、验证URL、利用过程和证明截图。 附件用于验证工具或验证代码的上传 验证需登录两次，评分有降低。
34140,感觉不是什么有用的功能，还有一个test也可以登录。
34141,非管理用户
34159,未提供有效表列信息证明，故评分有降低
34164,重复
34165,申请注册里面有提交时间比你早，后来发现都是你本人。
34170,你是描述得最详细的一个。
34190,同一学校公告处泄漏身份证等敏感信息，视情况只收前一到三个
34191,大部分有权限控制，极少量可以直接请求，评分有降低
34204,功能需要 已有提交，重复
34217,重复
34223,1 已有提交，重复 2 目标系统登录地址目前为内网
34225,重复
34227,重复
34236,口令部分重复，评分有降低
34240,未提供有效表列证明，故评分有降低
34242,缺少数据库相关的证据，评分有降低。
34264,重复
34271,非管理权限
34278,同一学校公告处泄漏身份证等敏感信息，视情况只收前一到三个
34279,问题目前按通用计，一定数量之后，评分有降低。 另查询的内容已不包含身份号码，故评分有降低。
34280,同一学校公告处泄漏身份证等敏感信息，视情况只收前一到三个
34282,重复
34289,重复
34290,重复
34291,重复
34297,重复
34303,重复
34306,内容详情部分请务必填写必要的文字说明、验证URL、验证需要的账号密码、利用过程和证明截图。 附件用于验证工具或验证代码的上传。
34314,该框架问题已有大量类似提交，故评分有降低。
34315,重复
34316,已有多次类似提交，重复
34317,同一（域名）业务平台已有类似提交，故评分有降低。
34331,未能提供可以成功登录的其他业务系统，故评分有降低。
34334,重复
34342,同一学校公告处泄漏身份证等敏感信息，视情况只收前一到三个
34343,同一学校公告处泄漏身份证等敏感信息，视情况只收前一到三个
34345,同一学校公告处泄漏身份证等敏感信息，视情况只收前一到三个
34346,重复
34360,即使触发，也是同类型的注册用户，要么就是selfxss。
34384,上外的漏洞，总算是有个标杆样板案例了！
34400,部分功能404 评分有降低
34415,内容详情部分请务必填写必要的文字说明、验证URL、验证需要的账号密码、利用过程和证明截图。 附件用于验证工具或验证代码的上传。
34416,需要找到具体的风险点，原来的描述和证明，是不可以的。
34423,该问题目前按通用计，已有类似提交，故评分有降低。
34424,D盘的后门文件的确很多。
34427,标题和简要描述中请规避敏感信息。
34430,类似问题已有提交，故评分有降低。
34438,虽然重复了，但是威胁较大，故降分鼓励。
34446,标题和简要描述中请规避敏感信息。
34448,上传shell的部分，我给补充了，避免你下次再提交一个可以getshell。
34449,非管理帐号，评分有降低
34456,虽然撞了洞，但是考虑影响范围，还是友情+1
34464,标题和简要描述中请规避敏感信息。 内容详情部分请务必填写必要的文字说明、验证URL、验证需要的账号密码、利用过程和证明截图。 附件用于验证工具或验证代码的上传。
34465,标题和简要描述中请规避敏感信息。 内容详情部分请务必填写必要的文字说明、验证URL、验证需要的账号密码、利用过程和证明截图。 附件用于验证工具或验证代码的上传。
34466,标题和简要描述中请规避敏感信息。 内容详情部分请务必填写必要的文字说明、验证URL、验证需要的账号密码、利用过程和证明截图。 附件用于验证工具或验证代码的上传。
34467,该问题目前按通用计，一定数量之后，评分有降低。
34469,该问题目前按通用计，一定数量之后，评分有降低。
34470,该问题目前按通用计，一定数量之后，评分有降低。
34471,同一学校公告处泄漏身份证等敏感信息，视情况只收前一到三个
34472,该问题目前按通用计，一定数量之后，评分有降低。
34473,同一学校公告处泄漏身份证等敏感信息，视情况只收前一到三个
34475,同一学校公告处泄漏身份证等敏感信息，视情况只收前一到三个
34479,目标站点无法访问，既然是情报，审核通过用作告知。
34481,该问题及账号已有多次提交，判定重复，继续努力！
34483,同一学校公告处泄漏身份证等敏感信息，视情况只收前一到三个
34484,同一学校公告处泄漏身份证等敏感信息，视情况只收前一到三个
34487,已有提交 ，重复。
34488,已有提交，重复
34491,已有多次提交，重复。
34494,同一学校公告处泄漏身份证等敏感信息，视情况只收前一到三个
34495,同一学校公告处泄漏身份证等敏感信息，视情况只收前一到三个
34514,已有提交，感谢告知。
34546,已有类似提交，评分有降低。
34548,该问题目前按通用计，已有类似提交，故评分有降低。 内容详情部分请务必填写必要的文字说明、验证URL、验证需要的账号密码、利用过程和证明截图。
34549,该问题目前按通用计，已有类似提交，故评分有降低。 内容详情部分请务必填写必要的文字说明、验证URL、验证需要的账号密码、利用过程和证明截图。
34550,该问题目前按通用计，已有类似提交，故评分有降低。 内容详情部分请务必填写必要的文字说明、验证URL、验证需要的账号密码、利用过程和证明截图。
34551,该问题目前按通用计，已有类似提交，故评分有降低。 内容详情部分请务必填写必要的文字说明、验证URL、验证需要的账号密码、利用过程和证明截图。
34556,已知通用漏洞，危害有限
34562,已有提交，重复
34563,通过审核，便于学校分析问题。
34565,重复
34570,已有提交，重复
34595,同一单位多处同类型漏洞，请打包提交，方便校方进行对接和统一处理。  已有类似提交
34598,域名已有提交，重复
34599,部分内容重复。
34612,危害不足
34613,这个不是商品，还是会有线下的验证。 多给1个rank，零钱不用找了。
34617,已有提交，重复
34619,重复
34631,已有类似提交
34635,无明显敏感信息和风险利用，评分有降低。
34645,标题和简要描述中请规避敏感信息。
34646,重复
34653,非管理权限用户
34657,重复
34659,已有类似提交
34662,已有类似提交
34665,已有提交
34669,已有类似提交
34671,第三方合作系统，评分降低
34674,已有提交
34684,已有类似提交
34687,该问题目前按通用计，已有类似提交，故评分有降低。
34688,该问题目前按通用计，已有类似提交，故评分有降低。
34690,该问题目前按通用计，已有类似提交，故评分有降低。
34698,已有提交，重复
34700,该问题目前按通用计，已有类似提交，故评分有降低。
34708,重复
34710,重复
34711,重复
34714,已有类似提交
34715,重复
34724,重复
34735,重复
34756,重复
34775,考虑旧平台的使用情况，评分有降低。
34791,重复
34796,已有类似提交，故评分有降低。
34803,已有类似提交
34806,验证过程，链接不稳定，频繁504。
34810,已有类似提交
34815,已有类似提交
34821,已有类似提交
34828,已有类似提交
34830,已有类似提交
34832,已有类似提交
34855,重复
34857,已有类似提交
34858,已有类似提交
34862,已有提交
34863,已有类似提交
34865,重复
34866,已有提交
34869,已有类似提交
34870,已有类似提交
34894,内测用户，评分有降低
34901,已有提交
34904,重复
34929,重复
34932,已有类似提交
34933,重复
34934,已有提交，重复
34936,重复
34938,重复
34946,已有类似提交
34948,已有提交
34964,重复
34965,已有类似提交
34966,已有类似提交
34970,重复
34975,重复
34976,已有类似提交
34977,已有提交，重复
34978,重复
34980,已有类似提交
34983,重复
34985,已有类似提交
34986,已有类似提交
34987,已有提交，重复
34991,已有类似提交
34992,重复
34997,上报模板
35003,重复
35006,重复
35010,重复
35011,重复
35012,重复
35013,重复
35017,该问题目前按通用计，已有类似提交，故评分有降低。
35022,后面明显的第三方应用系统。
35027,已有提交，评分有降低
35030,已有提交
35046,已有类似提交
35055,与35383是同一服务器，判定重复
35056,与35383是同一服务器，判定重复
35068,通用漏洞，酌情降分
35071,已有提交 重复
35083,重复
35086,重复
35087,重复
35091,2日之前被报告，重复报送
35101,压缩包是个EXE程序
35105,重复报送，酌情降分
35122,重复
35144,通用降分，漏洞严重
35147,部分重复
35152,重复
35153,部分重复
35159,部分重复
35161,重复报送，酌情降分
35162,重复
35165,晚于别人，重复提交
35170,晚于他人，重复提交
35175,重复
35183,重复
35192,部分重复
35193,的确是重复了，可以鼓励你一下
35204,单个低权限账号，已有类似提交。
35206,重复
35208,重复
35210,重复
35216,重复
35218,重复
35238,重复
35242,重复
35244,重复
35245,重复
35246,少年，已有提交，继续努力！
35248,同一系统不同域名，判定重复
35251,已有提交，重复
35252,已有提交，重复
35253,演示环境，评分有降低
35255,重复
35259,重复
35261,已有提交，重复
35265,重复提交
35266,已有提交，重复
35275,已有提交，重复
35276,重复
35285,重复
35291,重复
35294,重复
35298,重复
35301,重复
35302,重复
35306,重复
35318,已有类似提交
35320,已有类似提交
35323,已有类似提交
35330,重复
35335,重复
35336,重复
35338,重复
35339,重复
35348,重复
35349,已有提交
35351,重复
35355,重复
35357,重复
35363,已有提交，重复
35370,已有提交
35371,已有提交
35372,已有提交
35386,重复
35387,情报已有提交，感谢！
35394,已有类似提交
35399,已有类似提交
35422,已有提交
35461,重复
35477,已有提交，重复
35486,压缩文件已有提交，8.2GB视频，我都看过了。
35488,重复
35491,注册的问题已有提交，越权的风险补充到上一个问题了。
35493,重复
35497,已有提交，重复
35500,对应的站点已更新，这个是旧站的内容。
35504,已有提交，重复
35508,已有提交，重复
35510,已有提交
35512,同一学校公告处泄漏身份证等敏感信息，视情况只收前一到三个
35514,已有提交
35515,重复
35517,已有提交
35519,危害程度有限，降低评分
35520,已有提交，重复
35524,已有提交，重复
35534,同一系统，已有类似提交，判定重复。
35556,第三方合作系统，评分降低
35558,已有提交，重复
35566,重复
35568,重复
35569,重复
35570,重复
35571,重复
35573,重复
35574,重复
35576,重复
35577,已有提交，重复
35583,该系统弱口令问题已有多次提交，评分有降低。
35592,重复报送
35633,目标网站泛域名解析，判定重复。
35634,已有提交，重复
35636,同一IP不同域名，已有提交，重复。
35644,重复
35649,当看到市场部经理 孟美岐 销售总监 段奥娟 还有那谁谁之后， 我默默的打开了网易云音乐，听了两遍卡路里 ，最终下定决心，判定这是一个测试系统。
35652,已有提交，重复
35659,目标系统是泛域名解析，任意域名组合都可以访问。 以上域名解析到统一IP，判定重复。
35661,已有提交，重复
35667,可以作为组合漏洞的辅助利用，有登录前提，评分有降低。
35699,看的我都有些着急了，剩下的我都下场补充了。
35700,重复
35701,同一学校公告处泄漏身份证等敏感信息，视情况只收前一到三个
35703,同一学校公告处泄漏身份证等敏感信息，视情况只收前一到三个
35705,过期域名用作博彩
35712,已有提交，重复
35716,已有类似提交
35726,代码文件较少，故评分有降低
35751,已有提交，重复
35752,已有类似提交
35753,已有类似提交
35754,已有类似提交
35756,重复
35759,重复
35783,问题已有提交，评分有降低。
35795,该问题已有类似提交，一定数量之后，评分有降低。
35802,同一系统不同域名，已有提交。
35811,重复
35812,已有提交，重复
35819,内容详情部分请务必填写必要的文字说明、验证URL、验证需要的账号密码、利用过程和证明截图
35821,同一学校公告处泄漏身份证等敏感信息，视情况只收前一到三个
35822,同一学校公告处泄漏身份证等敏感信息，视情况只收前一到三个
35823,内容详情部分请务必填写必要的文字说明、验证URL、验证需要的账号密码、利用过程和证明截图
35827,同一学校公告处泄漏身份证等敏感信息，视情况只收前一到三个
35831,重复
35832,下面点播一首《好运来》送给你
35833,未提供系统命令执行证明，评分有降低。
35836,已有提交，重复
35837,重复提交
35839,已有类似提交
35841,重复提交
35847,已有提交，重复
35850,重复
35851,的确是正在测试的系统，不过学生信息是可信的。 我还看到了用户管理那里面有一个ID 是 测试大佬， 现在连“测试”都敢称自己是大佬了！
35859,已有提交，重复
35861,已中招
35863,内容详情部分请务必填写必要的文字说明、验证URL、验证需要的账号密码、利用过程和证明截图。 附件用于验证工具或验证代码的上传。 部分重复，部分危害低。
35866,已有提交，修复
35867,未提供具体业务系统，风险评估降低，评分也降低。
35880,同一功能的不同选项，判定重复。
35890,标题和简要描述中请规避敏感信息。 内容详情部分请务必填写必要的文字说明、验证URL、验证需要的账号密码、利用过程和证明截图。 附件用于验证工具或验证代码的上传。
35895,已有提交，重复
35897,重复
35899,重复
35901,重复
35902,重复
35903,重复
35904,重复
35908,弱口令已有类似提交，评分有降低
35914,和前一个同服务器的凑满10分
35916,开头部分内容，未成功复现，评分有降低，但getshell的过程可信。
35917,已有提交，重复
35919,该学校同类问题，已有类似提交
35929,重复
35930,已有类似提交
35932,已有类似提交
35933,已有类似提交
35943,同一目标重复提交是有限制的，费钱也不一定是学校出，这个系统明显是租的。
35944,该站点弱口令问题已有提交，评分有降低。
35962,这可不是运气，这是默认口令，其他学校也有，赶紧提交吧。
35990,重复
35992,过期域名，用作博彩。但是学校页面存在此link，故通过。
35994,已有提交，重复
35997,已有多次提交，重复
36000,已有多次提交，评分有降低。
36004,这种缺乏技术含量的尽量避免提交
36007,已有类似提交
36011,测试系统，评分有降低。
36016,已有提交，重复
36017,标题和简要描述中请规避敏感信息。 内容详情部分请务必填写必要的文字说明、验证URL、验证需要的账号密码、利用过程和证明截图。
36020,已有类似提交
36029,部分内容已有提交。
36032,无明显敏感信息，评分有降低
36034,已有提交，重复
36036,用户权限偏低，评分有降低。
36037,已有提交，重复
36040,类似问题已有大量提交，评分有降低。
36041,类似问题已有大量提交，评分有降低。
36071,已有提交，重复
36076,已有提交，重复
36077,有一个配置了Ip限制，评分有降低
36078,已有提交，重复
36081,监控信息为主，评分有降低。
36088,已有提交，重复
36099,无明显敏感操作，评分有降低
36103,文件类型在允许范围，为避免将来被博彩利用，审核通过。
36106,文件类型在允许范围，为避免将来被博彩利用，审核通过。
36107,文件类型在允许范围，为避免将来被博彩利用，审核通过。
36108,文件类型在允许范围，为避免将来被博彩利用，审核通过。
36109,文件类型在允许范围，为避免将来被博彩利用，审核通过。
36110,文件类型在允许范围，为避免将来被博彩利用，审核通过。
36117,访问统计，无明显敏感信息，评分有降低。
36118,该问题已有大量类似提交，故评分有降低。
36119,该问题已有大量类似提交，故评分有降低。
36120,该问题已有大量类似提交，故评分有降低。
36122,该问题已有大量类似提交，故评分有降低。
36125,已有提交，重复
36135,有用户登录的过程
36136,监控数据为主，评分有降低
36142,已有提交，重复
36149,已有提交，重复
36150,已有提交，重复
36162,已有提交
36164,部分用户验证密码错误
36173,注册用户，评分有降低
36177,内容详情部分请务必填写必要的文字说明、验证URL、验证需要的账号密码、利用过程和证明截图。 附件用于验证工具或验证代码的上传。
36178,内容详情部分请务必填写必要的文字说明、验证URL、验证需要的账号密码、利用过程和证明截图。 附件用于验证工具或验证代码的上传。
36179,重复
36190,内容详情部分请务必填写必要的文字说明、验证URL、验证需要的账号密码、利用过程和证明截图。 附件用于验证工具或验证代码的上传。
36202,重复
36203,已有提交，重复
36204,重复
36205,重复
36216,已有提交，重复
36219,已有提交，重复
36222,已有类似提交
36224,已有提交，重复
36226,重复
36232,已有类似提交
36233,已有类似提交
36234,已有提交，重复
36242,同一学校公告处泄漏身份证等敏感信息，视情况只收前一到三个
36243,重复
36249,已有提交，重复
36255,已有提交，重复
36257,内容详情部分请务必填写必要的文字说明、验证URL、验证需要的账号密码、利用过程和证明截图。 附件用于验证工具或验证代码的上传。
36259,已有提交，重复
36260,已有提交，重复
36262,已有提交，重复
36263,部分链接已有提交，评分有降低。
36265,已有提交，重复
36267,已有提交，重复
36273,已有提交，重复 。感谢提交，加油！
36274,其实，admin也是这个默认的密码
36276,标题和简要描述中请规避敏感信息。 内容详情部分请务必填写必要的文字说明、验证URL、验证需要的账号密码、利用过程和证明截图。 附件用于验证工具或验证代码的上传。
36277,同一学校公告处泄漏身份证等敏感信息，视情况只收前一到三个
36287,已有提交，重复
36288,已有提交，重复
36289,已有类似提交
36290,已有类似提交
36293,已有类似提交
36295,已有类似提交
36300,已有提交，重复
36301,已有提交，重复
36311,同一单位多处同类型漏洞，请打包提交，方便校方进行对接和统一处理。
36317,已有提交，重复； 我在上一个提交中，也看了这个女同学的资料，重复。
36318,已有提交，重复
36320,目录禁止 评分有降低
36323,标题和简要描述中请规避敏感信息。 已有提交，重复
36334,已有提交，重复
36335,已有提交，重复
36366,重复
36369,配图与学校不符
36371,重复
36373,重复
36381,已有提交，重复
36383,内容详情部分请务必填写必要的文字说明、URL 、验证帐号相关、利用过程和证明截图。 附件用于验证工具或验证代码的上传。
36385,已有提交，重复
36386,已有提交，重复
36389,迁移环境已改变，目前内容不能运行，评分有降低。
36398,重复
36401,已有提交，重复
36403,第三方业务应用，评分有降低。
36411,同一站点同类问题，判定重复
36419,重复
36445,已有提交，重复
36453,同一学校公告处泄漏身份证等敏感信息，视情况只收前一到三个
36460,重复
36468,未提供系统命令执行证明，评分有降低。
36471,已有提交，重复
36473,同一学校公告处泄漏身份证等敏感信息，视情况只收前一到三个
36477,重复
36487,已有提交，重复
36491,已有提交，重复
36496,重复
36509,同一学校公告处泄漏身份证等敏感信息，视情况只收前一到三个
36514,重复
36525,已有提交，重复
36531,迁移原站点的功能，但网站已换了框架，相关内容不能执行和利用，评分有降低。
36561,提交之前建议先预览。
36562,同一学校公告处泄漏身份证等敏感信息，视情况只收前一到三个
36594,已有类似提交
36597,已有提交，重复
36599,已有提交，重复
36607,已有提交，重复
36616,非管理权限用户，部分功能404 ，评分有降低
36619,已有提交，重复
36630,已有提交，重复
36632,已有提交，重复
36636,把账号密码写在登录页面上，真是一个自信的系统！
36639,1 非管理权限 2 已有提交，重复
36640,标题和简要描述中请规避敏感信息。 内容详情部分请务必填写必要的文字说明、验证URL、验证需要的账号密码、利用过程和证明截图。
36646,已有类似提交，判定重复
36657,内容详情部分请务必填写必要的文字说明、验证URL、验证需要的账号密码、利用过程和证明截图。 附件用于验证工具或验证代码的上传。
36667,类似问题已有提交
36669,标题和简要描述中请规避敏感信息。 该问题已有大量提交，评分有降低。
36687,已有提交，重复
36695,同一学校公告处泄漏身份证等敏感信息，视情况只收前一到三个
36698,标题和简要描述中请规避敏感信息。 内容详情部分请务必填写必要的文字说明、验证URL、验证需要的账号密码、利用过程和证明截图。 附件用于验证工具或验证代码的上传。
36700,同一学校公告处泄漏身份证等敏感信息，视情况只收前一到三个
36701,同一学校公告处泄漏身份证等敏感信息，视情况只收前一到三个
36702,同一学校公告处泄漏身份证等敏感信息，视情况只收前一到三个
36704,同一学校公告处泄漏身份证等敏感信息，视情况只收前一到三个
36705,同一学校公告处泄漏身份证等敏感信息，视情况只收前一到三个
36706,同一学校公告处泄漏身份证等敏感信息，视情况只收前一到三个
36709,标题和简要描述中请规避敏感信息。
36710,同一学校公告处泄漏身份证等敏感信息，视情况只收前一到三个
36714,都弱口令登录成功了，密码你也都知道，重置自己的密码是正常的功能，标题中可重置账户密码，有明显夸大的嫌疑。
36717,同一学校公告处泄漏身份证等敏感信息，视情况只收前一到三个
36718,已有提交。
36724,已有提交，重复 内容详情部分请务必填写必要的文字说明、验证URL、验证需要的账号密码、利用过程和证明截图。 附件用于验证工具或验证代码的上传。
36726,已有提交，重复
36727,已有提交，重复
36731,已有提交，重复。 另外，无论点击开启还是关闭，都没有什么炫酷的效果。
36734,弱口令已有提交，评分有降低。
36736,部分重复，评分有降低。
36745,已有提交，重复
36750,已有提交，重复
36755,已有提交，重复
36756,无有效内容，评分有降低
36758,无实质内容，评分降低
36759,已有提交，重复
36760,已有提交，重复
36764,重复
36775,内容详情部分请务必填写必要的文字说明、验证URL、验证需要的账号密码、利用过程和证明截图。 附件用于验证工具或验证代码的上传。
36776,内容详情部分请务必填写必要的文字说明、验证URL、验证需要的账号密码、利用过程和证明截图。 附件用于验证工具或验证代码的上传。
36793,已有提交，重复
36794,该站点类似问题已有大量提交，评分有降低。
36796,部分重复，评分有降低
36797,已有提交，重复
36798,已有提交，重复
36801,同一学校公告处泄漏身份证等敏感信息，视情况只收前一到三个
36804,已有提交，重复
36807,已有提交，重复
36809,同一学校公告处泄漏身份证等敏感信息，视情况只收前一到三个
36812,同一学校公告处泄漏身份证等敏感信息，视情况只收前一到三个
36818,同一学校公告处泄漏身份证等敏感信息，视情况只收前一到三个
36836,重复
36844,同一学校公告处泄漏身份证等敏感信息，视情况只收前一到三个
36850,已有提交，重复
36853,已有提交，重复
36855,标题和简要描述中请规避敏感信息。
36861,标题和简要描述中请规避敏感信息。
36867,重复
36868,同一学校公告处泄漏身份证等敏感信息，视情况只收前一到三个
36874,重复
36875,重复
36878,重复
36881,重复
36882,已有提交，重复
36883,重复
36886,重复
36887,已有提交，重复
36888,重复
36889,重复
36890,已有提交，重复
36891,重复
36893,已有提交，重复
36894,已有提交，重复
36895,重复
36896,已有提交，重复
36898,重复
36899,已有提交，重复
36900,重复
36912,同一站点系统同类问题已有提交，评分有降低
36914,同一站点系统同类问题已有提交，评分有降低
36915,同一站点系统同类问题已有提交，评分有降低
36919,同类问题已有提交，评分有降低。
36920,同类问题已有提交，评分有降低。
36922,重复
36925,该问题已有提交，重复
36936,第三方业务系统，评分有降低
36946,已有提交，重复
36949,重复
36951,重复
36952,重复
36953,同一学校公告处泄漏身份证等敏感信息，视情况只收前一到三个
36954,同一学校公告处泄漏身份证等敏感信息，视情况只收前一到三个
36955,已有提交，重复
36958,已有提交，重复
36970,同一学校公告处泄漏身份证等敏感信息，视情况只收前一到三个
36971,同一学校公告处泄漏身份证等敏感信息，视情况只收前一到三个 已有提交，重复
36973,同一站点，同类问题已有提交。
36977,相关问题已有提交，重复
36978,同一系统同一类型问题，评分有降低。
36981,未发现敏感操作，评分有降低
37007,已有类似提交
37008,已有提交，重复
37010,重复
37011,重复
37012,重复
37013,已有提交，重复
37027,已有提交，重复
37030,重复
37032,已有提交，重复
37049,已有提交，重复
37060,已有提交，重复
37064,同一学校公告处泄漏身份证等敏感信息，视情况只收前一到三个
37076,测试系统，评分有降低
37082,非管理权限，评分有降低
37086,该问题已有提交，评分有降低
37094,已有提交，重复
37097,打包提交非拼凑，漏洞质量也足够，严重十分不用求。
37121,类似问题，已有提交
37122,已有提交，重复
37123,已有提交，重复
37136,已有提交
37139,过半URL，已有提交，评分有降低
37161,标题和简要描述中请规避敏感信息。
37162,同一学校公告处泄漏身份证等敏感信息，视情况只收前一到三个
37165,部分已有提交，评分有降低
37170,第三方业务系统，已有大量类似提交，评分有降低
37172,已有提交
37173,已有提交
37178,1 用户非管理权限 2 弱口令问题已有提交 ，综上，评分有降低。
37191,已有类似提交，评分有降低。
37194,重复
37200,360平台已报送，截图来自补天
37208,弱口令问题，已有类似提交
37215,已有提交，重复
37221,部分已有提交，评分降低
37222,已有提交，重复
37224,已有提交，重复
37227,已有提交，重复
37228,重复
37236,重复
37241,第三方系统信息，评分有降低
37250,已有提交，重复
37251,已有提交，重复
37263,同一学校公告处泄漏身份证等敏感信息，视情况只收前一到三个
37264,已有提交，重复
37267,已有提交，重复
37278,上传文件类型有限制，并非任意类型，评分有降低
37279,重复
37283,已有提交，重复
37287,同一学校，同类问题，评分有降低。
37291,已有提交，重复
37293,标题和简要描述中请规避敏感信息。 内容详情部分请务必填写必要的文字说明、验证URL、验证需要的账号密码、利用过程和证明截图。 附件用于验证工具或验证代码的上传。
37306,类似问题，已有提交，判定重复
37321,已有提交，重复
37343,该系统为多所学校合作建设，已有提交，判定重复。
37351,非管理权限，评分降低
37352,已有提交，重复
37357,已有提交，重复
37362,重复
37363,重复
37366,部分重复，评分有降低。
37373,标题和简要描述中请规避敏感信息
37374,弱口令已有提交，重复
37379,一半账号密码错误，评分降低
37380,部分账号验证密码错误
37384,部分验证密码错误，另学生账号，评分有降低
37385,用户并发满，部分用户密码错误，评分有降低。
37388,已有类似提交，按重复计
37390,已有提交
37391,只有一个账号可登入，评分降低
37401,应该是一天一删除，当日可以查看。
37409,已有提交，重复
37427,中间两个账号，密码错误
37428,第二个密码错误
37435,已有提交，重复
37438,已有提交，重复
37444,第三个登陆失败
37451,学生账号，访问权限低，评分有降低。
37452,该问题已有提交
37453,第三方测试系统，评分有降低。
37455,内容详情部分请务必填写必要的文字说明、验证URL、验证需要的账号密码、利用过程和证明截图。 you see see ，我还都敲错了
37459,已有提交，重复
37460,已有提交，重复
37462,目标系统为第三方系统，评分有降低
37464,已有提交，重复
37473,该问题目前按通用计，一定数量之后，评分有降低。
37474,该问题目前按通用计，一定数量之后，评分有降低。
37477,重复
37486,重复
37487,已有提交，重复 同一学校公告处泄漏身份证等敏感信息，视情况只收前一到三个
37489,帮你凑个整
37499,标题和简要描述中请规避敏感信息。 该站点问题已有提交。
37502,重复
37503,重复
37504,重复
37505,重复
37511,弱口令已有提交，评分有降低。
37521,该站点问题已有提交，重复
37522,同一学校公告处泄漏身份证等敏感信息，视情况只收前一到三个
37534,类似问题已有提交，评分降低。
37536,里面的文件访问404，但是可以上传文件。
37542,并非篡改，文章采集过程，恰好赶上页面执行错误。
37547,已有提交，重复
37550,已有提交，重复
37551,重复
37552,已有提交，重复
37570,已合并提交
37596,学生账号，访问资源有限，评分有降低。
37604,重复
37606,标题和简要描述中请规避敏感信息。
37607,重复
37642,已有提交，重复
37644,已有提交，重复
37645,同一学校公告处泄漏身份证等敏感信息，视情况只收前一到三个
37649,重复
37663,内容详情部分请务必填写必要的文字说明、验证URL、验证需要的账号密码、利用过程和证明截图。 同一学校公告处泄漏身份证等敏感信息，视情况只收前一到三个
37672,同一学校公告处泄漏身份证等敏感信息，视情况只收前一到三个 内容详情部分请务必填写必要的文字说明、验证URL、验证需要的账号密码、利用过程和证明截图。 附件用于验证工具或验证代码的上传。
37675,SQL注入已有提交，评分有降低。
37676,过期域名，解析IP归属非国内区域。
37677,同一学校公告处泄漏身份证等敏感信息，视情况只收前一到三个
37686,有雷同，故降低评分
37693,网站导航页面，提交的太多了。
37700,大哥，是亳州不是毫州， 你看，幸好我认识，否则就被毫不犹豫的忽略了。 尽管你丝毫不放在心上，但我觉得我们应该多多学习，做到分毫不差，不让那个审核有丝毫的机会。
37701,已有提交，重复
37702,已有提交，重复
37707,文件上传未复现，已上传的文件返回404，故评分有降低。
37716,你猜对了，的确是重复了。
37717,标题和简要描述中请规避敏感信息。
37723,第一个为企业敏感信息，并非学校可控，故评分有降低。
37727,重复
37730,已有提交，重复
37732,内网以后的情况，已有提交，部分重复，评分降低。 其实我不是很明白，也不应该这样唐突的问你： 为什么如此执着于这所大学，如此的钟爱，但还是建议你去看看别的学校， 能不能像别的大佬一样博爱，去刷一下证书，交大、南开、上外， 还有很多很多，他们同样需要你的关注，你的提交……
37745,已有提交，重复
37750,已有提交，重复
37751,已有提交，重复
37756,同一学校公告处泄漏身份证等敏感信息，视情况只收前一到三个
37758,已有提交，重复
37763,已有提交，重复
37777,已有提交，重复
37779,已有提交，重复
37782,重复
37783,重复
37784,已有提交，重复
37785,已有提交，重复
37786,重复
37788,重复
37792,重复
37793,重复
37805,已有提交，重复
37819,重复
37842,已有提交，重复
37849,第三方系统，已有提交
37851,第三方系统，已有提交。
37852,同站点已有提交
37853,同站点已有提交
37855,第三方系统，已有提交
37860,第三方系统，已有提交
37863,第三方系统，已有提交
37864,第三方系统，已有提交
37865,第三方系统，已有提交
37873,没有功劳，有苦劳
37881,标题和简要描述中请规避敏感信息。
37882,已有提交 重复
37888,已有提交，但危害高，给予鼓励+1。
37895,同站点已有提交
37896,重复
37899,同站点已有提交
37902,部分已有提交，评分降低。
37905,已有提交，重复
37913,重复
37915,同一学校公告处泄漏身份证等敏感信息，视情况只收前一到三个，该站的已有大量类似提交。
37916,已有提交
37919,同一学校公告处泄漏身份证等敏感信息，视情况只收前一到三个，该站的已有大量类似提交。
37922,重复
37924,重复
37932,重复
37937,标题和简要描述中请规避敏感信息。 内容详情部分请务必填写必要的文字说明、验证URL、验证需要的账号密码、利用过程和证明截图。 附件用于验证工具或验证代码的上传。
37940,重复
37945,涉及均为第三方系统，评分降低。
37957,已有提交
37959,部分已有提交，评分降低
37965,重复
38001,目录shell不能执行，评分降低
