9,没有任何评价...
10,没有任何评价...
11,没有任何评价...
20,没有任何评价...
21,没有任何评价...
22,没有任何评价...
23,没有任何评价...
24,没有任何评价...
25,没有任何评价...
26,没有任何评价...
27,没有任何评价...
28,没有任何评价...
29,没有任何评价...
30,没有任何评价...
31,没有任何评价...
32,没有任何评价...
33,没有任何评价...
34,没有任何评价...
35,没有任何评价...
36,没有任何评价...
37,没有任何评价...
38,没有任何评价...
39,没有任何评价...
41,没有任何评价...
42,没有任何评价...
43,没有任何评价...
44,没有任何评价...
45,没有任何评价...
46,没有任何评价...
47,没有任何评价...
48,没有任何评价...
49,没有任何评价...
50,没有任何评价...
51,没有任何评价...
52,没有任何评价...
53,没有任何评价...
54,没有任何评价...
55,没有任何评价...
56,没有任何评价...
57,没有任何评价...
58,没有任何评价...
60,没有任何评价...
61,没有任何评价...
62,没有任何评价...
63,没有任何评价...
64,没有任何评价...
66,没有任何评价...
67,没有任何评价...
68,没有任何评价...
69,没有任何评价...
70,没有任何评价...
71,没有任何评价...
72,没有任何评价...
73,没有任何评价...
74,没有任何评价...
75,没有任何评价...
76,没有任何评价...
77,没有任何评价...
78,没有任何评价...
79,没有任何评价...
80,没有任何评价...
81,没有任何评价...
82,没有任何评价...
83,没有任何评价...
84,没有任何评价...
85,没有任何评价...
87,没有任何评价...
89,没有任何评价...
90,没有任何评价...
91,没有任何评价...
95,没有任何评价...
97,没有任何评价...
98,没有任何评价...
99,没有任何评价...
100,无法复现
102,没有任何评价...
103,没有任何评价...
104,没有任何评价...
105,没有任何评价...
106,没有任何评价...
107,没有任何评价...
108,没有任何评价...
109,没有任何评价...
110,没有任何评价...
111,没有任何评价...
112,没有任何评价...
113,没有任何评价...
114,没有任何评价...
115,没有任何评价...
116,没有任何评价...
117,没有任何评价...
118,没有任何评价...
120,没有任何评价...
121,没有任何评价...
122,没有任何评价...
123,没有任何评价...
124,没有任何评价...
125,没有任何评价...
126,没有任何评价...
127,没有任何评价...
128,没有任何评价...
129,没有任何评价...
130,没有任何评价...
132,没有任何评价...
133,没有任何评价...
134,没有任何评价...
135,没有任何评价...
136,没有任何评价...
137,没有任何评价...
138,没有任何评价...
139,没有任何评价...
140,没有任何评价...
141,没有任何评价...
143,没有任何评价...
144,没有任何评价...
145,没有任何评价...
147,没有任何评价...
148,没有任何评价...
149,没有任何评价...
150,没有任何评价...
151,没有任何评价...
152,没有任何评价...
153,没有任何评价...
154,没有任何评价...
155,没有任何评价...
156,没有任何评价...
158,没有任何评价...
162,没有任何评价...
163,没有任何评价...
165,没有任何评价...
167,没有任何评价...
168,没有任何评价...
170,没有任何评价...
171,没有任何评价...
172,没有任何评价...
173,没有任何评价...
174,没有任何评价...
176,没有任何评价...
178,没有任何评价...
179,没有任何评价...
180,没有任何评价...
181,没有任何评价...
183,没有任何评价...
184,没有任何评价...
185,没有任何评价...
187,没有任何评价...
188,没有任何评价...
189,没有任何评价...
190,没有任何评价...
191,没有任何评价...
192,没有任何评价...
193,没有任何评价...
194,没有任何评价...
195,没有任何评价...
196,没有任何评价...
197,没有任何评价...
198,没有任何评价...
199,没有任何评价...
200,没有任何评价...
201,没有任何评价...
202,没有任何评价...
203,没有任何评价...
204,没有任何评价...
205,没有任何评价...
206,没有任何评价...
208,漏洞危害较小
209,没有任何评价...
211,没有任何评价...
212,没有任何评价...
214,没有任何评价...
216,没有任何评价...
217,没有任何评价...
218,没有任何评价...
219,没有任何评价...
220,没有任何评价...
221,没有任何评价...
222,没有任何评价...
224,没有任何评价...
225,没有任何评价...
226,没有任何评价...
227,没有任何评价...
228,没有任何评价...
229,没有任何评价...
231,没有任何评价...
232,没有任何评价...
233,没有任何评价...
234,没有任何评价...
236,没有任何评价...
237,未证明漏洞危害
239,没有任何评价...
240,没有任何评价...
241,没有任何评价...
242,没有任何评价...
243,没有任何评价...
245,没有任何评价...
246,没有任何评价...
247,没有任何评价...
248,没有任何评价...
249,没有任何评价...
251,没有任何评价...
252,没有任何评价...
253,没有任何评价...
254,没有任何评价...
255,没有任何评价...
256,没有任何评价...
257,没有任何评价...
258,没有任何评价...
259,没有任何评价...
260,没有任何评价...
261,没有任何评价...
262,没有任何评价...
264,没有任何评价...
266,没有任何评价...
267,没有任何评价...
268,没有任何评价...
269,没有任何评价...
270,没有任何评价...
271,没有任何评价...
273,没有任何评价...
274,没有任何评价...
275,没有任何评价...
276,没有任何评价...
277,没有任何评价...
279,没有任何评价...
280,没有任何评价...
281,没有任何评价...
282,没有任何评价...
284,没有任何评价...
285,没有任何评价...
286,没有任何评价...
288,没有任何评价...
289,没有任何评价...
291,没有任何评价...
294,没有任何评价...
295,没有任何评价...
296,没有任何评价...
297,没有任何评价...
298,没有任何评价...
299,没有任何评价...
300,没有任何评价...
301,没有任何评价...
302,没有任何评价...
304,没有任何评价...
306,没有任何评价...
307,没有任何评价...
309,没有任何评价...
311,没有任何评价...
312,没有任何评价...
313,没有任何评价...
315,没有任何评价...
316,没有任何评价...
317,没有任何评价...
321,没有任何评价...
322,没有任何评价...
323,没有任何评价...
324,没有任何评价...
326,没有任何评价...
327,没有任何评价...
328,没有任何评价...
329,没有任何评价...
331,没有任何评价...
332,没有任何评价...
333,没有任何评价...
334,没有任何评价...
336,没有任何评价...
337,没有任何评价...
338,没有任何评价...
339,没有任何评价...
340,没有任何评价...
341,没有任何评价...
342,没有任何评价...
343,没有任何评价...
344,没有任何评价...
345,没有任何评价...
346,没有任何评价...
347,没有任何评价...
348,没有任何评价...
349,没有任何评价...
351,没有任何评价...
353,没有任何评价...
354,没有任何评价...
356,没有任何评价...
357,没有任何评价...
358,没有任何评价...
361,没有任何评价...
362,没有任何评价...
363,没有任何评价...
364,没有任何评价...
365,没有任何评价...
366,没有任何评价...
367,没有任何评价...
369,没有任何评价...
370,没有任何评价...
372,没有任何评价...
374,没有任何评价...
376,没有任何评价...
379,没有任何评价...
381,没有任何评价...
384,没有任何评价...
385,没有任何评价...
386,没有任何评价...
387,没有任何评价...
388,没有任何评价...
389,没有任何评价...
391,没有任何评价...
392,没有任何评价...
393,没有任何评价...
395,没有任何评价...
397,没有任何评价...
398,没有任何评价...
401,没有任何评价...
403,没有任何评价...
404,没有任何评价...
405,没有任何评价...
406,没有任何评价...
407,没有任何评价...
408,没有任何评价...
409,没有任何评价...
410,没有任何评价...
411,没有任何评价...
412,没有任何评价...
415,没有任何评价...
416,没有任何评价...
417,没有任何评价...
418,没有任何评价...
419,没有任何评价...
421,没有任何评价...
422,没有任何评价...
423,没有任何评价...
424,没有任何评价...
425,没有任何评价...
427,没有任何评价...
428,没有任何评价...
429,没有任何评价...
430,没有任何评价...
431,没有任何评价...
432,没有任何评价...
433,没有任何评价...
434,没有任何评价...
435,没有任何评价...
437,没有任何评价...
438,没有任何评价...
439,没有任何评价...
440,没有任何评价...
441,没有任何评价...
443,没有任何评价...
444,没有任何评价...
445,没有任何评价...
446,没有任何评价...
447,没有任何评价...
448,没有任何评价...
449,没有任何评价...
450,没有任何评价...
451,没有任何评价...
452,没有任何评价...
453,没有任何评价...
454,没有任何评价...
455,没有任何评价...
456,没有任何评价...
457,没有任何评价...
459,没有任何评价...
461,没有任何评价...
462,没有任何评价...
463,没有任何评价...
464,没有任何评价...
465,没有任何评价...
466,没有任何评价...
467,没有任何评价...
469,没有任何评价...
471,没有任何评价...
473,没有任何评价...
474,无数据截图
475,没有任何评价...
476,没有任何评价...
479,没有任何评价...
481,没有任何评价...
482,没有任何评价...
484,没有任何评价...
485,没有任何评价...
486,没有任何评价...
487,没有任何评价...
488,没有任何评价...
489,没有任何评价...
490,没有任何评价...
493,没有任何评价...
494,没有任何评价...
495,没有任何评价...
496,没有任何评价...
497,没有任何评价...
498,没有任何评价...
500,无数据截图
501,没有任何评价...
502,没有任何评价...
503,没有任何评价...
504,没有任何评价...
507,没有任何评价...
511,没有任何评价...
515,没有任何评价...
516,没有任何评价...
517,没有任何评价...
518,无数据截图
519,没有任何评价...
520,没有任何评价...
521,没有任何评价...
522,没有任何评价...
523,没有任何评价...
525,没有任何评价...
526,没有任何评价...
528,没有任何评价...
529,没有任何评价...
530,没有任何评价...
532,没有任何评价...
533,没有任何评价...
534,没有任何评价...
535,没有任何评价...
536,没有任何评价...
537,没有任何评价...
538,没有任何评价...
539,没有任何评价...
540,没有任何评价...
541,没有任何评价...
542,没有任何评价...
544,没有任何评价...
545,没有任何评价...
546,没有任何评价...
547,没有任何评价...
548,没有任何评价...
550,没有任何评价...
551,没有任何评价...
552,没有任何评价...
553,没有任何评价...
554,没有任何评价...
557,没有任何评价...
558,没有任何评价...
559,没有任何评价...
560,没有任何评价...
561,没有任何评价...
562,没有任何评价...
563,没有任何评价...
564,没有任何评价...
565,没有任何评价...
566,没有任何评价...
567,没有任何评价...
568,没有任何评价...
570,没有任何评价...
571,没有任何评价...
572,没有任何评价...
573,没有任何评价...
574,没有任何评价...
575,没有任何评价...
577,没有任何评价...
578,没有任何评价...
579,没有任何评价...
580,没有任何评价...
582,没有任何评价...
584,没有任何评价...
585,没有任何评价...
586,没有任何评价...
587,没有任何评价...
588,没有任何评价...
589,没有任何评价...
590,没有任何评价...
591,没有任何评价...
592,没有任何评价...
593,没有任何评价...
594,没有任何评价...
595,没有任何评价...
596,没有任何评价...
597,没有任何评价...
598,没有任何评价...
599,没有任何评价...
600,没有任何评价...
602,没有任何评价...
603,没有任何评价...
604,没有任何评价...
605,没有任何评价...
609,没有任何评价...
611,没有任何评价...
615,没有任何评价...
616,没有任何评价...
617,没有任何评价...
618,没有任何评价...
619,没有任何评价...
620,没有任何评价...
621,没有任何评价...
622,没有任何评价...
623,没有任何评价...
624,没有任何评价...
625,没有任何评价...
626,没有任何评价...
627,没有任何评价...
628,没有任何评价...
629,没有任何评价...
631,没有任何评价...
632,没有任何评价...
633,没有任何评价...
634,没有任何评价...
635,没有任何评价...
636,没有任何评价...
639,没有任何评价...
640,没有任何评价...
641,没有任何评价...
643,没有任何评价...
644,没有任何评价...
645,没有任何评价...
646,没有任何评价...
647,不在范围
648,没有任何评价...
650,没有任何评价...
651,没有任何评价...
652,没有任何评价...
653,没有任何评价...
654,没有任何评价...
655,没有任何评价...
656,没有任何评价...
657,没有任何评价...
659,没有任何评价...
660,没有任何评价...
661,没有任何评价...
663,没有任何评价...
664,没有任何评价...
665,没有任何评价...
667,没有任何评价...
669,没有任何评价...
670,没有任何评价...
671,没有任何评价...
672,没有任何评价...
674,没有任何评价...
675,没有任何评价...
678,没有任何评价...
679,没有任何评价...
680,没有任何评价...
681,sqlmap获取时请使用--start，--stop参数指定获取数据条数，请勿直接--dump整个数据库，警告一次
682,没有任何评价...
683,没有任何评价...
684,没有任何评价...
685,没有任何评价...
687,没有任何评价...
688,没有任何评价...
690,没有任何评价...
691,没有任何评价...
692,没有任何评价...
693,没有任何评价...
696,没有任何评价...
698,没有任何评价...
699,没有任何评价...
700,没有任何评价...
701,没有任何评价...
705,没有任何评价...
706,没有任何评价...
707,没有任何评价...
709,没有任何评价...
710,没有任何评价...
711,没有任何评价...
712,没有任何评价...
714,没有任何评价...
715,没有任何评价...
717,没有任何评价...
718,没有任何评价...
722,没有任何评价...
723,没有任何评价...
724,没有任何评价...
725,网站已经部署WAF，无法使用白帽子提供的测试方法获取数据，故评级降低
726,没有任何评价...
727,没有任何评价...
728,没有任何评价...
731,没有任何评价...
732,没有任何评价...
733,没有任何评价...
735,没有任何评价...
736,没有任何评价...
738,没有任何评价...
740,没有任何评价...
741,没有任何评价...
743,没有任何评价...
745,没有任何评价...
748,无数据截图
749,没有任何评价...
750,没有任何评价...
751,无敏感信息
752,没有任何评价...
753,没有任何评价...
754,没有任何评价...
755,没有任何评价...
756,没有任何评价...
757,没有任何评价...
758,没有任何评价...
762,没有任何评价...
764,没有任何评价...
765,没有任何评价...
766,没有任何评价...
767,没有任何评价...
768,没有任何评价...
769,没有任何评价...
771,没有任何评价...
772,没有任何评价...
773,没有任何评价...
776,没有任何评价...
777,没有任何评价...
778,没有任何评价...
779,没有任何评价...
780,没有任何评价...
781,没有任何评价...
782,没有任何评价...
783,没有任何评价...
784,没有任何评价...
785,没有任何评价...
786,没有任何评价...
790,没有任何评价...
791,没有任何评价...
794,没有任何评价...
795,没有任何评价...
796,没有任何评价...
797,没有任何评价...
798,没有任何评价...
799,没有任何评价...
800,没有任何评价...
801,没有任何评价...
802,没有任何评价...
803,没有任何评价...
804,没有任何评价...
805,没有任何评价...
806,没有任何评价...
807,没有任何评价...
816,没有任何评价...
825,没有任何评价...
827,没有任何评价...
842,没有任何评价...
844,没有任何评价...
846,没有任何评价...
849,没有任何评价...
850,没有任何评价...
856,没有任何评价...
857,没有任何评价...
860,没有任何评价...
871,没有任何评价...
872,没有任何评价...
874,没有任何评价...
876,没有任何评价...
877,没有任何评价...
878,没有任何评价...
879,没有任何评价...
881,没有任何评价...
885,没有任何评价...
886,没有任何评价...
888,没有任何评价...
889,没有任何评价...
892,没有任何评价...
893,没有任何评价...
894,没有任何评价...
895,没有任何评价...
896,没有任何评价...
897,没有任何评价...
898,没有任何评价...
899,没有任何评价...
900,没有任何评价...
901,没有任何评价...
902,没有任何评价...
903,没有任何评价...
904,没有任何评价...
907,没有任何评价...
908,没有任何评价...
909,没有任何评价...
911,没有任何评价...
912,没有任何评价...
913,没有任何评价...
914,没有任何评价...
915,没有任何评价...
916,没有任何评价...
917,没有任何评价...
919,没有任何评价...
920,没有任何评价...
921,没有任何评价...
922,没有任何评价...
923,没有任何评价...
924,没有任何评价...
925,没有任何评价...
926,没有任何评价...
927,没有任何评价...
928,没有任何评价...
929,没有任何评价...
930,没有任何评价...
934,没有任何评价...
935,没有任何评价...
936,没有任何评价...
937,没有任何评价...
938,没有任何评价...
940,没有任何评价...
941,没有任何评价...
945,没有任何评价...
946,没有任何评价...
947,没有任何评价...
948,没有任何评价...
950,没有任何评价...
952,没有任何评价...
954,没有任何评价...
955,没有任何评价...
958,没有任何评价...
959,没有任何评价...
960,没有任何评价...
961,没有任何评价...
962,没有任何评价...
965,没有任何评价...
969,没有任何评价...
975,没有任何评价...
979,没有任何评价...
980,没有任何评价...
981,没有任何评价...
982,没有任何评价...
983,没有任何评价...
984,没有任何评价...
985,没有任何评价...
986,没有任何评价...
987,没有任何评价...
988,没有任何评价...
989,没有任何评价...
990,没有任何评价...
991,没有任何评价...
992,没有任何评价...
993,没有任何评价...
995,没有任何评价...
996,没有任何评价...
997,没有任何评价...
998,没有任何评价...
999,没有任何评价...
1000,没有任何评价...
1001,没有任何评价...
1002,没有任何评价...
1005,没有任何评价...
1006,没有任何评价...
1007,没有任何评价...
1008,没有任何评价...
1009,没有任何评价...
1010,没有任何评价...
1013,没有任何评价...
1015,没有任何评价...
1017,没有任何评价...
1018,没有任何评价...
1019,没有任何评价...
1022,没有任何评价...
1023,没有任何评价...
1024,没有任何评价...
1025,没有任何评价...
1026,没有任何评价...
1028,没有任何评价...
1031,没有任何评价...
1034,没有任何评价...
1036,没有任何评价...
1038,没有任何评价...
1039,没有任何评价...
1041,没有任何评价...
1042,没有任何评价...
1043,没有任何评价...
1047,没有任何评价...
1049,没有任何评价...
1050,没有任何评价...
1052,没有任何评价...
1054,没有任何评价...
1056,没有任何评价...
1057,没有任何评价...
1059,没有任何评价...
1061,没有任何评价...
1063,没有任何评价...
1064,没有任何评价...
1065,没有任何评价...
1066,没有任何评价...
1071,没有任何评价...
1072,没有任何评价...
1073,没有任何评价...
1074,没有任何评价...
1076,没有任何评价...
1077,没有任何评价...
1078,没有任何评价...
1079,没有任何评价...
1080,没有任何评价...
1081,没有任何评价...
1083,没有任何评价...
1084,没有任何评价...
1085,没有任何评价...
1088,没有任何评价...
1089,没有任何评价...
1090,没有任何评价...
1091,没有任何评价...
1092,没有任何评价...
1093,没有任何评价...
1094,没有任何评价...
1096,没有任何评价...
1097,没有任何评价...
1098,没有任何评价...
1099,没有任何评价...
1100,没有任何评价...
1101,没有任何评价...
1102,没有任何评价...
1103,没有任何评价...
1104,没有任何评价...
1105,没有任何评价...
1106,没有任何评价...
1107,没有任何评价...
1108,没有任何评价...
1109,没有任何评价...
1110,没有任何评价...
1111,没有任何评价...
1113,没有任何评价...
1114,没有任何评价...
1115,没有任何评价...
1116,没有任何评价...
1117,没有任何评价...
1119,没有任何评价...
1120,没有任何评价...
1121,没有任何评价...
1122,没有任何评价...
1123,没有任何评价...
1124,没有任何评价...
1125,没有任何评价...
1126,没有任何评价...
1129,没有任何评价...
1132,没有任何评价...
1134,没有任何评价...
1136,没有任何评价...
1138,没有任何评价...
1139,没有任何评价...
1140,没有任何评价...
1141,没有任何评价...
1142,没有任何评价...
1143,没有任何评价...
1144,没有任何评价...
1145,没有任何评价...
1146,没有任何评价...
1147,没有任何评价...
1148,没有任何评价...
1149,没有任何评价...
1152,没有任何评价...
1153,没有任何评价...
1154,没有任何评价...
1155,没有任何评价...
1156,没有任何评价...
1157,没有任何评价...
1158,没有任何评价...
1161,未出具体数据
1162,没有任何评价...
1163,没有任何评价...
1164,没有任何评价...
1165,没有任何评价...
1169,漏洞已重复
1170,没有任何评价...
1171,请给出漏洞链接
1172,没有任何评价...
1173,没有任何评价...
1176,没有任何评价...
1177,没有任何评价...
1178,没有任何评价...
1179,没有任何评价...
1184,没有任何评价...
1186,没有任何评价...
1188,没有任何评价...
1190,没有任何评价...
1193,没有任何评价...
1194,停站整改中
1195,没有任何评价...
1196,没有任何评价...
1197,没有任何评价...
1198,没有任何评价...
1200,没有任何评价...
1201,没有任何评价...
1202,没有任何评价...
1203,没有任何评价...
1204,没有任何评价...
1205,没有任何评价...
1206,没有任何评价...
1209,没有任何评价...
1212,没有任何评价...
1215,没有任何评价...
1216,没有任何评价...
1222,没有任何评价...
1223,没有任何评价...
1224,没有任何评价...
1225,没有任何评价...
1226,没有任何评价...
1227,没有任何评价...
1228,没有任何评价...
1229,没有任何评价...
1230,没有任何评价...
1231,没有任何评价...
1232,没有任何评价...
1233,没有任何评价...
1234,没有任何评价...
1238,没有任何评价...
1242,没有任何评价...
1243,没有任何评价...
1245,没有任何评价...
1248,没有任何评价...
1254,没有任何评价...
1255,没有任何评价...
1256,没有任何评价...
1259,没有任何评价...
1260,没有任何评价...
1261,没有任何评价...
1262,没有任何评价...
1264,没有任何评价...
1265,没有任何评价...
1270,没有任何评价...
1271,没有任何评价...
1272,没有任何评价...
1273,没有任何评价...
1274,没有任何评价...
1275,没有任何评价...
1276,没有任何评价...
1277,没有任何评价...
1278,没有任何评价...
1279,没有任何评价...
1280,没有任何评价...
1281,没有任何评价...
1283,没有任何评价...
1284,没有任何评价...
1285,没有任何评价...
1286,没有任何评价...
1291,没有任何评价...
1293,没有任何评价...
1294,没有任何评价...
1295,没有任何评价...
1298,没有任何评价...
1299,没有任何评价...
1300,没有任何评价...
1302,没有任何评价...
1307,没有任何评价...
1308,没有任何评价...
1309,没有任何评价...
1311,没有任何评价...
1313,没有任何评价...
1316,没有任何评价...
1318,没有任何评价...
1319,没有任何评价...
1320,没有任何评价...
1321,没有任何评价...
1323,没有任何评价...
1324,没有任何评价...
1325,没有任何评价...
1327,没有任何评价...
1328,没有任何评价...
1329,没有任何评价...
1330,没有任何评价...
1331,没有任何评价...
1332,没有任何评价...
1336,没有任何评价...
1337,没有任何评价...
1338,没有任何评价...
1340,没有任何评价...
1341,没有任何评价...
1342,没有任何评价...
1343,没有任何评价...
1344,没有任何评价...
1345,没有任何评价...
1346,没有任何评价...
1347,没有任何评价...
1348,没有任何评价...
1349,没有任何评价...
1350,没有任何评价...
1351,没有任何评价...
1352,没有任何评价...
1353,没有任何评价...
1354,没有任何评价...
1355,没有任何评价...
1356,没有任何评价...
1357,没有任何评价...
1358,没有任何评价...
1359,没有任何评价...
1360,没有任何评价...
1361,没有任何评价...
1362,无法复现
1363,没有任何评价...
1364,没有任何评价...
1365,没有任何评价...
1367,没有任何评价...
1369,没有任何评价...
1370,没有任何评价...
1372,没有任何评价...
1373,没有任何评价...
1374,没有任何评价...
1376,没有任何评价...
1377,没有任何评价...
1378,没有任何评价...
1379,没有任何评价...
1380,没有任何评价...
1381,没有任何评价...
1383,没有任何评价...
1384,没有任何评价...
1385,没有任何评价...
1386,没有任何评价...
1387,没有任何评价...
1388,没有任何评价...
1389,没有任何评价...
1391,没有任何评价...
1392,没有任何评价...
1393,没有任何评价...
1395,没有任何评价...
1396,没有任何评价...
1397,没有任何评价...
1399,没有任何评价...
1400,没有任何评价...
1401,没有任何评价...
1402,没有任何评价...
1403,没有任何评价...
1404,没有任何评价...
1405,没有任何评价...
1406,没有任何评价...
1407,没有任何评价...
1408,没有任何评价...
1409,没有任何评价...
1410,没有任何评价...
1411,没有任何评价...
1412,没有任何评价...
1414,没有任何评价...
1415,没有任何评价...
1416,没有任何评价...
1417,没有任何评价...
1419,没有任何评价...
1420,没有任何评价...
1421,没有任何评价...
1422,没有任何评价...
1423,没有任何评价...
1425,没有任何评价...
1426,没有任何评价...
1427,没有任何评价...
1428,没有任何评价...
1429,没有任何评价...
1430,没有任何评价...
1431,没有任何评价...
1432,没有任何评价...
1433,没有任何评价...
1434,没有任何评价...
1435,没有任何评价...
1437,没有任何评价...
1438,重复
1439,没有任何评价...
1440,没有任何评价...
1441,重复
1442,没有任何评价...
1444,没有任何评价...
1445,没有任何评价...
1446,没有任何评价...
1448,没有任何评价...
1449,没有任何评价...
1451,没有任何评价...
1453,没有任何评价...
1454,没有任何评价...
1455,没有任何评价...
1456,没有任何评价...
1457,没有任何评价...
1458,没有任何评价...
1460,没有任何评价...
1461,没有任何评价...
1462,没有任何评价...
1463,没有任何评价...
1464,没有任何评价...
1465,没有任何评价...
1466,没有任何评价...
1467,没有任何评价...
1468,没有任何评价...
1469,没有任何评价...
1470,没有任何评价...
1471,没有任何评价...
1472,没有任何评价...
1474,没有任何评价...
1475,没有任何评价...
1476,没有任何评价...
1477,没有任何评价...
1478,没有任何评价...
1479,没有任何评价...
1481,没有任何评价...
1482,没有任何评价...
1483,没有任何评价...
1484,没有任何评价...
1487,没有任何评价...
1488,没有任何评价...
1490,没有任何评价...
1491,没有任何评价...
1492,没有任何评价...
1493,没有任何评价...
1494,没有任何评价...
1495,没有任何评价...
1498,没有任何评价...
1501,没有任何评价...
1502,没有任何评价...
1510,没有任何评价...
1513,没有任何评价...
1514,没有任何评价...
1516,没有任何评价...
1517,没有任何评价...
1518,没有任何评价...
1520,没有任何评价...
1521,没有任何评价...
1522,没有任何评价...
1523,没有任何评价...
1524,没有任何评价...
1525,没有任何评价...
1527,没有任何评价...
1528,没有任何评价...
1530,没有任何评价...
1531,没有任何评价...
1533,没有任何评价...
1534,没有任何评价...
1536,没有任何评价...
1537,没有任何评价...
1538,没有任何评价...
1540,没有任何评价...
1542,没有任何评价...
1543,没有任何评价...
1545,没有任何评价...
1547,没有任何评价...
1548,没有任何评价...
1549,没有任何评价...
1552,没有任何评价...
1553,没有任何评价...
1554,没有任何评价...
1555,没有任何评价...
1556,没有任何评价...
1557,没有任何评价...
1558,没有任何评价...
1559,没有任何评价...
1561,没有任何评价...
1562,没有任何评价...
1564,没有任何评价...
1565,没有任何评价...
1566,没有任何评价...
1567,没有任何评价...
1575,没有任何评价...
1577,没有任何评价...
1578,没有任何评价...
1579,没有任何评价...
1580,没有任何评价...
1581,没有任何评价...
1583,没有任何评价...
1585,没有任何评价...
1587,没有任何评价...
1589,没有任何评价...
1590,没有任何评价...
1591,没有任何评价...
1592,没有任何评价...
1593,没有任何评价...
1594,没有任何评价...
1595,没有任何评价...
1596,没有任何评价...
1597,没有任何评价...
1600,没有任何评价...
1602,没有任何评价...
1604,没有任何评价...
1607,没有任何评价...
1609,没有任何评价...
1610,没有任何评价...
1611,没有任何评价...
1612,没有任何评价...
1613,没有任何评价...
1614,没有任何评价...
1615,没有任何评价...
1617,没有任何评价...
1618,没有任何评价...
1619,没有任何评价...
1621,没有任何评价...
1622,没有任何评价...
1623,没有任何评价...
1624,没有任何评价...
1625,没有任何评价...
1626,没有任何评价...
1627,没有任何评价...
1630,没有任何评价...
1632,没有任何评价...
1633,没有任何评价...
1641,没有任何评价...
1643,没有任何评价...
1644,没有任何评价...
1645,没有任何评价...
1646,没有任何评价...
1647,没有任何评价...
1648,没有任何评价...
1650,没有任何评价...
1651,没有任何评价...
1652,没有任何评价...
1653,没有任何评价...
1657,没有任何评价...
1668,没有任何评价...
1669,没有任何评价...
1674,没有任何评价...
1675,没有任何评价...
1676,没有任何评价...
1679,没有任何评价...
1682,没有任何评价...
1684,没有任何评价...
1687,没有任何评价...
1688,没有任何评价...
1691,没有任何评价...
1695,没有任何评价...
1696,没有任何评价...
1700,没有任何评价...
1701,没有任何评价...
1703,没有任何评价...
1704,没有任何评价...
1706,没有任何评价...
1707,没有任何评价...
1708,没有任何评价...
1709,没有任何评价...
1710,没有任何评价...
1711,没有任何评价...
1712,没有任何评价...
1714,没有任何评价...
1716,没有任何评价...
1721,没有任何评价...
1724,没有任何评价...
1725,没有任何评价...
1727,没有任何评价...
1728,没有任何评价...
1729,没有任何评价...
1730,没有任何评价...
1731,没有任何评价...
1734,没有任何评价...
1738,没有任何评价...
1739,没有任何评价...
1742,没有任何评价...
1744,没有任何评价...
1745,没有任何评价...
1747,没有任何评价...
1748,没有任何评价...
1752,没有任何评价...
1753,没有任何评价...
1754,没有任何评价...
1755,没有任何评价...
1756,没有任何评价...
1757,没有任何评价...
1760,没有任何评价...
1765,没有任何评价...
1766,没有任何评价...
1767,没有任何评价...
1769,没有任何评价...
1771,没有任何评价...
1775,没有任何评价...
1777,没有任何评价...
1781,没有任何评价...
1787,没有任何评价...
1788,没有任何评价...
1793,没有任何评价...
1799,没有任何评价...
1800,没有任何评价...
1801,没有任何评价...
1804,没有任何评价...
1805,没有任何评价...
1806,没有任何评价...
1809,没有任何评价...
1810,没有任何评价...
1811,没有任何评价...
1812,没有任何评价...
1814,没有任何评价...
1817,没有任何评价...
1818,没有任何评价...
1821,没有任何评价...
1824,没有任何评价...
1825,没有任何评价...
1827,没有任何评价...
1829,没有任何评价...
1830,没有任何评价...
1832,没有任何评价...
1837,没有任何评价...
1839,没有任何评价...
1840,没有任何评价...
1841,没有任何评价...
1842,没有任何评价...
1843,没有任何评价...
1845,没有任何评价...
1849,没有任何评价...
1850,没有任何评价...
1854,没有任何评价...
1855,没有任何评价...
1856,没有任何评价...
1860,没有任何评价...
1861,没有任何评价...
1862,没有任何评价...
1863,没有任何评价...
1864,没有任何评价...
1866,没有任何评价...
1868,没有任何评价...
1869,没有任何评价...
1874,没有任何评价...
1878,没有任何评价...
1879,没有任何评价...
1882,没有任何评价...
1885,没有任何评价...
1888,没有任何评价...
1889,没有任何评价...
1896,重复
1904,没有任何评价...
1906,没有任何评价...
1908,没有任何评价...
1909,没有任何评价...
1912,没有任何评价...
1914,没有任何评价...
1916,没有任何评价...
1921,没有任何评价...
1925,没有任何评价...
1927,重复
1936,没有任何评价...
1937,没有任何评价...
1940,没有任何评价...
1941,没有任何评价...
1942,没有任何评价...
1944,没有任何评价...
1947,没有任何评价...
1948,没有任何评价...
1953,没有任何评价...
1954,没有任何评价...
1967,没有任何评价...
1989,没有任何评价...
1991,没有任何评价...
1994,没有任何评价...
1998,没有任何评价...
2000,没有任何评价...
2009,没有任何评价...
2013,没有任何评价...
2014,没有任何评价...
2016,没有任何评价...
2018,没有任何评价...
2029,没有任何评价...
2032,没有任何评价...
2044,没有任何评价...
2046,没有任何评价...
2049,没有任何评价...
2051,没有任何评价...
2052,没有任何评价...
2053,没有任何评价...
2055,没有任何评价...
2056,没有任何评价...
2061,没有任何评价...
2062,没有任何评价...
2065,没有任何评价...
2067,没有任何评价...
2076,没有任何评价...
2086,没有任何评价...
2088,没有任何评价...
2091,没有任何评价...
2093,没有任何评价...
2097,没有任何评价...
2104,没有任何评价...
2112,没有任何评价...
2113,没有任何评价...
2114,没有任何评价...
2119,没有任何评价...
2120,没有任何评价...
2128,没有任何评价...
2137,没有任何评价...
2138,没有任何评价...
2141,没有任何评价...
2147,没有任何评价...
2148,没有任何评价...
2151,没有任何评价...
2152,没有任何评价...
2156,注意提交规范
2158,没有任何评价...
2159,没有任何评价...
2161,没有任何评价...
2163,没有任何评价...
2181,没有任何评价...
2186,没有任何评价...
2188,没有任何评价...
2189,没有任何评价...
2191,没有任何评价...
2193,没有任何评价...
2198,没有任何评价...
2199,没有任何评价...
2209,没有任何评价...
2218,没有任何评价...
2220,没有任何评价...
2222,没有任何评价...
2230,没有任何评价...
2231,没有任何评价...
2232,没有任何评价...
2236,没有任何评价...
2260,没有任何评价...
2263,没有任何评价...
2264,没有任何评价...
2265,没有任何评价...
2266,没有任何评价...
2267,没有任何评价...
2268,没有任何评价...
2269,没有任何评价...
2270,没有任何评价...
2271,没有任何评价...
2272,无重要数据
2275,没有任何评价...
2276,没有任何评价...
2277,没有任何评价...
2278,没有任何评价...
2280,权限较低，数据较少
2284,没有任何评价...
2286,没有任何评价...
2289,没有任何评价...
2290,没有任何评价...
2294,没有任何评价...
2295,没有任何评价...
2296,没有任何评价...
2297,没有任何评价...
2298,相似
2299,没有任何评价...
2310,注意提交规范 &amp;&amp;  说明敏感数据数目
2311,没有任何评价...
2312,同一单位多处相似漏洞
2318,没有任何评价...
2319,没有任何评价...
2320,没有任何评价...
2321,没有任何评价...
2323,没有任何评价...
2326,没有任何评价...
2331,没有任何评价...
2332,没有任何评价...
2334,没有任何评价...
2337,没有任何评价...
2340,没有任何评价...
2342,没有任何评价...
2346,没有任何评价...
2348,没有任何评价...
2349,没有任何评价...
2352,没有任何评价...
2354,没有任何评价...
2356,没有任何评价...
2364,没有任何评价...
2381,没有任何评价...
2382,没有任何评价...
2383,没有任何评价...
2384,没有任何评价...
2385,没有任何评价...
2386,没有任何评价...
2387,没有任何评价...
2388,没有任何评价...
2390,没有任何评价...
2391,没有任何评价...
2392,没有任何评价...
2393,没有任何评价...
2394,同一单位多处相似漏洞
2399,没有任何评价...
2400,没有任何评价...
2401,没有任何评价...
2402,没有任何评价...
2403,没有任何评价...
2405,firefox可以，但是firefox是受xss过滤器影响的
2406,没有任何评价...
2408,没有任何评价...
2409,没有任何评价...
2410,没有任何评价...
2411,没有任何评价...
2412,没有任何评价...
2413,没有任何评价...
2414,没有任何评价...
2415,没有任何评价...
2416,没有任何评价...
2417,没有任何评价...
2418,没有任何评价...
2419,没有任何评价...
2420,没有任何评价...
2421,没有任何评价...
2422,没有任何评价...
2423,没有任何评价...
2424,没有任何评价...
2425,没有任何评价...
2426,没有任何评价...
2427,没有任何评价...
2428,没有任何评价...
2429,没有任何评价...
2430,没有任何评价...
2431,漏洞真实存在，但因为各种问题（如WAF），白帽子无法说明利用方法的
2432,没有任何评价...
2433,没有任何评价...
2434,没有任何评价...
2435,没有任何评价...
2436,没有任何评价...
2437,没有任何评价...
2439,没有任何评价...
2440,没有任何评价...
2441,没有任何评价...
2443,没有任何评价...
2445,没有任何评价...
2446,没有任何评价...
2447,没有任何评价...
2448,没有任何评价...
2449,没有任何评价...
2450,没有任何评价...
2451,存在以下情况我们将酌情将漏洞等级降低：
* 同一单位多处相似漏洞
2452,存在以下情况我们将酌情将漏洞等级降低：

* 同一单位多处相似漏洞
2453,没有任何评价...
2455,没有任何评价...
2456,没有任何评价...
2458,没有任何评价...
2459,没有任何评价...
2464,没有任何评价...
2465,没有任何评价...
2466,同学你可以看看是怎么被hack的，找找有没有后门。
2467,没有任何评价...
2468,没有任何评价...
2469,没有任何评价...
2470,没有任何评价...
2471,没有任何评价...
2472,没有任何评价...
2474,没有任何评价...
2478,没有任何评价...
2479,没有任何评价...
2480,没有任何评价...
2481,没有任何评价...
2482,没有任何评价...
2483,没有任何评价...
2484,没有任何评价...
2485,没有任何评价...
2486,没有任何评价...
2487,没有核心数据
2488,没有任何评价...
2489,没有任何评价...
2490,没有任何评价...
2494,没有任何评价...
2495,没有任何评价...
2496,没有任何评价...
2497,没有任何评价...
2498,没有任何评价...
2499,没有任何评价...
2502,没有任何评价...
2503,没有任何评价...
2504,没有任何评价...
2505,没有任何评价...
2506,没有任何评价...
2508,没有任何评价...
2511,没有任何评价...
2513,没有任何评价...
2516,没有任何评价...
2518,没有任何评价...
2520,没有任何评价...
2521,没有任何评价...
2523,没有任何评价...
2524,没有任何评价...
2525,没有任何评价...
2526,没有任何评价...
2527,没有任何评价...
2528,没有任何评价...
2529,没有任何评价...
2532,没有任何评价...
2533,没有任何评价...
2535,没有任何评价...
2536,没有任何评价...
2537,没有任何评价...
2539,没有任何评价...
2540,没有任何评价...
2541,没有任何评价...
2542,没有任何评价...
2543,未显示注入数据以及利用，降低评分。
2546,没有任何评价...
2547,没有任何评价...
2548,没有任何评价...
2549,没有任何评价...
2551,没有任何评价...
2552,没有任何评价...
2553,没有任何评价...
2555,没有任何评价...
2556,没有任何评价...
2557,没有任何评价...
2558,没有任何评价...
2560,没有任何评价...
2561,没有任何评价...
2562,没有任何评价...
2563,没有任何评价...
2564,没有任何评价...
2565,没有任何评价...
2566,没有任何评价...
2569,没有任何评价...
2570,没有任何评价...
2572,没有任何评价...
2573,没有任何评价...
2574,没有任何评价...
2575,没有任何评价...
2576,没有任何评价...
2578,没有任何评价...
2580,没有任何评价...
2581,没有任何评价...
2582,没有任何评价...
2583,没有任何评价...
2584,没有任何评价...
2585,没有任何评价...
2586,没有任何评价...
2587,没有任何评价...
2589,没有任何评价...
2590,没有任何评价...
2591,没有任何评价...
2592,没有任何评价...
2593,没有任何评价...
2594,没有任何评价...
2595,没有任何评价...
2596,没有任何评价...
2597,没有任何评价...
2598,没有任何评价...
2599,没有任何评价...
2600,没有任何评价...
2601,没有任何评价...
2602,没有任何评价...
2603,没有任何评价...
2604,没有任何评价...
2605,没有任何评价...
2606,没有任何评价...
2607,没有任何评价...
2608,没有任何评价...
2609,没有任何评价...
2610,没有任何评价...
2611,没有任何评价...
2612,没有任何评价...
2613,没有任何评价...
2614,未说明危害程度
2615,没有任何评价...
2616,没有任何评价...
2618,没有任何评价...
2622,没有任何评价...
2624,没有任何评价...
2626,没有任何评价...
2627,没有任何评价...
2628,没有任何评价...
2629,没有任何评价...
2630,没有任何评价...
2631,没有任何评价...
2633,别刷st2啦，没意义，分也不高的，而且容易重复
2634,没有任何评价...
2637,没有任何评价...
2638,没有任何评价...
2639,没有任何评价...
2640,没有任何评价...
2641,没有任何评价...
2642,没有任何评价...
2643,没有任何评价...
2645,没有任何评价...
2646,没有任何评价...
2647,没有任何评价...
2649,没有任何评价...
2650,没有任何评价...
2651,没有任何评价...
2652,没有任何评价...
2653,没有任何评价...
2654,没有任何评价...
2655,没有任何评价...
2656,没有任何评价...
2657,没有任何评价...
2658,没有任何评价...
2659,没有任何评价...
2660,没有任何评价...
2662,没有任何评价...
2663,没有任何评价...
2664,没有任何评价...
2665,没有任何评价...
2666,没有任何评价...
2667,没有任何评价...
2669,没有任何评价...
2670,没有任何评价...
2672,没有任何评价...
2673,没有任何评价...
2674,没有任何评价...
2676,没有任何评价...
2679,没有任何评价...
2680,没有任何评价...
2681,没有任何评价...
2682,没有任何评价...
2683,没有任何评价...
2684,没有任何评价...
2685,没有任何评价...
2686,没有任何评价...
2687,没有任何评价...
2688,同一单位多处相似漏洞
2689,同一单位多处相似漏洞
2690,没有任何评价...
2691,注意提交规范
2692,没有任何评价...
2693,没有任何评价...
2694,没有任何评价...
2695,没有任何评价...
2696,没有任何评价...
2697,没有任何评价...
2698,没有任何评价...
2699,没有任何评价...
2700,没有任何评价...
2702,没有任何评价...
2703,没有任何评价...
2704,没有任何评价...
2705,没有任何评价...
2706,没有任何评价...
2707,没有任何评价...
2708,没有任何评价...
2709,没有任何评价...
2710,没有任何评价...
2711,没有任何评价...
2712,没有任何评价...
2713,没有任何评价...
2717,没有任何评价...
2718,没有任何评价...
2720,没有任何评价...
2721,没有任何评价...
2722,没有任何评价...
2723,没有任何评价...
2724,没有任何评价...
2729,没有任何评价...
2731,没有任何评价...
2735,注意提交规范
2738,没有任何评价...
2740,没有任何评价...
2741,没有任何评价...
2742,没有任何评价...
2744,无法利用
2745,没有任何评价...
2747,没有任何评价...
2748,没有任何评价...
2749,没有任何评价...
2750,没有任何评价...
2752,没有任何评价...
2753,没有任何评价...
2754,没有任何评价...
2756,没有任何评价...
2757,没有任何评价...
2758,没有任何评价...
2759,没有任何评价...
2760,没有任何评价...
2761,没有任何评价...
2762,没有任何评价...
2763,没有任何评价...
2764,没有任何评价...
2765,没有任何评价...
2767,没有任何评价...
2768,没有任何评价...
2769,没有任何评价...
2770,没有任何评价...
2771,没有任何评价...
2772,没有任何评价...
2773,没有任何评价...
2774,没有任何评价...
2775,没有任何评价...
2776,没有任何评价...
2777,没有任何评价...
2778,没有任何评价...
2779,没有任何评价...
2780,没有任何评价...
2783,没有任何评价...
2784,没有任何评价...
2785,没有任何评价...
2786,没有任何评价...
2787,没有任何评价...
2788,没有任何评价...
2789,没有任何评价...
2790,没有任何评价...
2792,没有任何评价...
2795,没有任何评价...
2799,没有任何评价...
2800,没有任何评价...
2801,没有任何评价...
2804,没有任何评价...
2805,没有任何评价...
2806,没有任何评价...
2807,没有任何评价...
2814,没有任何评价...
2816,没有任何评价...
2820,没有任何评价...
2821,没有任何评价...
2822,没有任何评价...
2824,没有任何评价...
2826,没有任何评价...
2827,没有任何评价...
2831,同一单位多处
2833,没有任何评价...
2834,没有任何评价...
2836,没有任何评价...
2838,没有任何评价...
2840,没有任何评价...
2841,没有任何评价...
2842,没有任何评价...
2843,没有任何评价...
2845,没有任何评价...
2847,没有任何评价...
2848,没有任何评价...
2849,没有任何评价...
2850,没有任何评价...
2851,没有任何评价...
2852,没有任何评价...
2853,没有任何评价...
2854,没有任何评价...
2855,没有任何评价...
2856,没有任何评价...
2857,没有任何评价...
2859,没有任何评价...
2860,没有任何评价...
2861,没有任何评价...
2862,没有任何评价...
2863,没有任何评价...
2864,没有任何评价...
2866,没有任何评价...
2867,没有任何评价...
2868,没有任何评价...
2870,没有任何评价...
2871,没有任何评价...
2872,没有任何评价...
2873,没有任何评价...
2874,没有任何评价...
2875,没有任何评价...
2877,没有任何评价...
2880,没有任何评价...
2881,没有任何评价...
2882,没有任何评价...
2883,没有任何评价...
2884,没有任何评价...
2885,没有任何评价...
2886,没有任何评价...
2887,没有任何评价...
2888,没有任何评价...
2889,没有任何评价...
2890,没有任何评价...
2891,没有任何评价...
2892,没有任何评价...
2893,没有任何评价...
2894,没有任何评价...
2895,没有任何评价...
2896,没有任何评价...
2897,没有任何评价...
2898,没有任何评价...
2899,没有任何评价...
2900,没有任何评价...
2901,没有任何评价...
2902,没有任何评价...
2903,没有任何评价...
2904,没有任何评价...
2905,没有任何评价...
2906,没有任何评价...
2907,没有任何评价...
2908,没有任何评价...
2910,没有任何评价...
2911,没有任何评价...
2912,没有任何评价...
2913,没有任何评价...
2915,没有任何评价...
2916,没有任何评价...
2917,没有任何评价...
2918,没有任何评价...
2919,没有任何评价...
2920,没有任何评价...
2921,没有任何评价...
2922,没有任何评价...
2925,没有任何评价...
2926,没有任何评价...
2928,没有任何评价...
2929,没有任何评价...
2931,没有任何评价...
2934,没有任何评价...
2935,没有任何评价...
2936,没有任何评价...
2938,没有任何评价...
2942,没有任何评价...
2943,没有任何评价...
2944,没有任何评价...
2945,没有任何评价...
2946,没有任何评价...
2949,没有任何评价...
2950,没有任何评价...
2951,没有任何评价...
2952,没有任何评价...
2955,没有任何评价...
2957,没有任何评价...
2958,没有任何评价...
2959,无法复现，而且没写命令执行返回的结果
2960,没有任何评价...
2961,没有任何评价...
2962,没有任何评价...
2964,无法打开网页
2965,没有任何评价...
2966,嗯...这个大马的shell密码很眼熟,好像就是我的用的密码..
2967,没有任何评价...
2968,没有任何评价...
2969,没有任何评价...
2972,没有任何评价...
2973,没有任何评价...
2976,没有任何评价...
2977,没有任何评价...
2978,没有任何评价...
2979,没有任何评价...
2980,没有任何评价...
2981,没有任何评价...
2982,没有任何评价...
2983,没有任何评价...
2984,没有任何评价...
2986,没有任何评价...
2988,没有任何评价...
2989,没有任何评价...
2990,没有任何评价...
2991,没有任何评价...
2993,没有任何评价...
2994,没有任何评价...
2995,没有任何评价...
2996,没有任何评价...
2997,没有任何评价...
2998,没有任何评价...
2999,没有任何评价...
3000,没有任何评价...
3001,没有任何评价...
3002,没有任何评价...
3003,没有任何评价...
3005,没有任何评价...
3006,没有任何评价...
3007,没有任何评价...
3009,没有任何评价...
3010,没有任何评价...
3011,没有任何评价...
3012,没有任何评价...
3013,没有任何评价...
3014,没有任何评价...
3015,没有任何评价...
3016,没有任何评价...
3017,没有任何评价...
3018,没有任何评价...
3019,没有任何评价...
3026,没有任何评价...
3029,没有任何评价...
3032,没有任何评价...
3036,没有任何评价...
3038,没有任何评价...
3039,没有任何评价...
3041,没有任何评价...
3042,没有任何评价...
3043,没有任何评价...
3044,没有任何评价...
3045,没有任何评价...
3046,没有任何评价...
3047,没有任何评价...
3049,同一单位多处相似
3050,没有任何评价...
3051,没有任何评价...
3053,没有任何评价...
3054,没有任何评价...
3056,没有任何评价...
3057,没有任何评价...
3058,没有任何评价...
3059,没有任何评价...
3060,没有任何评价...
3061,没有任何评价...
3062,没有任何评价...
3063,没有任何评价...
3064,没有任何评价...
3065,没有任何评价...
3066,没有任何评价...
3067,没有任何评价...
3068,没有任何评价...
3070,没有任何评价...
3074,没有任何评价...
3076,没有任何评价...
3077,没有任何评价...
3078,没有任何评价...
3079,没有任何评价...
3080,没有任何评价...
3081,没有任何评价...
3083,没有任何评价...
3084,没有任何评价...
3085,没有任何评价...
3086,没有任何评价...
3088,没有任何评价...
3089,没有任何评价...
3090,没有任何评价...
3091,没有任何评价...
3092,没有任何评价...
3093,没有任何评价...
3094,没有任何评价...
3095,没有任何评价...
3097,没有任何评价...
3098,没有任何评价...
3099,没有任何评价...
3100,没有任何评价...
3102,没有任何评价...
3104,没有任何评价...
3105,没有任何评价...
3107,没有任何评价...
3108,没有任何评价...
3109,没有任何评价...
3110,没有任何评价...
3111,没有任何评价...
3112,没有任何评价...
3113,没有任何评价...
3117,提交不符合规范 把敏感信息写进了简要描述 （已帮助修改
3118,没有任何评价...
3119,提交不规范
3120,没有任何评价...
3121,没有任何评价...
3124,没有任何评价...
3125,没有任何评价...
3132,没有任何评价...
3137,没有任何评价...
3141,没有任何评价...
3143,没有任何评价...
3145,没有任何评价...
3146,没有任何评价...
3149,没有任何评价...
3150,没有任何评价...
3153,没有任何评价...
3154,没有任何评价...
3155,没有任何评价...
3156,没有任何评价...
3157,没有任何评价...
3159,没有任何评价...
3160,没有任何评价...
3161,没有任何评价...
3162,没有任何评价...
3164,没有任何评价...
3165,没有任何评价...
3167,没有任何评价...
3168,没有任何评价...
3169,没有任何评价...
3170,没有任何评价...
3171,没有任何评价...
3172,没有任何评价...
3173,没有任何评价...
3174,没有任何评价...
3175,没有任何评价...
3176,没有任何评价...
3177,没有任何评价...
3179,没有任何评价...
3180,没有任何评价...
3181,没有任何评价...
3182,没有任何评价...
3183,没有任何评价...
3184,没有任何评价...
3185,没有任何评价...
3186,没有任何评价...
3187,没有任何评价...
3188,没有任何评价...
3189,没有任何评价...
3190,没有任何评价...
3191,没有任何评价...
3192,没有任何评价...
3193,没有任何评价...
3194,没有任何评价...
3195,没有任何评价...
3196,没有任何评价...
3197,没有任何评价...
3198,没有任何评价...
3199,没有任何评价...
3200,没有任何评价...
3201,没有任何评价...
3202,没有任何评价...
3203,没有任何评价...
3205,没有任何评价...
3206,同一主机
3207,没有任何评价...
3208,没有任何评价...
3209,没有任何评价...
3210,没有任何评价...
3211,没有任何评价...
3212,没有任何评价...
3213,没有任何评价...
3214,没有任何评价...
3215,没有任何评价...
3216,没有任何评价...
3217,没有任何评价...
3218,没有任何评价...
3219,没有任何评价...
3220,没有任何评价...
3221,没有任何评价...
3222,没有任何评价...
3223,没有任何评价...
3224,没有任何评价...
3225,没有任何评价...
3226,没有任何评价...
3227,没有任何评价...
3228,没有任何评价...
3229,没有任何评价...
3230,没有任何评价...
3231,没有任何评价...
3232,没有任何评价...
3233,没有任何评价...
3234,没有任何评价...
3235,没有任何评价...
3236,没有任何评价...
3237,没有任何评价...
3238,没有任何评价...
3239,没有任何评价...
3240,没有任何评价...
3241,没有任何评价...
3242,没有任何评价...
3243,没有任何评价...
3244,没有任何评价...
3245,没有任何评价...
3246,没有任何评价...
3247,没有任何评价...
3248,没有任何评价...
3249,没有任何评价...
3250,没有任何评价...
3251,没有任何评价...
3252,没有任何评价...
3253,没有任何评价...
3254,没有任何评价...
3255,没有任何评价...
3256,没有任何评价...
3257,没有任何评价...
3258,没有任何评价...
3259,没有任何评价...
3260,没有任何评价...
3261,没有任何评价...
3262,没有任何评价...
3263,没有任何评价...
3264,没有任何评价...
3265,没有任何评价...
3266,没有任何评价...
3267,没有任何评价...
3268,没有任何评价...
3269,没有任何评价...
3270,没有任何评价...
3271,没有任何评价...
3272,没有任何评价...
3273,没有任何评价...
3274,没有任何评价...
3275,没有任何评价...
3276,没有任何评价...
3277,没有任何评价...
3278,没有任何评价...
3280,没有任何评价...
3281,没有任何评价...
3282,没有任何评价...
3283,没有任何评价...
3285,没有任何评价...
3286,没有任何评价...
3287,没有任何评价...
3288,没有任何评价...
3290,没有任何评价...
3291,没有任何评价...
3293,没有任何评价...
3295,没有任何评价...
3299,没有任何评价...
3300,没有任何评价...
3302,没有任何评价...
3304,没有任何评价...
3305,没有任何评价...
3306,没有任何评价...
3307,没有任何评价...
3308,没有任何评价...
3309,没有任何评价...
3310,没有任何评价...
3311,没有任何评价...
3313,没有任何评价...
3315,没有任何评价...
3316,没有任何评价...
3317,没有任何评价...
3318,没有任何评价...
3319,没有任何评价...
3320,没有任何评价...
3321,没有任何评价...
3322,没有任何评价...
3323,没有任何评价...
3324,没有任何评价...
3325,没有任何评价...
3326,没有任何评价...
3330,没有任何评价...
3332,没有任何评价...
3333,没有任何评价...
3335,没有任何评价...
3336,没有任何评价...
3337,没有任何评价...
3338,没有任何评价...
3339,没有任何评价...
3340,没有任何评价...
3342,没有任何评价...
3343,没有任何评价...
3344,没有任何评价...
3345,没有任何评价...
3347,没有任何评价...
3348,没有任何评价...
3350,没有任何评价...
3351,没有任何评价...
3352,没有任何评价...
3353,没有任何评价...
3354,没有任何评价...
3355,没有任何评价...
3356,没有任何评价...
3357,没有任何评价...
3358,没有任何评价...
3359,没有任何评价...
3360,没有任何评价...
3361,没有任何评价...
3362,没有任何评价...
3363,没有任何评价...
3367,没有任何评价...
3370,没有任何评价...
3371,没有任何评价...
3372,没有任何评价...
3374,没有任何评价...
3375,没有任何评价...
3376,没有任何评价...
3377,没有任何评价...
3379,没有任何评价...
3381,没有任何评价...
3383,没有任何评价...
3384,没有任何评价...
3386,没有任何评价...
3387,没有任何评价...
3388,没有任何评价...
3389,没有任何评价...
3390,没有任何评价...
3392,没有任何评价...
3393,没有任何评价...
3394,没有任何评价...
3395,没有任何评价...
3396,没有任何评价...
3397,没有任何评价...
3398,没有任何评价...
3401,没有任何评价...
3403,没有任何评价...
3404,没有任何评价...
3406,没有任何评价...
3409,没有任何评价...
3410,没有任何评价...
3411,没有任何评价...
3413,没有任何评价...
3415,没有任何评价...
3416,没有任何评价...
3419,没有任何评价...
3420,没有任何评价...
3421,没有任何评价...
3422,没有任何评价...
3423,没有任何评价...
3424,没有任何评价...
3426,没有任何评价...
3427,没有任何评价...
3431,没有任何评价...
3432,没有任何评价...
3433,没有任何评价...
3434,没有任何评价...
3435,没有任何评价...
3436,没有任何评价...
3437,没有任何评价...
3438,没有任何评价...
3439,没有任何评价...
3441,没有任何评价...
3442,没有任何评价...
3443,没有任何评价...
3444,没有任何评价...
3445,没有任何评价...
3446,没有任何评价...
3447,没有任何评价...
3448,没有任何评价...
3449,没有任何评价...
3450,没有任何评价...
3451,没有任何评价...
3452,没有任何评价...
3453,没有任何评价...
3456,没有任何评价...
3458,没有任何评价...
3459,没有任何评价...
3460,没有任何评价...
3463,没有任何评价...
3464,没有任何评价...
3465,没有任何评价...
3467,没有任何评价...
3468,没有任何评价...
3469,没有任何评价...
3470,没有任何评价...
3472,同一单位多处相似漏洞
3474,没有任何评价...
3476,没有任何评价...
3477,getshell请白帽子说明利用方法
3479,没有任何评价...
3480,没有任何评价...
3481,没有任何评价...
3482,没有任何评价...
3483,没有任何评价...
3486,没有任何评价...
3487,没有任何评价...
3493,没有任何评价...
3495,没有任何评价...
3497,没有任何评价...
3498,没有任何评价...
3499,没有任何评价...
3500,请说明管理员密码是如何泄露的
3501,没有任何评价...
3503,没有任何评价...
3504,没有任何评价...
3505,没有任何评价...
3506,没有任何评价...
3507,没有任何评价...
3508,没有任何评价...
3510,没有任何评价...
3511,请顺便提交一下源码泄露
3513,没有任何评价...
3514,没有任何评价...
3515,没有任何评价...
3516,没有任何评价...
3517,没有任何评价...
3518,没有任何评价...
3519,没有任何评价...
3520,没有任何评价...
3521,没有任何评价...
3522,没有任何评价...
3523,没有任何评价...
3524,没有任何评价...
3526,没有任何评价...
3527,没有任何评价...
3528,没有任何评价...
3529,没有任何评价...
3530,没有任何评价...
3531,没有任何评价...
3533,没有任何评价...
3534,没有任何评价...
3535,没有任何评价...
3536,漏洞重复
3537,没有任何评价...
3538,没有任何评价...
3540,没有任何评价...
3541,没有任何评价...
3542,没有任何评价...
3543,没有任何评价...
3544,没有任何评价...
3545,没有任何评价...
3546,没有任何评价...
3547,没有任何评价...
3548,没有任何评价...
3549,没有任何评价...
3550,没有任何评价...
3551,没有任何评价...
3552,没有任何评价...
3553,没有任何评价...
3554,没有任何评价...
3555,没有任何评价...
3556,没有任何评价...
3557,没有任何评价...
3558,没有任何评价...
3559,没有任何评价...
3560,没有任何评价...
3561,没有任何评价...
3562,没有任何评价...
3563,没有任何评价...
3564,没有任何评价...
3565,没有任何评价...
3566,没有任何评价...
3567,没有任何评价...
3571,没有任何评价...
3572,没有任何评价...
3575,没有任何评价...
3576,没有任何评价...
3577,没有任何评价...
3578,没有任何评价...
3581,没有任何评价...
3582,没有任何评价...
3585,没有任何评价...
3586,没有任何评价...
3588,没有任何评价...
3590,没有任何评价...
3591,没有任何评价...
3594,没有任何评价...
3595,没有任何评价...
3598,没有任何评价...
3601,没有任何评价...
3602,没有任何评价...
3604,没有任何评价...
3605,没有任何评价...
3607,没有任何评价...
3608,没有任何评价...
3609,没有任何评价...
3610,没有任何评价...
3611,没有任何评价...
3612,没有任何评价...
3613,没有任何评价...
3615,没有任何评价...
3616,没有任何评价...
3617,没有任何评价...
3619,没有任何评价...
3621,没有任何评价...
3623,没有任何评价...
3625,没有任何评价...
3626,没有任何评价...
3627,没有任何评价...
3628,没有任何评价...
3629,没有任何评价...
3630,没有任何评价...
3631,没有任何评价...
3632,没有任何评价...
3633,没有任何评价...
3634,没有任何评价...
3635,没有任何评价...
3636,没有任何评价...
3637,没有任何评价...
3638,没有任何评价...
3639,没有任何评价...
3640,没有任何评价...
3641,没有任何评价...
3642,没有任何评价...
3644,没有任何评价...
3645,没有任何评价...
3646,没有任何评价...
3647,没有任何评价...
3650,没有任何评价...
3651,没有任何评价...
3652,没有任何评价...
3653,没有任何评价...
3654,没有任何评价...
3655,没有任何评价...
3656,没有任何评价...
3657,没有任何评价...
3659,没有任何评价...
3660,没有任何评价...
3661,没有任何评价...
3662,没有任何评价...
3663,没有任何评价...
3664,没有任何评价...
3667,没有任何评价...
3668,没有任何评价...
3669,没有任何评价...
3670,没有任何评价...
3672,没有任何评价...
3673,没有任何评价...
3674,没有任何评价...
3675,没有任何评价...
3676,没有任何评价...
3677,没有任何评价...
3678,没有任何评价...
3683,没有任何评价...
3685,没有任何评价...
3686,没有任何评价...
3692,没有任何评价...
3693,没有任何评价...
3695,没有任何评价...
3697,没有任何评价...
3698,没有任何评价...
3700,没有任何评价...
3702,没有任何评价...
3704,无法获取数据
3706,没有任何评价...
3707,没有任何评价...
3708,没有任何评价...
3709,没有任何评价...
3711,没有任何评价...
3713,没有任何评价...
3715,没有任何评价...
3716,没有任何评价...
3717,没有任何评价...
3718,没有任何评价...
3719,没有任何评价...
3722,没有任何评价...
3723,没有任何评价...
3724,没有任何评价...
3727,没有任何评价...
3728,没有任何评价...
3735,没有任何评价...
3736,没有任何评价...
3737,没有任何评价...
3739,没有任何评价...
3741,没有任何评价...
3743,没有任何评价...
3744,没有任何评价...
3745,没有任何评价...
3746,没有任何评价...
3747,没有任何评价...
3748,没有任何评价...
3749,危害性不高
3750,没有任何评价...
3751,没有任何评价...
3753,没有任何评价...
3755,没有任何评价...
3756,没有任何评价...
3757,没有任何评价...
3758,没有任何评价...
3759,没有任何评价...
3762,没有任何评价...
3763,没有任何评价...
3764,没有任何评价...
3765,没有任何评价...
3766,没有任何评价...
3768,没有任何评价...
3769,没有任何评价...
3770,没有任何评价...
3772,没有任何评价...
3773,没有任何评价...
3774,没有任何评价...
3775,没有任何评价...
3776,没有任何评价...
3777,没有任何评价...
3778,没有任何评价...
3779,没有任何评价...
3781,没有任何评价...
3782,没有任何评价...
3783,没有任何评价...
3784,没有任何评价...
3785,没有任何评价...
3786,没有任何评价...
3787,没有任何评价...
3789,已经被管理员发现修改，无法验证此漏洞。
3790,没有任何评价...
3792,没有任何评价...
3793,没有任何评价...
3794,没有任何评价...
3796,没有任何评价...
3797,没有任何评价...
3798,没有任何评价...
3799,没有任何评价...
3800,没有任何评价...
3803,没有任何评价...
3804,没有任何评价...
3806,没有任何评价...
3807,没有任何评价...
3808,没有任何评价...
3809,没有任何评价...
3810,没有任何评价...
3811,没有任何评价...
3812,没有任何评价...
3813,没有任何评价...
3814,没有任何评价...
3815,没有任何评价...
3816,没有任何评价...
3817,没有任何评价...
3820,没有任何评价...
3822,没有任何评价...
3823,没有任何评价...
3824,没有任何评价...
3827,没有任何评价...
3829,没有任何评价...
3831,没有任何评价...
3832,没有任何评价...
3834,没有任何评价...
3835,没有任何评价...
3836,没有任何评价...
3837,没有任何评价...
3839,没有任何评价...
3840,没有任何评价...
3841,没有任何评价...
3844,没有任何评价...
3845,没有任何评价...
3846,没有任何评价...
3847,没有任何评价...
3848,没有任何评价...
3849,没有任何评价...
3850,没有任何评价...
3851,没有任何评价...
3853,没有任何评价...
3854,没有任何评价...
3855,没有任何评价...
3856,没有任何评价...
3857,没有任何评价...
3858,没有任何评价...
3859,没有任何评价...
3860,没有任何评价...
3861,没有任何评价...
3863,没有任何评价...
3864,没有任何评价...
3865,没有任何评价...
3866,没有任何评价...
3867,没有任何评价...
3868,没有任何评价...
3869,没有任何评价...
3870,没有任何评价...
3871,没有任何评价...
3872,没有任何评价...
3873,没有任何评价...
3874,没有任何评价...
3877,没有任何评价...
3878,没有任何评价...
3879,没有任何评价...
3884,没法验证是否有效
3885,没有任何评价...
3887,没有任何评价...
3888,没有任何评价...
3889,没有任何评价...
3890,没有任何评价...
3891,没有任何评价...
3894,没有任何评价...
3895,没有任何评价...
3897,没有任何评价...
3899,没有任何评价...
3900,没有任何评价...
3901,没有任何评价...
3902,没有任何评价...
3903,没有任何评价...
3904,没有任何评价...
3905,没有任何评价...
3906,没有任何评价...
3908,没有任何评价...
3911,没有任何评价...
3912,没有任何评价...
3913,没有任何评价...
3914,没有任何评价...
3915,没有任何评价...
3916,没有任何评价...
3917,没有任何评价...
3919,没有任何评价...
3921,没有任何评价...
3924,没有任何评价...
3926,没有任何评价...
3927,没有任何评价...
3929,没有任何评价...
3930,没有任何评价...
3931,没有任何评价...
3932,没有任何评价...
3934,没有任何评价...
3938,没有任何评价...
3939,没有任何评价...
3942,没有任何评价...
3943,没有任何评价...
3945,没有任何评价...
3946,没有任何评价...
3947,没有任何评价...
3948,没有任何评价...
3950,没有任何评价...
3951,没有任何评价...
3952,没有任何评价...
3953,没有任何评价...
3954,没有任何评价...
3955,没有任何评价...
3956,没有任何评价...
3957,没有任何评价...
3958,没有任何评价...
3959,没有任何评价...
3960,没有任何评价...
3961,没有任何评价...
3963,没有任何评价...
3964,没有任何评价...
3965,没有任何评价...
3973,没有任何评价...
3974,没有任何评价...
3975,没有任何评价...
3976,没有任何评价...
3977,没有任何评价...
3978,没有任何评价...
3979,没有任何评价...
3980,没有任何评价...
3981,没有任何评价...
3982,没有任何评价...
3983,没有任何评价...
3984,没有任何评价...
3985,没有任何评价...
3986,没有任何评价...
3987,漏洞真实存在，但因为各种问题（如WAF），白帽子无法说明利用方法的
3989,没有任何评价...
3990,没有任何评价...
3991,没有任何评价...
3992,没有任何评价...
3993,没有任何评价...
3995,没有任何评价...
3996,没有任何评价...
3997,没有任何评价...
3998,同一单位多处相似漏洞
3999,同一单位多处相似漏洞
4000,同一单位多处相似漏洞
4001,同一单位多处相似漏洞
4002,同一单位多处相似漏洞
4003,同一单位多处相似漏洞
4004,没有任何评价...
4005,没有任何评价...
4006,没有任何评价...
4008,没有任何评价...
4009,没有任何评价...
4010,没有任何评价...
4011,没有任何评价...
4012,没有任何评价...
4013,没有任何评价...
4014,没有任何评价...
4015,没有任何评价...
4016,没有任何评价...
4017,没有任何评价...
4018,没有任何评价...
4019,没有任何评价...
4020,没有任何评价...
4022,没有任何评价...
4025,没有任何评价...
4026,没有任何评价...
4027,没有任何评价...
4031,没有任何评价...
4032,没有任何评价...
4034,没有任何评价...
4035,没有任何评价...
4036,没有任何评价...
4039,没有任何评价...
4043,没有任何评价...
4044,那不是明文密码
4045,没有任何评价...
4046,没有任何评价...
4047,没有任何评价...
4049,没有任何评价...
4050,没有任何评价...
4051,没有任何评价...
4052,没有任何评价...
4053,没有任何评价...
4054,没有任何评价...
4055,没有任何评价...
4056,没有任何评价...
4057,没有任何评价...
4058,没有任何评价...
4060,没有任何评价...
4062,没有任何评价...
4065,没有任何评价...
4066,没有任何评价...
4067,没有任何评价...
4068,没有任何评价...
4070,没有任何评价...
4072,没有任何评价...
4073,没有任何评价...
4075,没有任何评价...
4076,没有任何评价...
4077,没有任何评价...
4078,没有任何评价...
4079,没有任何评价...
4080,没有任何评价...
4081,没有任何评价...
4082,没有任何评价...
4083,没有任何评价...
4084,没有任何评价...
4085,没有任何评价...
4086,没有任何评价...
4089,没有任何评价...
4090,没有任何评价...
4091,没有任何评价...
4092,没有任何评价...
4094,没有任何评价...
4095,没有任何评价...
4097,没有任何评价...
4099,没有任何评价...
4100,没有任何评价...
4102,没有任何评价...
4103,没有任何评价...
4104,没有任何评价...
4106,没有任何评价...
4109,没有任何评价...
4112,没有任何评价...
4114,没有任何评价...
4115,没有任何评价...
4116,没有任何评价...
4117,没有任何评价...
4119,没有任何评价...
4121,没有任何评价...
4122,没有任何评价...
4123,没有任何评价...
4125,没有任何评价...
4126,没有任何评价...
4127,没有任何评价...
4128,没有任何评价...
4129,没有任何评价...
4131,没有任何评价...
4133,没有任何评价...
4135,多处getshell
4136,没有任何评价...
4138,没有任何评价...
4139,没有任何评价...
4140,没有任何评价...
4141,没有任何评价...
4143,没有任何评价...
4144,没有任何评价...
4149,没有任何评价...
4150,没有任何评价...
4152,没有任何评价...
4153,没有任何评价...
4154,没有任何评价...
4155,没有任何评价...
4157,没有任何评价...
4160,没有任何评价...
4161,同一单位多处相似漏洞
4162,没有任何评价...
4163,没有任何评价...
4164,没有任何评价...
4167,没有任何评价...
4169,没有任何评价...
4170,没有任何评价...
4171,没有任何评价...
4172,没有任何评价...
4173,没有任何评价...
4174,没有任何评价...
4175,没有任何评价...
4178,没有任何评价...
4180,没有任何评价...
4181,没有任何评价...
4183,没有任何评价...
4184,没有任何评价...
4185,没有任何评价...
4186,没有任何评价...
4188,没有任何评价...
4189,没有任何评价...
4190,没有任何评价...
4191,没有任何评价...
4195,没有任何评价...
4196,没有任何评价...
4198,没有任何评价...
4201,没有任何评价...
4203,没有任何评价...
4205,没有任何评价...
4206,没有任何评价...
4209,没有任何评价...
4210,没有任何评价...
4211,没有任何评价...
4213,没有任何评价...
4214,没有任何评价...
4215,没有任何评价...
4216,没有任何评价...
4218,没有任何评价...
4219,没有任何评价...
4220,没有任何评价...
4221,没有任何评价...
4223,没有任何评价...
4225,没有任何评价...
4226,没有任何评价...
4227,没有任何评价...
4228,没有任何评价...
4230,没有任何评价...
4232,没有任何评价...
4233,没有任何评价...
4234,没有任何评价...
4235,没有任何评价...
4237,没有任何评价...
4238,没有任何评价...
4240,没有任何评价...
4241,没有任何评价...
4243,没有任何评价...
4244,没有任何评价...
4246,没有任何评价...
4247,同一单位多处相似漏洞
4248,没有任何评价...
4250,没有任何评价...
4251,没有任何评价...
4252,没有任何评价...
4253,没有任何评价...
4254,没有任何评价...
4255,没有任何评价...
4256,没有任何评价...
4257,没有任何评价...
4259,没有任何评价...
4260,没有任何评价...
4262,没有任何评价...
4263,没有任何评价...
4264,没有任何评价...
4266,没有任何评价...
4267,没有任何评价...
4269,没有任何评价...
4270,没有任何评价...
4272,没有任何评价...
4273,没有任何评价...
4276,没有任何评价...
4277,没有任何评价...
4280,没有任何评价...
4281,没有任何评价...
4282,没有任何评价...
4283,没有任何评价...
4284,没有任何评价...
4286,没有任何评价...
4287,没有任何评价...
4288,没有任何评价...
4291,没有任何评价...
4293,没有任何评价...
4294,没有任何评价...
4295,没有任何评价...
4296,没有任何评价...
4297,没有任何评价...
4298,没有任何评价...
4299,没有任何评价...
4300,没有任何评价...
4301,没有任何评价...
4304,没有任何评价...
4306,没有任何评价...
4307,没有任何评价...
4308,没有任何评价...
4312,没有任何评价...
4313,没有任何评价...
4314,没有任何评价...
4315,没有任何评价...
4316,没有任何评价...
4317,没有任何评价...
4319,没有任何评价...
4321,没有任何评价...
4322,没有任何评价...
4323,没有任何评价...
4324,没有任何评价...
4325,没有任何评价...
4326,没有任何评价...
4328,没有任何评价...
4329,没有任何评价...
4332,没有任何评价...
4334,没有任何评价...
4335,没有任何评价...
4337,没有任何评价...
4338,没有任何评价...
4339,没有任何评价...
4340,没有任何评价...
4341,没有任何评价...
4342,没有任何评价...
4343,没有任何评价...
4344,没有任何评价...
4345,没有任何评价...
4346,没有任何评价...
4347,没有任何评价...
4348,没有任何评价...
4349,没有任何评价...
4350,没有任何评价...
4352,没有任何评价...
4354,没有图
4355,没有任何评价...
4357,没有任何评价...
4358,没有任何评价...
4359,没有任何评价...
4360,没有任何评价...
4363,多处相似
4369,没有任何评价...
4370,没有任何评价...
4380,请打包提交
4381,请打包提交
4382,请打包提交
4383,请打包提交
4386,没有任何评价...
4387,没有任何评价...
4389,没有任何评价...
4390,没有任何评价...
4395,没有任何评价...
4399,没有任何评价...
4402,没有任何评价...
4403,没有任何评价...
4404,没有任何评价...
4405,没有任何评价...
4406,没有任何评价...
4407,相似漏洞
4408,没有任何评价...
4410,没有任何评价...
4411,没有任何评价...
4412,没有任何评价...
4413,没有任何评价...
4414,没有任何评价...
4415,没有任何评价...
4416,没有任何评价...
4417,没有任何评价...
4419,没有任何评价...
4420,没有任何评价...
4421,没有任何评价...
4422,没有任何评价...
4424,没有任何评价...
4426,没有任何评价...
4427,没有任何评价...
4428,没有任何评价...
4429,没有任何评价...
4430,没有任何评价...
4431,没有任何评价...
4432,没有任何评价...
4433,没有任何评价...
4434,没有任何评价...
4435,没有任何评价...
4436,没有任何评价...
4437,没有任何评价...
4438,没有任何评价...
4439,没有任何评价...
4440,没有任何评价...
4441,没有任何评价...
4443,没有任何评价...
4444,没有任何评价...
4445,没有任何评价...
4446,漏洞有一部分已重复
4447,没有任何评价...
4449,没有任何评价...
4450,没有任何评价...
4451,没有任何评价...
4452,没有任何评价...
4453,没有任何评价...
4454,没有任何评价...
4455,没有任何评价...
4456,没有任何评价...
4458,没有任何评价...
4459,没有任何评价...
4460,没有任何评价...
4461,没有任何评价...
4462,没有任何评价...
4463,没有任何评价...
4464,没有任何评价...
4466,没有任何评价...
4468,没有任何评价...
4469,没有任何评价...
4470,没有任何评价...
4471,没有任何评价...
4472,没有任何评价...
4474,没有任何评价...
4475,没有任何评价...
4476,没有任何评价...
4477,没有任何评价...
4478,没有任何评价...
4479,没有任何评价...
4480,没有任何评价...
4481,没有任何评价...
4482,没有任何评价...
4483,没有任何评价...
4484,没有任何评价...
4485,没有任何评价...
4487,没有任何评价...
4489,没有任何评价...
4490,没有任何评价...
4492,没有任何评价...
4494,没有任何评价...
4495,没有任何评价...
4496,这个0day看着我很尴尬， 网上找了几个目标没一个成功
4497,没有任何评价...
4498,没有任何评价...
4499,没有任何评价...
4500,没有任何评价...
4501,没有任何评价...
4502,没有任何评价...
4504,没有任何评价...
4505,没有任何评价...
4506,没有任何评价...
4507,没有任何评价...
4508,没有任何评价...
4509,没有任何评价...
4511,没有任何评价...
4512,没有任何评价...
4513,没有任何评价...
4515,没有任何评价...
4516,没有任何评价...
4517,没有任何评价...
4518,没有任何评价...
4520,没有任何评价...
4521,没有任何评价...
4522,没有任何评价...
4524,没有任何评价...
4525,注入存在 但不能getshell
4526,没有任何评价...
4527,注入给分
4528,没有任何评价...
4529,没有任何评价...
4530,没有任何评价...
4531,没有任何评价...
4533,无法复现 ( 更正
4534,没有任何评价...
4536,没有任何评价...
4537,没有任何评价...
4539,没有任何评价...
4540,没有任何评价...
4542,没有任何评价...
4543,没有任何评价...
4545,没有任何评价...
4547,没有任何评价...
4549,没有任何评价...
4551,没有任何评价...
4552,没有任何评价...
4553,没有任何评价...
4554,没有任何评价...
4556,没有任何评价...
4560,没有任何评价...
4561,没有任何评价...
4562,没有任何评价...
4563,没有任何评价...
4564,没有任何评价...
4565,部份重复
4566,信息太少
4568,没有任何评价...
4570,没有任何评价...
4571,没有任何评价...
4573,注意提交规范
4574,注意提交规范
4575,注意提交规范
4577,没有任何评价...
4578,没有任何评价...
4580,没有任何评价...
4582,没有任何评价...
4584,没有任何评价...
4585,没有任何评价...
4586,没有任何评价...
4589,没有任何评价...
4592,没有任何评价...
4594,没有任何评价...
4597,没有任何评价...
4598,没有任何评价...
4599,没有任何评价...
4600,没有任何评价...
4601,没有任何评价...
4605,没有任何评价...
4606,没有任何评价...
4607,没有任何评价...
4608,没有任何评价...
4609,注意规范
4610,没有任何评价...
4612,没有任何评价...
4614,没有任何评价...
4617,没有任何评价...
4618,没有任何评价...
4619,没有任何评价...
4620,没有任何评价...
4622,没有任何评价...
4623,没有任何评价...
4624,没有任何评价...
4625,没有任何评价...
4626,没有任何评价...
4627,没有任何评价...
4628,没有任何评价...
4629,没有任何评价...
4630,没有任何评价...
4632,没有任何评价...
4633,没有任何评价...
4634,没有任何评价...
4635,没有任何评价...
4643,没有任何评价...
4647,没有任何评价...
4651,没有任何评价...
4654,没有任何评价...
4660,没有任何评价...
4663,没有任何评价...
4664,没有任何评价...
4665,没有任何评价...
4666,同一单位多处相似漏洞
4667,没有任何评价...
4668,同一单位多处相似漏洞
4669,没有任何评价...
4670,没有任何评价...
4672,没有任何评价...
4673,没有任何评价...
4674,没有任何评价...
4675,没有任何评价...
4676,没有任何评价...
4677,没有任何评价...
4678,没有任何评价...
4679,同一单位多处相似漏洞
4682,没有任何评价...
4683,同一单位多处相似漏洞
4684,没有任何评价...
4685,没有任何评价...
4687,没有任何评价...
4689,没有任何评价...
4690,没有任何评价...
4691,没有任何评价...
4692,没有任何评价...
4693,没有任何评价...
4694,没有任何评价...
4695,没有任何评价...
4696,没有任何评价...
4697,没有任何评价...
4699,没有任何评价...
4700,没有任何评价...
4701,没有任何评价...
4702,没有任何评价...
4703,没有任何评价...
4704,没有任何评价...
4706,没有任何评价...
4707,没有任何评价...
4708,没有任何评价...
4709,没有任何评价...
4710,没有任何评价...
4711,没有任何评价...
4712,没有任何评价...
4713,没有任何评价...
5058,没有任何评价...
5059,没有任何评价...
5060,没有任何评价...
5061,没有任何评价...
5062,没有任何评价...
5065,没有任何评价...
5067,没有任何评价...
5069,没有任何评价...
5070,没有任何评价...
5071,没有任何评价...
5072,没有任何评价...
5073,没有任何评价...
5075,没有任何评价...
5079,没有任何评价...
5080,没有任何评价...
5081,没有任何评价...
5083,没有任何评价...
5084,没有任何评价...
5085,没有任何评价...
5086,没有任何评价...
5091,没有任何评价...
5092,没有任何评价...
5094,没有任何评价...
5096,没有任何评价...
5097,没有任何评价...
5098,没有任何评价...
5099,没有任何评价...
5100,没有任何评价...
5101,没有任何评价...
5102,没有任何评价...
5103,没有任何评价...
5104,没有任何评价...
5105,没有任何评价...
5106,没有任何评价...
5107,没有任何评价...
5108,没有任何评价...
5109,没有任何评价...
5110,没有任何评价...
5111,没有任何评价...
5112,没有任何评价...
5113,没有任何评价...
5114,没有任何评价...
5115,没有任何评价...
5116,不好利用吧
5117,没有任何评价...
5119,没有任何评价...
5120,没有任何评价...
5121,没有任何评价...
5122,没有任何评价...
5123,没有任何评价...
5124,没有任何评价...
5125,没有任何评价...
5126,没有任何评价...
5127,没有任何评价...
5128,没有任何评价...
5129,没有任何评价...
5130,没有任何评价...
5131,没有任何评价...
5132,无危害
5133,没有任何评价...
5135,没有任何评价...
5136,没有任何评价...
5137,没有任何评价...
5138,没有任何评价...
5140,没有任何评价...
5141,没有任何评价...
5143,没有任何评价...
5144,没有任何评价...
5145,没有任何评价...
5146,没有任何评价...
5148,没有任何评价...
5149,没有任何评价...
5150,没有任何评价...
5151,没有任何评价...
5152,没有任何评价...
5153,没有任何评价...
5154,没有任何评价...
5155,没有任何评价...
5156,没有任何评价...
5157,没有任何评价...
5158,没有任何评价...
5159,没有任何评价...
5160,没有任何评价...
5162,没有任何评价...
5163,没有任何评价...
5165,没有任何评价...
5166,没有任何评价...
5168,没有任何评价...
5169,没有任何评价...
5170,没有任何评价...
5171,没有任何评价...
5172,没有任何评价...
5174,没有任何评价...
5176,没有任何评价...
5177,没有任何评价...
5178,没有任何评价...
5179,没有任何评价...
5181,没有任何评价...
5182,没有任何评价...
5183,没有任何评价...
5184,没有任何评价...
5186,没有任何评价...
5188,没有任何评价...
5190,没有任何评价...
5191,没有任何评价...
5192,没有任何评价...
5193,没有任何评价...
5194,没有任何评价...
5195,没有任何评价...
5196,没有任何评价...
5198,没有任何评价...
5199,没有任何评价...
5200,没有任何评价...
5201,没有任何评价...
5202,没有任何评价...
5203,没有任何评价...
5204,没有任何评价...
5205,没有任何评价...
5206,没有任何评价...
5207,没有任何评价...
5208,没有任何评价...
5209,没有任何评价...
5210,没有任何评价...
5211,没有任何评价...
5212,没有任何评价...
5213,没有任何评价...
5214,没有任何评价...
5215,没有任何评价...
5216,没有任何评价...
5218,没有任何评价...
5219,没有任何评价...
5220,没有任何评价...
5221,没有任何评价...
5222,没有任何评价...
5224,没有任何评价...
5225,没有任何评价...
5226,没有任何评价...
5227,没有任何评价...
5228,没有任何评价...
5229,没有任何评价...
5230,没有任何评价...
5231,没有任何评价...
5232,没有任何评价...
5233,没有任何评价...
5234,没有任何评价...
5235,没有任何评价...
5236,没有任何评价...
5237,没有任何评价...
5238,没有任何评价...
5239,没有任何评价...
5240,没有任何评价...
5242,没有任何评价...
5243,没有任何评价...
5245,最好可以打包提交
5247,没有任何评价...
5248,没有任何评价...
5250,没有任何评价...
5251,没有任何评价...
5253,没有任何评价...
5254,没有任何评价...
5255,没有任何评价...
5256,没有任何评价...
5257,没有任何评价...
5259,没有任何评价...
5265,没有任何评价...
5266,没有任何评价...
5267,没有任何评价...
5269,没有任何评价...
5270,没有任何评价...
5272,没有任何评价...
5273,没有任何评价...
5274,没有任何评价...
